:020000042022B8
:100000006F000010104E010000012220000122208C
:100010000001222000012220000122200000000017
:1000200000000000000000000000000000000000D0
:1000300000000000000000000000000000000000C0
:1000400000000000000000000000000000000000B0
:1000500000000000000000000000000000000000A0
:100060000000000000000000000000000000000090
:100070000000000000000000000000000000000080
:100080000000000000000000000000000000000070
:100090000000000000000000000000000000000060
:1000A0000000000000000000000000000000000050
:1000B0000000000000000000000000000000000040
:1000C0000000000000000000000000000000000030
:1000D000FFFFFFFF424F4F54204D4F44452031203A
:1000E00044554D4D5920534249430000FFFFFFFF47
:1000F0000000000000000000000000000000000000
:10010000970200009382822E7390523081400F102C
:100110000000814101410142814201438143014488
:10012000814481460147814701488148014981490D
:10013000014A814A014B814B014C814C014D814D5B
:10014000014E814E014F814F735000340145970598
:10015000DEE09385250C88E1174CDEDF130C8CEA7A
:10016000732540F11702DEE71302C2E91302F2031E
:10017000137202FC85453306AC0232921741DEDF72
:10018000130141E81291731040307310403401C9DB
:100190009705DEE09385050888617DD911A4970055
:1001A0000000E780603397000000E780C03105451C
:1001B00097000000E780003497300100E78020A618
:1001C00097000000E780602E97000000E780A024E1
:1001D00097300100E780E09D97400100E78040D321
:1001E0001705DEE013050551F1659B8505200D46D9
:1001F0001705DEE01305054997400100E780002060
:100200001705DEE01305054197400100E780001F58
:100210001705DEE01305053997400100E780001E51
:100220001705DEE01305053197400100E780001D4A
:100230001705DEE01305054C97400100E780001C20
:100240001B05000097400100E78040C79705DEE0EE
:10025000938545EB97400100E780804D170500002E
:100260001305452C4C410946638DC5061B0500004E
:1002700097400100E78080C49705DEE09385F5ECA8
:1002800097400100E780C04A1B050000974001002D
:10029000E780C0C29705DEE0938515F09740010026
:1002A000E7800049D5B71B05000097400100E780B3
:1002B000E0C09705DEE0938555E997400100E780AF
:1002C000204701A01B05000097400100E78000BF08
:1002D0009705DEE0938575E797400100E78040458C
:1002E00001A0147110652A9608759702E6E99382B9
:1002F00062D11703DEE91303E3D0B3826240E3E483
:10030000A2FA9705DEE09385E5EF88E11705DEE9BF
:10031000130545CF97400100E78060A845F509A087
:1003200097200100E780C07E8545630AB502170566
:10033000DEE01305253C9705DEE0938515E1974047
:100340000100E780E03E1705DEE01305A53A97407F
:100350000100E78080421375050475D501A01B05D7
:10036000000097400100E78060B59705DEE09385C7
:1003700045DD97400100E780A03B1B05000097404A
:100380000100E780A0B397400100E780003F1375AC
:10039000050465D505459705DEE09385A5E788E169
:1003A0000F100000010001009700DEE9E78080C522
:1003B0001705DEE9130505C57310153473104030B9
:1003C000732500301375F5F7F9759B85F57F6D8DF5
:1003D00089659B8505804D8D73100530732540F12F
:1003E000814573002030010001A0130000000000CF
:1003F0006306B500233005002105DDBF82806389D7
:10040000A5006387C500146194E12105A105D5BF4E
:100410008280411106E4175501001305A592970546
:10042000DEE0938525BE1706DEE01306A6BE970024
:100430000000E78000FD175501001305A5949705FE
:10044000DEE0938525CC1706DEE01306A6E49700D0
:100450000000E78000FB1705DEE01305A5E6970521
:10046000DEE0938525E897000000E780A0F81705F7
:10047000DEE0130525E99705DEE09385A56EA26011
:100480004101170300006700E3F68147630CF600A3
:100490003387F500834607003307F50085072300FF
:1004A000D700EDB78280611106C097200100E78078
:1004B000A07682402101AA871707DEE9130787B4D7
:1004C00015A01707DEE71307E7B39707FCE7938745
:1004D00067B309A81707DEE01307C7B29727DEE066
:1004E000938747B2233007002107E34DF7FE828050
:1004F0004605B707000A3E956301F50294639387AA
:100500000704E39DA7FEB707000AB706010223B060
:10051000F62093870704E39CA7FE82801300000067
:1005200055838BC002000000700000000000000036
:10053000CDEE39E2A65E49FBDAC495680000000002
:10054000D724010000000000C05402000000000099
:10055000000000000000000000000000000000009B
:10056000000000000000000000000000000000008B
:10057000000000000000000000000000000000007B
:10058000000000000000000000000000000000006B
:1005900078DAACBD7D5854D51630BECF993967187E
:1005A000020507183FB0904FE576BD24202ACA0BFC
:1005B000CA3042C6356F40FA56173D7CF859EA48B2
:1005C000A6C58D8F398C839AE8800389859498DC41
:1005D0009B17229DB20C4C91B432EBA66637BBC878
:1005E000F0A18686C18818C8BBF639FBCC20C4F3BD
:1005F000FCFEF8F93C2EE69CBDCEDA7BAFB3D6DA32
:100600006BAFBDF63E66849029072133FCEDC8C967
:10061000F156375148A530FC277F8D82512F427704
:10062000552E8B1EE802A2EFA857C8908ACEBBA316
:10063000A27F93A936D2FDBC2694FD17CD2DCD52B5
:10064000CED8A38E013CEAE4EFE376AB691AB07C26
:10065000B5FC026A81CE2D3A04FE8789F75A347CB4
:10066000669DE1101DB547E74687618AAE8D6A0534
:1006700082BA9A18B1EE0A996E311A3F254EE716E2
:1006800007CFB121BF46D7A6EAD062375B3DC1F3A1
:1006900012F17C28C00961435E8A9EF2AACE2D2504
:1006A000A43B687188D5BBF7415E8E0ACAC527286E
:1006B000A41B4787F9852D9177FBA210D3771F20C4
:1006C000D36F3390E9F3198833D0A88E863E5279E0
:1006D000B7A75588BF726F7B5DCF9F9127F7EAC19F
:1006E0004F75FBBA8579B5E0E7BCDAE99B6CEB980E
:1006F000CE715D13EF3DDA5FD95CD55A7DFD48E7D9
:10070000075DC77A8EDFFBAC7FFEB5B8B6841B8968
:10071000B796DC49B62DEB7B61A0E55A7BDBCD1BA0
:10072000B76FFD76E7AEED7EDF83015D804F181574
:10073000C0691964F6A170FF3E55DE086528D41D16
:1007400080C2CC17849E3CA84C6D594E6F9CAF6BF9
:10075000D1B169556971E9EDE9ECCB552FC76D6EE3
:10076000DFECBCB27A65C2AA9BAB9CB7566F4D78E2
:10077000F5E6AB63D61E599BB8EEF6BA31FF38F2F8
:100780008FC4D76FBFBE6785AE685CD80700E9909D
:10079000CA8DF397EB904F08EEFF5837847263A829
:1007A000186A7EEE7C6A41EE022A363736378ED2E0
:1007B000E66AA985B90BA9F8DC782A2137817A3253
:1007C000F7496A51EE22EAA9DCA7A8C4DC44EAAFE3
:1007D000B97F05EE87E5E588FCE3D8A3C82F8441FF
:1007E0005398ABF579399CF120F0AD11792C2FBEDF
:1007F000368539C05C847B31EE6CABDA06DC633461
:100800008BCCF0D7C4373EA9BE0BD76CDC62F13D70
:10081000A10152BE84943FAD66695C1E40CA7F57F9
:1008200027D1B8DCDF0C7FA13C86C8C13DF17EE357
:100830007C73BA0CEE6BBEA84C8DA1D4328432917D
:10084000F5AE3908F59A0C8A1235FC05392DE6DE2D
:10085000E840E640B85770C6C46DBB8CDC16149DEA
:10086000DAAD7057583B2F8344A859901C36F03BA3
:1008700090A0072AC5A16F39793B6D56383D3019D4
:100880003A2E28DF83BB40437B41A4D9B4CB2F440D
:1008900081A628AC4F49B244FED1D20F37F1CFCB5D
:1008A0001834C869E761F773F05FE831865A0BB313
:1008B0009E52B10D634AE254E315B429652175C413
:1008C000EC57A3A0FD3E54A0A25F9820ABE7E5073C
:1008D000BCD6FB645E4E5E8EA509D1F916C3A0B7E7
:1008E0002D2F676E96AC4381CC97812386A0E7C6F7
:1008F000288E9B196DA9752C5ACCE4E5982FC1DD83
:100900008233CB8A32C6A20AE7D2D51896BF88E1D5
:100910008E8D18864634A3BA990D286B575D4417FF
:10092000EADB55F6E5EEB3BC56DD4123BFD0DE3C35
:100930004CE3805023A69E6FD1BE8E9F293B651449
:10094000EEE136C8701BB226EFB2A81740ED112DAC
:10095000C7142643EFEB5C4F07DA29E018ED4F9BF5
:100960000C995B4BD7E0E7277C59FA92F0B7A97C4A
:10097000B3484FEC95770C1FE47DF28056DD4B2198
:10098000BFB9BDC1B89FAA141EA936F78EDDA7E670
:10099000A9F98A2BBB26A5F0544CAE2ACB36F6CA51
:1009A0002E5FE6F99D54405E4E3EE88B4CEB89F697
:1009B000990DD424B582BAB24BA60D47324D000230
:1009C0007C4F1E8958A6CD59E8DB8E1877DF66B6B6
:1009D00035582FCA4D43BF4531E682C970F93637C5
:1009E000C1265731B194783FFA77467B2585DB7A6B
:1009F0008856317A720FDDD7E07BA9F85E2CB17D85
:100A00000DF722142847A5ED18AC3670BA43E85A02
:100A10004A652A9D16C5C7507939118ADFFEA25250
:100A200004B95F4DB17AB53D806768622F6D6D295D
:100A3000CF0F5CAB3F9A12C5E7E56CD910D859AD22
:100A40009FC2245C4F6C9D6E647B7CBB96347F6040
:100A500014319B7F8B540450DCCA43ECBE943EEAB5
:100A60006047A473045CDD9407EB55BCD4828AAE66
:100A70005C2DF7A2460677483B737E3DA9E5BA0E8A
:100A8000D19F28675350D63C0D9791BA1B6EC19DDC
:100A9000CC708AF6A08A128AEB0C7A54B99EDED406
:100AA00092367F55E52A7A7514AF599E9793ABB568
:100AB00059666F48E85A727D5933DBEF7B2FB027B8
:100AC000B133B9F55ACA8C42EFCFDDE382B74F2775
:100AD000AD6BE8F1FCDA89E81F6ABF98B28F8947ED
:100AE0007E3EF7D114ED3E856DB05A3F5DCFBDD847
:100AF0008B54662CC91D943A138F114DEB8F9BCBF1
:100B0000171C37E7190EC6B6AC9FBF89DED2B26A92
:100B1000FEEACAD5F49A40BE72D314A89D89ABE40C
:100B200097F1A46FB7575DC5EF96F1BFD51BC9FA12
:100B3000C79CB397A05BCBBF75F5DF50EAE753883E
:100B4000D2EBDDE3A4FB39BF682E3AC5EC539E958A
:100B5000C6A69FAA0B23E5E1948A799270A7E2EAE0
:100B60007EADF57ECAEFAA70864ABA58D7D787AC51
:100B7000F9CAFBEEFE1A0B7E9394BBAB82ED9C7E12
:100B8000A6AEB70D199B3624B5A432982301EB0904
:100B9000BDE6DBBCD6EA697B304373F5FF1BFE2F55
:100BA0003BEDF8B337605EB2FDD57AD7D8F54E810C
:100BB000FCF456D2A21B95E99C924707B5BF69B8D1
:100BC0004936C49D62D0C524CC9DCA4DD379CC93FF
:100BD000DD5AAB93AD7F20C96611A52586C152C2EF
:100BE000F60832A39F51487872C1A4584F733D87CD
:100BF000D860A38AD74BF271BEDA18C9F8534C2CCF
:100C000077FB30ADE24F93FB3E5F07C3FD3914C75E
:100C1000E1BB7679FE12CB969C484BF3B948E5616F
:100C2000141AE64F55AEF7E51D7282A58489B559B1
:100C30002877DFEB6C67A05D9BA2CF7131CC102DC4
:100C40006A3E53AD3FA9599AC4DD2DA187C87F6381
:100C500070C1498D2F7963D1DDD4AD462DC7F72002
:100C60008B02B93FF7454BEAFCB4CA34CCC5A79315
:100C70002ED6ABD40C4D99AA0D9486EAC835A91886
:100C800044833CC9624C13AC310127F355BDBD63AD
:100C90002758A7041CC0BFD004AB7BC06EF8150159
:100CA000BF9401C67C7EFB6E2B037AEF91EEBD9C58
:100CB000D1AA0AEE0ED6A97BD1B6F40FCC45CB4310
:100CC000D54D60E36D8333CCA1C7DA51DDB12A6421
:100CD0003AE685EEBC111A6E437511BD286BA7C9A3
:100CE000A246D93BF372701F035BD9CE60FD11D2CF
:100CF000CBD4DFA91B957CA02471F7DD1B9D5696F4
:100D0000AF9CBC5315EE891CADD705A1301EB4CFE6
:100D1000223727630B1CF859F98AE366D97B5A04FA
:100D20001AF82CA2BA835243A833BAC0D4D43BBB1E
:100D30008C378A57CC343FBB80FBBFCD481794EA31
:100D4000D6B72BF4E221C418F3720652AED6E76A86
:100D5000BFAE37A760EBDBF129A5D9DD54AAA39A72
:100D6000B66D0E0DAF40504B6A0C8CBF62A9E2B35A
:100D70009D60DDCC1914B6F773D5678471B5C0C416
:100D8000A0C7D4E9784C65E6B1ADE668EC553447C8
:100D900017EB66651D337BFF02A31D3C2B8BD01E1A
:100DA00077B53FCBCE561FC3CF166C35316ED3C44B
:100DB0006735B3A5677DE68565A9D89C71E5F3071E
:100DC00022F2D4B9A63A43131D65F6DE5C76CAEF6B
:100DD000084BE7E5B86BB9970FD112ADB85922AD02
:100DE00033C126A6991169F1B3245AA9B3F09B2DFA
:100DF0006BC263B72C9CFFF7078AA812E873B8C9C7
:100E00000C6FDDDD74B18312791F2A3F8AA6C69E5E
:100E10008CE51425C8DC2C4856A9FF6907AF45CDE1
:100E20004AE84AEC5C721DEB97FA63A84769FC87B5
:100E3000F92CB4C1A8CC63626312F2038C689FC121
:100E40003698A7EECB075F405E65DEA6E5C66A284A
:100E5000D042816285B1323D58EFDE28BD57742FF4
:100E60004669F59A3D203B2C979D8CE7E8D9B20462
:100E70005EC44486553B549B7AC6525FD8EF14F942
:100E8000BD17266B011DC13A2BDA34ACB773B3B66C
:100E9000FD5DBD80C23EC8C6B959BC66DB02F57FA8
:100EA000B047C22D9BBD41B4AC629B935BCD2FC0BC
:100EB0001B3C72FB6D5D60F41D2AF0039E5A48696D
:100EC000458FE6E051952CC7C9FDAF9E891CDDC456
:100ED0007E72F936E2B71FFEE68881DBD444FA93CE
:100EE0006B321518FE5CC856EFCD7FAF0078DE344C
:100EF0005DF8FDEF02C4191F93F9BDEB45D51564EC
:100F0000D2D8932377F3C722662A3F15DE346D2D9E
:100F1000BD3E5867C8A4ABCD7EEF2A94CC4226686C
:100F20007780D5BBA9AFDB3FFA0EF788933CD73F5C
:100F3000D048C5AA97414B9C9DDF3739E73895C407
:100F400073DBF5F439A8BF18ED53F40D8A32902203
:100F5000FBCE9C7FC8E064FCE67DACD982A78A16F4
:100F60001DB6FF8E7E92F1779F6655850D88764D72
:100F7000B2FB984BA26711D4873D819D4D787CCE02
:100F8000D506EBC1FB8CA3E21A358C06A445A0D193
:100F9000100C5E42031E5FF1E82A7A93BECD3A68D8
:100FA00029A311E5094D56A9E5602FB03E980C869E
:100FB0001DA06F4D0AF4F42F8CD62FA70381AF3AF2
:100FC00047B7D8678E498194F8FD85CA7B68B38599
:100FD000C27E89BAD25CBA46E7A6882C7D49E7A6CC
:100FE0008E2CD5E9DC82224B37EBDC22224B61BE12
:100FF000A08D2C7D1D660D911F713AB7CCC88F3224
:10100000756E9B233F027C43E447806F8EFC08F0A3
:101010000F457E04F896C88F00BF29F223C0BF1C7D
:10102000F903E07744FE00F8BD91E59CAE4831C776
:1010300012847CFC2A144EB8178C06F7C3F5A4D88A
:101040000F9F78738D20871E95A9A1E13CA2D354F0
:101050001A4F8431184D5E4EF806DF1B09D77EEE1D
:101060006C6F656F05B69DEFFFEEDEA59E1FBB5A48
:10107000AEDF6C7EB13FD838A36766EBF1ED9FED34
:101080002056D714ACE7E21979359F4064B9A1D452
:10109000A430A2A8EB26C55914D5695228698BEB58
:1010A000980B112EBFFD25AAD9A488A782F5A69D6D
:1010B000576FAB5C1E778FEA8A798A7B528E2AED56
:1010C000CFA23DDCB30C7AEA19CEF0C818BF8AED86
:1010D000E86AC5FC7473D7E02094AC324D6068D3E5
:1010E00015255D5976AE8CE31F71911D8C47A42C9C
:1010F000DDAFE29F086808570D2B83B773B18C935F
:10110000ECA0512AE7820B57103A39699FC8AB11FE
:10111000D793A6887C645FB469E22374026FFAD126
:1011200099164B2B5670DE47159CC6594E6711FC1D
:10113000E5DCC6F7699A3C5D91CA6DAEA62381993C
:10114000D5859CEE9FE8C7C2BC89F869550948C29D
:10115000EE8492EA37AB0D580A9EF8925758CB535B
:10116000061D3D4BD507EBAD1AE637079FA20B8254
:10117000F54A8BB544D9931BBFBBC23A891FB02E29
:1011800075EEA7D3239DA363484F965A533503D6D4
:101190008DAB7FFFAE704BBD6FA6F16D6B69C7FD68
:1011A000A48BBE199559E606613C38BB7480D3BB4D
:1011B00020BF8A1DE8666A425A759AF3AAB8AD55EF
:1011C0005BD957DBD7C4ADAD5ACBAE6BC94EE4DBB0
:1011D000B7B82EC7BEDF6BC8B72BB093EDA9266397
:1011E0004BF3B560FDE446C19713EB5B7242CBB5A0
:1011F0001DA23FD0D62AF66FE74F2D8C26FCFBEBC5
:101200007E2DD77708C5C8A591198FC94FC8BFAE25
:10121000E716B0CEB3370402C527186C6312BA665E
:10122000E8A71BB1953966043B233C9DFA5470A195
:1012300030CA8BFC5C54A7288BAE344732D528D4F7
:101240006280D94019324D64E8A45D988F4FFCCA82
:10125000DDBA2F8F341C467752B835063AB2D01813
:101260001DE95C8D049F417C7EA12D053C50AA8E1A
:1012700031A2D0826728D7374299D994C80DF4613A
:10128000AEF6618D8F123C9A3B82EF7B27E5227888
:1012900034980309D7D99E60FD8CD663840FA827A4
:1012A000D838F9866F06F61A7697933ECF0FD82F67
:1012B000FEF2F93F0B2FA898D352FDD1D2FD8A79C7
:1012C0000B4F8BFE6C023F7F95461819D87E99858F
:1012D000710BBE3E9D9FD35CC82BB5735AE94EBAC5
:1012E0008BEE11DB57D1D5B21EB7C712918FB0AFBD
:1012F00051A9A04C27141CDB8BC4B923D73F1685FA
:10130000C8F281028CBC0ABF1A9B1BCC23145D322D
:10131000EE7693B309A6A6B337A87EB84C117B33FB
:10132000ED619BFEB959F6B102718F28593C9E3987
:10133000F0149B3E37E770B3BFCA8F50D2E678B047
:101340007D1FAF8AF8403FBDB0BAF08095D7261612
:10135000D799CDE8DF113D7163911B65D662DB98AB
:101360001971D83A4123DA87D48BF911469A3F355F
:101370007F53CB7A89ABC9BC60490DD30B2AF93CAA
:10138000B3F505E6FE482B5BAEBBFABF25509A5E6F
:101390002F5A140AFE9B7B07B3A0DDD6DC386E8D76
:1013A0000DA97B07076511873C8E9BEB2C87C01F1F
:1013B0005223281F04BFC283D20E295789E52AF081
:1013C0008F42DBDA11F64EB9BB8E113FF06371C468
:1013D0000F7CDFC45C908B237EFAC7D2881FFDB1DF
:1013E00048B369ACF9EEE020F829FF55430FFDA2A0
:1013F0007AA763EEAB92B454B559A9FDE8175C1710
:10140000CCBD5F2D1D2CB6AA2D78E670E8FDD2DF8D
:10141000456E28FEACEEC077B45ACF5DD5E6D20E4D
:10142000F16ED09F8CBF88D65C7148A01982E78F7F
:1014300094FB4AC476FA5E17479054EF19B110D363
:1014400080918589CBB58F4D3E304B9AD0661FA9D0
:10145000540329D8B388E2B167F1FC86CAE6255D5A
:1014600005AD81FD09F7127BE8F3C18533F4DC1586
:101470008636C606C4F3F1BF69D63B2DC17EBC28B3
:10148000957FE65C4B684E16C0583DC2072BD3953E
:101490005F7947C37CB641F91ED1BA39C1E7AB7950
:1014A000EBDF98FEAA5436AD65D3FC2D955BE8AD15
:1014B000D3F9E5B89E1FBCA30722BC1BAC9715F758
:1014C0007FD3345A6026708941CBFB4D061EDDF870
:1014D0007D20A9CFB2744355E7B9EBE75BBF6B2E14
:1014E000E8A9EC4AEE5F76EF859E155DC1C6E9ADD1
:1014F000330A8F19C51AA2C755EBB9058C4B651A6B
:101500007D9E4F98F7E46FDAD08E1E64F252D0DCE5
:101510002516719714CE03CF3C5FC199525C25CB41
:10152000EC33965BC43857F1F6EB10B0D3CE2A46B5
:10153000B2D30DCE2A0FF0C58A028B138A554C3CCC
:10154000E52E273529B915FFA48167E29835C6B77E
:1015500004B48296C15C8DDBF82ECB3DDA2B57C9E3
:101560003D91BDDC05625A0BC399C482EF78E91E38
:10157000DA3CF95662717E9C1CED3E17CACEA1BEC4
:1015800033A81448CE3D7A97E64CED74D57A76535D
:10159000DCAAAA55ECEA96ADF35FAD7C957E2D9062
:1015A0006F4F4B074E657BAEAAB7D2BDF7ABF8F5D0
:1015B0004EF631AABD5AEF5E9FDFA84056BEED0140
:1015C000AF5857FFB047185C38DDF8815EE252F340
:1015D000208C8F710C1A48E1CA7B50F63323FD36FC
:1015E000FACC53CFE46A3ED07226338259EC848F12
:1015F00011A757824587B9E28FE6FE3ECB7AB44405
:101600001A437E8637FADAE1FE3B29D929517AEB73
:10161000FF6DBB9FF40CCCD5EE07EBD78165DBE407
:1016200044C5F9764D6FC5B68DD8F7BB95E9D45949
:101630007847E8A9246CA9B08DDAA8B13EC93C98D6
:1016400004B3116CC92BD7E7C669968BD647D683EE
:10165000AD23132B8E10BE67D623C93B6DBE54CD70
:10166000734F3108DAB8AC0B598B0D0F44BB375DA3
:1016700098C10F247D5DBF6543626BB5713A2F8EB3
:101680002F09D7A7EB45BE377757EB13C9DB8EFE83
:1016900015CFD7645A39CAF5C7EFAFB298D270A840
:1016A00097F5353E5121D32A11C7F4224669DDE76B
:1016B0003F684EC2D1B8F4D713EDB31EA87F19838B
:1016C000D62539E207B8664AFB096B8CF62D90F0F7
:1016D000A2F754F31BAE4A573EBD097A95B28B9ED2
:1016E00057C1B056FDE9FE7C2D8BACDB830667E865
:1016F00071ED5C919EAEE63F614F47DBF1BFB5C631
:1017000030F7ADAF17DFF32DF8B61EB7D38A7A1FC7
:1017100030F22BF5982F305EF06CCFF4CE99D7676E
:10172000B48A7DF369DFC7320873717EA66F464BBA
:101730007AE57A8993A78C94FB268467ABE4BDF5A0
:10174000CF88A5BE06CBF5580F7292C6F62BDCCA21
:101750007751B0BE2515E4419857C43F73B17EF26E
:1017600086CAEBC93DCBBA0A3AAB5ACF3527F62F1A
:10177000B9575D083AB79DE8CB7F41969E827123A9
:101780009D8A4B965A7D22D838B0944B50B29B9C80
:10179000D4C9D816B6AF3DC74BA50DF02637C6BA8B
:1017A000DFE2968631ED50531CC470D9552D5BE6AF
:1017B0006FADDC4ABF1A00B52E231A127D65923335
:1017C0008326B19E888B8E955541EC43EA67F402DF
:1017D000D7B3BE19A110BDA93270E37B1115AB8A36
:1017E000F540AECD09FA6C4BFE19052AFB9C57B4A7
:1017F00059EAF4E6E8EC30A6DCA487996C3D137B4B
:10180000A7FE1CEF6865C307C1C6DAFAF00D816D4B
:1018100009D7B03FC9DEF2BD817DCA9F3B5BAEB741
:10182000B762BF12223885335A67761E277A9343F0
:10183000051B9F6EF34D27E3D03742148AF829D158
:101840005F809FD279085D4989BAF401E80297D791
:10185000E1C4152B2652B16515BE19FB589030ED29
:101860002B6EDFE159B3680BFF16AC5F7E7546F255
:10187000BE82D9C8C43422D7C03B6F6E78532AF5D4
:10188000799D1BCF78D9A5B461610357A8442DE990
:101890008905C2A82FD6EF227A57ED5B867B5709C0
:1018A000BCF32AEC5D396A6B6801DF30961923447A
:1018B0003F449A274C9318DA37DDF4DF47E8D09D90
:1018C0009B28223F9F9B0C727AD2239E288A8FBA34
:1018D0004E7C8AE375AEE931C1FAE0C29BFB57EF5B
:1018E000E0BA773E8263672F140716FF5840C5554C
:1018F000DAEB685E99746B7E3ABF88D0B74432FFEA
:1019000094EAFAB0327DDB85650592E56B40E0CD67
:101910003A09111A91AF1F8A3636B9187323B0F8F5
:10192000CE9BB581432947BF585DF8C449F029696A
:1019300089F7159660BDE48557D464875392FFF309
:10194000FEB60BC9C6B6A395E9CB0A5690DA727CEF
:10195000AA774C3EC9B8945920BE22F36E5822B5DE
:10196000B7DAE9F496134B8CEB4E44199F07897D47
:10197000EA44A4F3BF62F65B266F38D70C330ABE85
:10198000AA35B9A7A0B3F23A96F8E9AD1F1412AB85
:101990005D53AD97C68A9CE6A4B6CAF4498572F435
:1019A0005D417281648B9B4B60BEE03C9002312DA7
:1019B000B5CD49B0D1622F3E09D6F3DAA79238EF00
:1019C0001EF6B7787CFF3C29A9F8382BDCBAF9DD84
:1019D000078E5127F51D9123BBFD138BEF94261421
:1019E0001FF0AF12786D1FA59E77BD01BDA1BC1B76
:1019F0004C8A0474671F8EC7FA1A2ACD9CB9835E7D
:101A0000527049D29F9B81C58045FB4DEF79001EE6
:101A100077EA504DC37AE6472B10A3B863D9927486
:101A2000D1326143E5BDAA9EF39D975A0BFACF755B
:101A30007D77FDC7E617FA57DCCBE859DDF522C400
:101A4000DB8E18A1FF62CDE5A0EF4F321EAA1DB1BB
:101A50006885C487521C6F93134DA8308B6DAFDE21
:101A60001E581CBC9D4A90B07CF6D29E26F52330B1
:101A700027C935C5787219B631E3D34CC90664BAA3
:101A80007B77AC496D907DEE7571175CCB30042788
:101A900014EE56C29D7DC9062A4F2881282ADC6B88
:101AA00061052CE1778CE9731647C62FEEF285B8F5
:101AB000F8C95F1CDA98BA0B22C0BD879C84B8AF06
:101AC000C8FD3782F5E39C63827D0B1C5A51F149B6
:101AD000521B77DA798C5D27DF001D79D4DEDEEDCD
:101AE0005C7BB58BCA0BFAB2A78A4F9446ED5E1C9D
:101AF000A5F3ABEEC363BBF854815FE5613A59E2ED
:101B0000050F57608F5CDF8BF913131C23B76E78BA
:101B1000F5CEF265FB2D4B9FE1DC6C347D2620F683
:101B2000038D308A891EFD9BD609FC8319B1D6BF6F
:101B3000C9EFB6C3281CB7A96A13BBA57D55DCEA5B
:101B4000AAD5EC9A9657E7BF56F91A9DDDB24E0911
:101B50006F0BCF57263D5228F527F71397EDE893E3
:101B60001DFF42D53BB9CFDF94D113544B95749DE3
:101B7000A18C0A2CE3FA7B10777F1A05B31A2AD4BA
:101B8000B094E2B2209EF78CC69228BEA566E1F919
:101B90006C932743E7EE5E52505502724713FDC720
:101BA0005235D56F6A1F12B453C0ACD82A62FA02FC
:101BB0006628B38A588A9C76B0D24279EACB7EFEF8
:101BC00087313784AB9C2C3F5F126515AE1B5E8E50
:101BD0008476620AA1722395BBFB45A022D981E8D5
:101BE0009615E4299F8D7E81879130231369EA48F9
:101BF000DDEB330ACEF17E3E87693BFFFF67513F45
:101C0000B8053EEE55EC8D244BCFBF28BD15F8EB43
:101C100086DF80DFBF701F4E93DEA6BE48E8ADF1C1
:101C20003B7218ED3C1AAC8F3F11E32E8E4D817242
:101C300096C4A1A3DF706F049FC8D386941AF78A55
:101C4000F824BC8286A32C225E152DE1356C072C6E
:101C5000950D311A11E3FFBF151A5D905B8867136C
:101C6000AC1EFCAEBADB3BB62D8EBB7E066A898409
:101C7000166D11CAA1A40F9758EF9E7980E72FDD4A
:101C800010632D7F75E0BF9FBE54BEB9EDBF7906CE
:101C9000CA7D7A6B656654674BE6BF236C63A2AE60
:101CA000CF4FC7A3F8C94C95A177F0DF81365675A1
:101CB00089A5B6BC51676B471C7B0C79C4C0DC8E10
:101CC000FE1AE64330D392E5A730880FF273B321B2
:101CD00029B2146C386230B15DB250BD2D9AEBB8A8
:101CE0000B73AEF19C8945F2FD6F0DA4D45DBE8CE3
:101CF000426D1DC8F524B1A625C1C595309A8BB19A
:101D000029276E9D6D0AAC8329FABFB54CD7B75908
:101D1000C43527F024FF714C6E4AC940AA4D6CFFB0
:101D20001B0AD5CB7765D5E6DC9DCCE7A55C765262
:101D3000A86723F45285E7961B2DF494B6030A1383
:101D4000CFF4ABE472791DFB21C2F743F5C7A2B90A
:101D50001516BAECEC360EFBCAAE6FE376744094FF
:101D60005A796BFA90DAB7714AF2749F85E8D98E86
:101D7000E0E24688D6E3582ACC85C26016AAF7FF6F
:101D80005B79EACE53E5BAB26FA641B48DF36843EE
:101D9000E19A3C73B9E0FBB4A456A695EB807706B4
:101DA000478CD5BD6D064FD6537FCF3D5B1CC368B6
:101DB000B9F4CBA83CC6F86B5ECEF8E526568D3C50
:101DC000AEF9A126E4BDDC2F4781DA60557220A26E
:101DD000FCA4189BC56B49C9AD783509AF2581FFB7
:101DE000B47D46E14CF00411CD2DBB40E7C61D3358
:101DF000F06C28FB2392C5DD1DCCBA9F1BC47D6F00
:101E0000A027979B3607411417C9CAAC18D3B4D979
:101E100080CA4EE15FCCF6DC58D78E4AFD84F728A5
:101E2000F069120A7EB4FB563E7707C2AC0B8B1EDC
:101E3000541AB8BF618FE333FDE4F2EF8CD47B0E0C
:101E40000CD4C32B65679428FBEE27FAD8984FF47F
:101E50006154A5918B0991F9F2F8094AF3F09A546B
:101E6000C07E714D6A681DCDBF0ECCEE83F1A2AA73
:101E7000E733BDC9903188D7090AFA2BEF9DEBCA29
:101E8000DEE5FA0DF71C4B87B20DD1EF8CA5E44CC3
:101E9000BC4A7E87095830E98D95FD759B2FD1335B
:101EA0000CA1C997684ED78D7E33677BEC332864CD
:101EB0007EA8075975971F4C7B0FE34FF89C8AEF5C
:101EC000B3407452E637F68E9C82A7AF31A6CD0B95
:101ED00051C929B0E6FBEE2293C24DCEBD754F6EBF
:101EE00052E430EF8CED7990ED8171C55F9C4C49E7
:101EF0007F7CDAB4792A3AD0A4622FD0F33BA75F73
:101F00000F96F4B5D537FDF3F4152B07C2AA0A7C5A
:101F10000BE61B483FDADBD7637B1BC90450EC168A
:101F20006C61813E6B35DFBB0FF4151A68C7051A6B
:101F3000D3A6E2B33DAE59B236F85EABEA3F77EFD7
:101F4000BBAE4B9D3F5EFFB9B5A539A37FF5BD176D
:101F50007BD8B6F33DC13B8FECFC403F13E2C42A73
:101F6000E7C5B4C9F902AD7A2484363D82642A17E4
:101F7000441F5E243B2347AE2DD52059CE69ED9BEF
:101F8000E2B6546D61B7B6AF8E5B53B5865DDBF2DA
:101F9000DAFCECCAEC78A89D9B10E7273BE381961E
:101FA000FF6C3278208E8AF3A316729EC994C9E022
:101FB0008F98853882C7796652BC42B57221FA4C37
:101FC0009FDF2447DCB6CD0AF1AF4191AB0D88937A
:101FD000C1EF7DAC62C064BB3B96DB788C35B13918
:101FE0000AAEB99D36B1212CF76BBB1C7497E1E8A2
:101FF000CB63E03E6372025E3E72D9391FDAA652AD
:1020000040F99E76275990127D5610E2E4E7720D52
:10201000DDE6E71B56F3EFB850645D0C7D7FE23DD3
:102020005EAE5A39152DB5E0BFDBE0EF2706B38C65
:10203000971F7D7BB96592A2A90F5BC06FE3ACD7F8
:10204000DBEF9BF7E2384886ABB362A679FC829956
:1020500066DA209BA94426A51129DBC97CE0C87C4F
:10206000C36705B7F9D592DC9E9F569E68E4E55795
:102070004EC80201D309C918EDE1384779CE9569F8
:10208000E553948D1668354B694FC6C93294E86B99
:10209000727538EEEB7AFC0BD781CB6EE0FB100744
:1020A0009435798067DD20DC37B18B1553949CBB68
:1020B000859535F9C38A883FE21EBB8CA4E71DF5E0
:1020C000A0FF4C2B3FAF3F588F39874B3927C002B9
:1020D0006E716A015B8EE99FADFF83F67DC3CBA76E
:1020E00095E75A4C467873AACB347E767E6B54F3D0
:1020F000C3D47DBECECBF45D896B5875547837134D
:10210000C436889827E3AED44B6FC6AAB8FC606883
:102110002D188348ED17BE2BF332A7951F38FA9977
:10212000DE41B9E218E37FF628B6B2C17A75B890FD
:102130001F2293462B4811D28066DFA2D32A53C5B3
:1021400032189DA4CC900AA2214718F90D98E9F9FC
:102150005EB73F3FC8761E6FFEACF5F3EB673AA75C
:10216000F7CCB837B39FD4B42FCCCDB72057436941
:10217000664ADA755E7A86213839FBC419648010A4
:10218000E1C52BFA38BE39F99A3919CB455591BAC0
:102190004A1877AF9A9868993A09C7C7DA8ACC2162
:1021A000C27A9841BECAD86A7E86C2F679A75B0C0D
:1021B000F777969ED12C6602A57ABA6ACC5D02FDAD
:1021C00057E88C2A5E7CB2711769578FFAA270EDBE
:1021D00046AE7FA52A3C34D625976004C901DFA30B
:1021E000809EBB2EAA98EA14DBD0FE86D886F6EF36
:1021F0004D4C91FC68FDF868CEB509896581BB48F6
:10220000FBFE63622AE4BCC5D208391E1FF3832E8D
:1022100059CFC6945DF30B0B90F9CD0A90718A26C5
:1022200039B708E24ACBE06DB339741D7B993E663D
:102230002E5EC0ED6C2774AA768A74AACE9B981C79
:10224000664A7DF94BB94DC1CD79663ADD7BA5FD76
:10225000578CDF2C46FEDC49EFF5D29DB9ABC66743
:10226000F38AB937A4EC963A4350CCDC36ECC1790A
:102270000F78C7CC3D097E047BE2D473311E315CFC
:10228000CE651628D37505C7E859EBEA0C16FAB8DF
:1022900079A6B928D32313E6AC84673EF404C2B30D
:1022A000E8F4BC0C5F3BD7D20B88C7730DC75B70DB
:1022B000F442E45E5BBF142F78E7BF525C034735FE
:1022C000B03F205284FC240153739FC8F415F3419E
:1022D000214FE91391320CA122FFFF4BDE472FB9AA
:1022E000BE54992AAEF7E0784255EB927BCBBA5EAA
:1022F000E82CE8C41185E49E15D7335A57379B3F25
:1023000014C6E5A7A8D808E7F594FABFF0FC235F48
:10231000AEE19F5479CB69D5732EB449FD15FA0E01
:10232000C794E9FC8F0DE0719D1DC33DA218A7DA8B
:102330006C748AFFA67CCDE1A6F254CE14C188ED60
:10234000CCF94D92968AA4790DBE05668D10BFD941
:102350009A683857A0D6E0961DDC4A74FE5BB1A59A
:1023600001B7C8F55716056421415DB0AAABA33487
:10237000A6DECDBDDEDDFB143D83AE30E2F7D2F646
:102380007C0EB310833D2DE5738835346E62E236E2
:10239000D4332456DDE05769706FE6B59376427604
:1023A000520294179EDBA83C2DFEAADE30C3C5FC6A
:1023B00013FCDAE192BCA43CFF900B0A4DE943CC3C
:1023C000F629DFC82C2E549DF977646AEA1D64143F
:1023D0007E1F75C2FAB40BDD079956FD34C98A6BAE
:1023E000957AD7A0CD3FB603AD86399FD82BCD7A4D
:1023F000C2EF5384FFFF23D79F5D73B13EBAAFCFC7
:10240000AF268C62FC4BB407E456CF9E9B0FCF09DE
:10241000E9575BD6CC5F5BB9965E873557A909AFA4
:1024200077D504D4BB6B3CEBA51C00F5F740532ECD
:102430007FD2FC3DD650F912B1350DE45D3357889B
:102440008DB2B8AD744913DBD3B872B99C5885E32B
:1024500022D6C14BE4FAA8D5BDB8DFE15F992D784B
:102460006D403B55CC90DAF265B99021D5D7A48E5A
:1024700010D6E71B1CB916F1A78455C46A0592B49F
:10248000C43F0B74709CB7AD3C5A5A93BF0C6BF2AF
:10249000F95AB5CCD4AB90EFFF526C67F4B79E8479
:1024A0006BA9612E2B49FBFE4EF85343F8F515B985
:1024B000FEA7CB4A9803C988D487E295D7216D152A
:1024C000E97D25BD85D4BF48F434CF4BCF137A4D79
:1024D000E4BAEAA036BB5E5AA9C731591C9BC53E77
:1024E000A16C36CF9ED4AAE7E015E69BB5F9D320C0
:1024F000CE3AB58F061F64DC247DDF208EB5D4294B
:102500007AE8FC99CEA85A4FC51D3397BE4E3515B3
:102510006D0E858C359353CEB850C643662EC1924E
:1025200077F075F53B50A3CC2F3F26716649B9660D
:10253000DF1BBD832AF318580D568D073FD2C949BA
:102540009E50EAE7FF05F5E733A10AB56CA659B638
:10255000502D53BDE224E79C9CC6A89C7214A1DBBD
:10256000143235BC03C80FBC39DFECE7AB60FDFCAF
:10257000152CC8FCA6CB32731CB668054FABF762AE
:102580008BC66681659C44FAFB0C91813FA9202192
:10259000D07C19AF3F18828E9BB3534A4F9D64ACD9
:1025A00093EBEE7232761CEE0D5E6DAEDC9BDFE4DB
:1025B00025BC13AE54E1263ED96C21FA7794E85F2E
:1025C000B10CFABA63657E60BCCCE42C6792F7125A
:1025D0007DFD2B29DF4BF03F20D7BBB1BF5667E80D
:1025E000A345FBF1EECF9F15F72FE6768125105A14
:1025F0001DF857B1D5556BC01B78ECB08533F4216D
:10260000D92C033D3ECBEA76FDAE6C6A3C8CB29190
:102610009017139AA9A0FC826FD02A815A072DF235
:10262000A2E90ACE25F4AB8C507CD4EBF71EF06403
:10263000BB820DB0E4873B2359A4522E9B162F9BDF
:102640005E9C1F2F97C9E6E86959AC874C05F3A536
:102650004B2530BFAF10ACE377A69467103DC13D6A
:1026600007CFCEF9EDCC36BF9A58C6EFC334C6EFCC
:10267000237FC6AF224CE157D8C3BE53A8671F5E65
:10268000AFA2D760AF5BB4C40BAE9208EE4F947BA1
:1026900042339EBF04B6FA649DD4061BC73FCB7974
:1026A000F73ACBA34BB45C31ACE40BBD3DB340EC8B
:1026B000ED996721EF6589C839DE95D8447715040F
:1026C000BB89657A95BA45F8339FF027C9C4842C35
:1026D000E9B3383D2BAE1029E3AAC89CDBE7EF53E2
:1026E0006E90F164BFC8FBF4374914624B95647770
:1026F000A248D4E435323E9492EBCD4ECF8AF329F2
:102700007A15B35C5D877BE2B7CEA8F5F3E923B910
:1027100042F83EF6137CBBD81EEC2724B63AB22A08
:10272000B16EC07AF02E8B762CC855AF1FF75B8741
:1027300013E94BB1DDBEF786AC94B4AF6D96B91812
:102740005BA6D644D23E1D69EF2E2992682EC3198E
:10275000313716EF884DE04FCA4974E0ACB5ACECA8
:10276000812C4029830C1BA712125F6D58E137B5ED
:102770008C3E88332E1E8AF027F0F9FE4A12DD685F
:10278000FE22EBDB81B03C0F2CDFB945757A780B6C
:1027900041C27A65569539BF492D3BB0BDECD47E18
:1027A000D0FB9DDA7510B1C76BBCD8174A6C554F7A
:1027B00003D9522A75B0028AF65BC5F75075477C7B
:1027C0000F8111A05D53487FEE101DB1F967815C48
:1027D0008EAB3642E0260CDB8450792B5D692E7F70
:1027E000FDFD26C28F7C626F72486CEBEFD8EFCD97
:1027F0003FAAA44C0A39134574287D1A89072F571C
:10280000370AF4B3C9F573B208EC25E7D0DE2FF927
:102810007D2A477E1FCAC19B286FF535CFE242153E
:102820009785DF0F73C11C00FD3CDA9641B98B120E
:1028300099D0BCFF1A91A736224F53C13BF123F523
:10284000B6111FEE868F60A94176A3F7297A072576
:102850005B7DC45CFC3A57C08EF358FB692677FB5E
:10286000B29B3CAD682DE7CCBA95479BEEF6F6726D
:1028700045EDCEDE9B60C6EF36F90D4ED784E614EB
:1028800094A66D5BF959C9F192A812D16F6CFE0E36
:10289000307B154E879BE6A67E6C35BB09756D14A3
:1028A000FB78F02512994B2C5EE9B6363F5C4989DE
:1028B0006D0A984462034F8B7801EBC8F5A2F2953C
:1028C000739BBD3741F4C2CDBBA7742DF74B07F204
:1028D0005EEB1726A7798577A7771AD837DABB7505
:1028E000A8EC726F77D0629D3E6B24A98C3E8F6BF3
:1028F0000A24BE469B1791BF04B1AEF40C72ADD151
:10290000D48B4FE664BA4BF27CAE387AE8B307C991
:10291000B33971DF5A4A04BD79DAB25FDB26AC0005
:102920004DD2DB06B13CE1F52DDA036B0BC45DF54E
:102930002A4F7FACF5F284922346B2E6357732799E
:102940003B7132621F9C61757A1AB10F647CCCF9BD
:10295000C6A4F6C7EBC7F273901B26D96C75208C02
:10296000BF33E31682ACCA7DF7E6C7B1B2F12FCB15
:10297000E2BC64AA9759F994F3B3E3CE4B517D6F4F
:10298000CF5B625F1A96495C683EB1636522E94796
:10299000802BE1EF1CC2EF64721D7E505B3E4CC782
:1029A000E6C5ADB3A883F0B8DF142DC6A226132D5B
:1029B00089AB27EDEF3731EB1F27EDAF27ED3FE573
:1029C0002364E6E54F8579B0E19E285D054DF4F17D
:1029D000BDF98D5EB203C6B26BC5FF387C0EE7EB66
:1029E000415ED4470658A976923FF7DCCE38CE7ABE
:1029F000576EDA0B5EDDE5339438776D773E66DE31
:102A0000A1E5723EA2A50C3329CB8FF3BA4766C469
:102A1000A9D79F7B8E0F7AEE27291FAB0C32B82FD8
:102A20000ED17251C7CF860DD5F18C3AB1F5EDB705
:102A3000C1D64E27EFB78EF874965959D57AB70597
:102A400058CF27C9EF0E0ED1F2CD655F4A7EFA0747
:102A5000BCE4A173CDB01A26F27B81C85186ACE3E9
:102A6000353F960FBAEF9BB163E5CCE2F19B887DD1
:102A7000EE25F6D8D7EEF10BCF34CE037ADD838383
:102A80009928DF1B4B146E3D9628FF2CC88982962F
:102A90006C8B9EA4B40DAAD44AF0234215BD927D3E
:102AA0008311BE7C73EE2FB91AC2F99AFDDA55155F
:102AB00076BBBD092C76CA226CB1EB048B2DEAE300
:102AC0006CFBFCADDC61B11BEFA8CB70AEE2D96E44
:102AD000D2BEF162BB3461E45A255AECB3369CBFD6
:102AE00018C8C728CD17C488AFB574DAE0B66763D5
:102AF000E239A7001293AE50F8BDE72F1B69B16110
:102B000034169E412FA65F8C88403EE0B5BB792CE1
:102B1000E0B59F9883A88BBB3E579F34799FCAB579
:102B20009098A79EE8E374FBF8B25B6A2B7393F06E
:102B3000D795F03B985C3B617F94D1FEF0E5FE2198
:102B4000F979A2A72766C2404E666142973836F9E6
:102B5000B751B194A624DE3DA13C96F1FFE4F27D8D
:102B6000C867DCFD8DEC6339CA87F80BB70D32DC22
:102B7000CFF5D1B67D25BFF8F92821FA7B526EF545
:102B80008E1D801D098720A76366EF2B7847C2C87A
:102B9000EC96295AABB1A39FC883AF5DFFF8FC0048
:102BA0009004A281FC2FA4BD1469FFA3E4BA7F693D
:102BB000BD30C3139E6E7E94E8A737D1CFDF89FE68
:102BC00092DEA307A47C22B9EE936676D2181EACDF
:102BD000CFD592F9D6F52971A18A1E941FA740A1DD
:102BE000060B44C0218AF56BFB446EDDE589908DB0
:102BF000666A7AE01D1B93C141108BD84F35B45CD7
:102C0000C8288DDEEA022584EF6D64A5E5AE583351
:102C10003F8E5CDFA134E29BC66F7971AC49113DF8
:102C2000719222EE3E67B3DBE371767A598B62498B
:102C30003FACC49EDE79AA5EBE90F6F2036B41ED16
:102C4000A9E42922CBCD8FC9BFE0F2DFA583257E81
:102C5000B84A34D086CA74C92A6BAE1DB578AF6540
:102C6000E238B02F44BE1F91F0725E74811222DFF1
:102C7000D7C8787C73B7656E9A328ECBB3E33BD9F5
:102C8000F1D7B8AC55C649744FD6CF5DA862911341
:102C9000A7BB4B301B1809B379E5E34219E18BB5AB
:102CA000EDE86B0BB98CBB847B104D11F923AD2281
:102CB000FE8FBC77D2E3D41652FE805CC3DE02F9ED
:102CC000724663EA50233FA79ED4A413A4BE07F61E
:102CD000FA96AF1D5ADFB58304A3A25FC268F83B22
:102CE000E9670BD1D79F6A4F883622A855D428BBF5
:102CF0007FD3A22E10FC82974C8C8F2B19175B0868
:102D00008F336533F9D460FD07909FA53C8BE3F8C2
:102D10008EDD4BB2FF127ED9ECFC7A96F4AB99C8EB
:102D2000EFF7449EEF90EB6FB00E52824C3EBF2106
:102D3000B9B3A0B5B259CC5F5AD2B5ECBA3918665E
:102D40000985093FE65B9CED76B9FD07B16DED9C09
:102D500089491D43E4E40A91A117666CC7AD9B5EE7
:102D60006892333E75CC313A353E7F362F0F3606AA
:102D7000423E429ED93763761BE1FF2F520B53131D
:102D800097C13A23B1EF3F10793B47FC917672DD52
:102D9000486986E641B5AC9EBF06674209333EE509
:102DA0009C983AE3595A36D3981A2A4F9385CAC346
:102DB00062B8B5A7219E3911D5F18D346E7B28AC50
:102DC000B1E599977E1B0A2B75E9F522CF3BBE7AB8
:102DD0007EC3D0DE26774A3D3C734EEC61DC333057
:102DE000EEFB90F7F9A5D86EB45816C12CC7F9FDC3
:102DF0002675AF4C75B95736C3C86BDD3BC8FCEAC6
:102E000014E48F46C8979BBC3AA0ECEE82BE5DB935
:102E100041077E85FD70F1F99972865B71DF65EE81
:102E2000226E5FC45842EBBFC47E935EFB58887C21
:102E30007C43AE8F93F24BE4FA289641534790209F
:102E40008144F257DC1D977F5C8E2CAB564E99B0B7
:102E50009A8A33198D1E2AE7376385FA56DD1DC716
:102E6000953A8F21EFE67BBB7E4758321337456892
:102E700035E09FA524E7A9550A73DAFE8C09199657
:102E8000F49553A2CCA682BBED2A766FAC89E73DC0
:102E9000487BBE24F5D7C6BF979F19CBC822F4A99B
:102EA0008FA7D519B4B22590A700AB4AF4672524A3
:102EB00046F65335FF44A32C239649E4196732564E
:102EC0005FAD362A2D4476BFB4DB87BF842C3A2F02
:102ED000CD874E10FAFF24FD6D22D755647CF94250
:102EE0007AAAE24F44DE1A883D7D8FD8D7D3E4FA20
:102EF0009DE17282A584F4FFB4BDFF41432D43FAE6
:102F000001E25FBE93543FB4774D90B136A375682C
:102F1000EF52CFFB667069C98C770CB73B82C94F03
:102F2000D1206EBF56264B4947FB3361FC6EE7BC90
:102F30007A698BF9E9711129E9E92683D913C6CE9B
:102F40008E42F571F3F8746E422FE2E410AD083949
:102F50008C8A9A194D6D3DC37E7C62F2064D9C6849
:102F6000FB034E4D45387F42CA1A4AEE21BC33124C
:102F7000BD90D6E6CA1E47449FC99D66B33AEBA1F1
:102F8000EBBD032922CDB6A30B51D4E7C44A4D288B
:102F9000D14CE789FFB19E9246BCDBC1FA6E7FD46B
:102FA000106134C96086B5FE5CB119FC30F01FDEDB
:102FB000744F2849306DF6401F7F93ABF1D428B78A
:102FC000116BBF764F6CFC69A9056D35643EB40B7F
:102FD0007C06D1EA64E2FC577196116D25A370441A
:102FE000EF033C0A3F1C3D835819DE15244584DA63
:102FF000A11D41A8C1DA61BE976F51225EC3A5DD54
:1030000007DDBD1FED49C699E874E13EE4D4F62121
:10301000DCE273C53B2D52AD28556A5123C99DACE6
:103020002880356788154096518F99CCF5D9F7449B
:103030009D2EF0847D2A0A3BBEC89D71E047D2A137
:103040008656DA6CC671B5A6B9C7CD3B74E52FEDCF
:10305000DF095E5D14EC0F7DACEEA28D267C3F4453
:10306000C6831C91EF4C059917BF7EEB44AEE62456
:1030700044AD960A51FCE9FD1F341F6B3D7EFDB344
:10308000CECFBBCEF4E0B5E74FD7CC1A3FA7D3B82D
:103090009D8ADDFF6570ABDA53D8AFF1AAF8349A98
:1030A000D0021167BC5240320E16C13A8180C16F06
:1030B0009130C4DCED74214F19C7C4A49CC5E456FB
:1030C0009985773382042A72B2774D5AA6A140DAE5
:1030D00020B3C5CC6329607E24ED7E8BCCC23765DE
:1030E000278DF488544B1B9169B371EC11B39E0387
:1030F000DB66C4ED951DE3DD548AC5A9A6A463680B
:10310000F29E9D46A6901B7393CEDE3C49A1888E0D
:103110005468A98138AEB57D31BEEEFD3FF8BA2FB7
:103120008EBB0DEB66903FAABADC4E995F16E6B7F0
:1031300019D2AAD68027B79F59C44D6217E1BD4E58
:1031400066B5B03F74C37133AC4E6FD9824C2990D1
:103150005B39618276603BB73AE829F2EC6A67E551
:10316000CC32BCCE869F07CE087E69C3FB9C9249B9
:10317000D005A09A6B164C05F663AC653EEF0E4683
:10318000616A359E0329D6967394E6F89BBB4FE59A
:1031900099B1E58F2AD158F09DB3FF03FB5FAF24AF
:1031A00054520F732C1307FBA76BE22DE4B94C5755
:1031B0000DF8E97FDB19C46DB1C5121FF810276344
:1031C0006275012135B5F522D6A1347709EB65DBAF
:1031D0007C11ABE25D0E31F361BF79CD6482A55DF8
:1031E000E12961E96CD122567425E7CA44E9021647
:1031F000D75004ABE3EF1324ACF5B62811ABF96D4F
:10320000CE9999AB0B48ADB97554C4323C3F59C205
:10321000CAB6CD11B172F6730A668E2E607DCDB737
:10322000042BE8FF4E91B0B6DA6611AF7F1F276717
:1032300066E902726AB69C10B19A9E0D90B036DBB8
:1032400066127E967214335317505473906065263D
:103250004F93B036D9C208BFF672639819BA808A04
:103260001A23C1523CF367096B836D06E15731F7AE
:103270000813A20BA8A90927ED3AF4F41312D63FBC
:103280006CD309BF76734ECC745D4043CD0482A5E8
:10329000FD6BB884F5AAED71C2AF5D1CC33CAE0BEB
:1032A000B850D35847F8B568B684F58A2D98F06BB6
:1032B000074733C1BA80E69A759F107E25CC93B03C
:1032C000B26C5309BF0AB9B14CA02EA0ABE669821B
:1032D00015B43046C2DA680B24FCDAC6B930FE20D9
:1032E00059B527488D4D1A8D84F5BACD97F08B07C7
:1032F000F9F3D505B8D51E2058990BE225ACD76C4B
:103300003E845FF9205F3E205FB5AE044B11F3941D
:1033100043BE1E25FCCA05F97A14E4ABD6F631E1AA
:1033200057D4D30EF9F2363708FCFA07C89737C8D6
:1033300057ED1582A59D9BE490AF892256F46B2032
:103340005FE341BE6A3504AB63F652877C8D17B1EB
:103350009AB7807C79817CD5AEAA25FC8A78DE215B
:103360005F1E2256CE66902F0F90AFDA1282151490
:10337000BEDC215FE3442C9F2C90AF71205FB5F33E
:10338000488D4D33D21DF2E52662356C04F9720387
:10339000F9AA9D42B032435639E46B8C8895BA7EC7
:1033A000C3D7205DB5173F23F54D5FE7783F2EA4C7
:1033B000BE17358053537B92E074FC6983A37FCEA4
:1033C000A47F6B9E3E0B92559B758CF0735A96436F
:1033D000FE58C2CF55018073A17639C1C90CDAE21B
:1033E000787F72D29ECC271A41AA6A4B084E504071
:1033F000B6A3FF34694F3A03385DB5B9C7F03E3C18
:10340000D1DA06E47C574005AAC305BF2281780DB6
:103410006FE38C7171FF05B6B7E7F996555396AB1C
:10342000FF83E3080BAE9CDD51628588F726FDD84B
:10343000C462A76618E5C8DE913EB7C39F9A4EF7EF
:103440000CDED8D16881DC11B0C3DCE4FBE0CB1A20
:10345000DDF838D5654BB4EB76CEF332ACAF192836
:103460002E46413B6CAAC2FBB8596FCDB6D4B51EEF
:1034700042CF5B4CA77B07B3EB85F66509EB1E9B40
:1034800071FB789C3722FF446BA3DF507C56C26BE4
:10349000EBCC87D0B6E5CFEFDC760DE775384A4A3E
:1034A000978B65786DAD6F57F9B0D2F2E5D2BE5308
:1034B000C8C75670ED87C82E183F21DB2A57CB2C82
:1034C000C4794775E3EF21EEFA47B052601B84558B
:1034D0007A39B3E0780997AF96858EEF46A10A1442
:1034E000B36AD79C52EE6586E27AE0FFBD3618E3F8
:1034F000BFB6C06CB7A4A39FD296B697B714DD84AD
:103500003CF1AFA76E705DA01AD325E313BD97EF12
:10351000EE50319706F1FE59C8255AC5794186D437
:103520002B0684E353F9B37894FD2C97F100D599D9
:103530001FA0B8D2A852EEBAA78CCBF808564315F4
:1035400034A5B17EA1E8B779A960EF6E5DC40554DA
:10355000A8307979A18BBBBEDD95BD6BF22E55B835
:103560001AE8C104CFF2C486843B37BBD801DFBE62
:10357000401B9CBD7123B96DD9B59FFB5BEEB5F7C0
:10358000DCEE0C6E9DDE49C5AB77C2C8ECBA6EEBC3
:103590008A0CDFF473245ED2E0136CE49E66E89B31
:1035A000EB1336556F72DE727355C2EAEAD5CE6BF5
:1035B000DA5F8D7BADEA3536BB7DDD341867F14EC1
:1035C00049C7333EB097CE9AC840763CE4EA8AA316
:1035D000B331B8D09A5471DF37BD9264EB456FAF09
:1035E000DE6E5DC4DC3399E5B4E9FBCBD4CD62C8B3
:1035F000BA4AFF10A9670AF3C3C07338F758B42654
:10360000E3AA0BE75DACD21AF30F5ECE8DCF8D35FA
:1036100099A7A14BE66D0B78659E07C9E8DB467B51
:1036200052BBF71994E8EC0EEB49EDA0A396D4BC7D
:103630006A23B7A4C2C571A7213F7807EC0B74F6C3
:103640004DEF217565F8549276A73E02799434E3E4
:10365000714CCBFDBD6B1CA5A59E347905A1DB7B10
:10366000B7CD9FD3454F223DC9A537E3DA1805648E
:10367000D9A0D035E994F5FCCC01955949AB9EED24
:10368000A03EDFFF62015E37719A9FE7E5CECEEF85
:103690009F736F66CF8C2E62F9FF317F73E5CBC2CB
:1036A000B341F4CB2B5E39FB8675FF8DFE3AA32B1D
:1036B0000535C5718F7DE5C4B5A55181666EDD2FD9
:1036C000CEA2A669D424B3B1A35D0F3DD74E821E0E
:1036D000724F6D7EC49A236FB7BEA168FD3C7327FD
:1036E000ACCF5CE0A2A47D18FFB5AA18C8FD53F1C9
:1036F0005A44EADC02B9C92C434F273D8C9E6F1D0A
:10370000C7B4103D56997384951DEB2405EC5249BE
:1037100037CF14FCC97122570AC6496F33674CE38F
:1037200027B2834A04FB2BBB4C931534E1D5065FCB
:10373000A12F792F87661EA598C0DDCA79F57586F9
:10374000B4983AFD6524705B7C166269D6054C4FCF
:10375000D58EA34755C50ABA4E31872A54886F8F34
:103760008C746B3195BA4C1EB95AF0FE4EBCB353F3
:10377000CCC577E4E1BFBB6EBA9E6F5615F014E17D
:103780008B52D47A4D34E1CFC5ECF7AA8DB0D6E593
:103790002445F92A36E13D10B0CB42C1BD7A859D62
:1037A000BB3EAAA0EF4B157341A6024D1D7876FCD7
:1037B0008A2DBFE28836ACB3F4B9AC70CA803DB68E
:1037C0004FCA8E4354CAC3D92D379ECB65C74D729D
:1037D000F97DF0DA22AEC3A8F27F6D71EA6EE0B235
:1037E000B453DFA731573BED4655818A85133184A9
:1037F00056B445107E12698CFE8A79EF18E40ACF20
:10380000EC247679494B86E7D743F0C308FE20C104
:103810003F6B4B91F6483E9CC71FC5E30C7E3E5064
:10382000B59785FCE387FAB706F7CFD3E2A0CAFFC6
:1038300045A4CA0CD88E9A98CB831E195CFA51C83D
:103840004352C8F69FF15E4DF8F5678C4FF0FA8948
:10385000869C8CB7D4955C47A646DBA06D675FDF7E
:1038600072F6EBA3DC7E0D559AC94D3C844AD7C84D
:1038700066B154A84211A38A50A32B6F307FBAA619
:10388000B872C2516BC054915AC0EFFB4FF0D34C89
:103890006F2A69BC5BB2AEF04D99FFFAF3DBBF2B28
:1038A000E65AD750CB9DD34FC866CBD92A3EB90C28
:1038B00072D7C571E8F7FC594A549A3AB91156A81B
:1038C00028D92C232A5F599C46F8E33BA399BCE7EF
:1038D0007B424DA2DE1DBB7182BB711D71DE6A99F8
:1038E0002C02F0D3B8CDBDF4F2B873FC5437518E2E
:1038F0002B7E5F1E27ECE112AE1AEE2F8F7BDC2DA4
:10390000905C35F7F17FBAE6BCB3FEF90D3826229C
:103910004647706464D9F517A475B81FF97859182B
:10392000648F750E8FC7540A1119976813E69DA00E
:103930001B677E17DBD7F83B91BFF7C39E718916D3
:10394000CBD8FBC3F8FB4FA924E31E79EFA4A4E175
:10395000F0D4B5F89D520944A3E2F7C941661F01AE
:1039600099DDBC6F8CB867F0601399251DF25F4F2D
:1039700025989CBB64C5A92ED1DC9BECB8B0D74878
:103980007DDDA43E224DA9EF86BD22D5187787B4F0
:10399000939455544A2555BF8A2507C91A263AF0EB
:1039A0005C2AA1437379113257AD54CE6DEF40E2DA
:1039B0006F7CB607A1276585EFCFD7EA9D5CA2454E
:1039C000CBD17EC3D824FE3A739DD47F83E03F20C1
:1039D000F86F9273148E93EBB229CA0D47C54C98B9
:1039E000C2308E7546E639F87782D5C4E8EDBBBCA7
:1039F000D036B26E3243D948E85F0BC4B92E026D9F
:103A0000FE06918FE249051E68EA5ADA4BD4143259
:103A100012CDC63C6582B38F96A6C1DCB9FD475472
:103A2000B7F70A3A6E3E66162905FE6F4901A1D323
:103A300046F85754BA32573B653BF50DCEAB22EDF5
:103A40006F27ED7D83D796AE1476127EC7D293B6DC
:103A5000AB11C6293B05390504F3602BE1E78E1F46
:103A60000DA52B99EDAEA7FE080BE2A4223D23C6BF
:103A7000528E82D5D64CEC830163B96F9F7C6A3835
:103A800086E67F44FE787380A0DF914F5498C3058B
:103A9000BDBC30D04BCEBB384BF893C7045F939F6F
:103AA000AD1B1E1BC41AB0A259171C7DA73B90CC9E
:103AB00035B5DA9C27BEC95A2AEA81430BE8B5B06E
:103AC0009F780BD685030A8E6EF328E5D207C1FDD9
:103AD00040B220ED6B03DA23DB61D7655F07AD628F
:103AE00079C9CEB5DAFB217A125B55CA9093EB2CDB
:103AF000384A0973FA77A2F4D9F5D5FC3692815584
:103B000051116C743D694B5615D8ED24B102E93F53
:103B100093E75F3E6A81B42B947F489B85DFF00B6F
:103B2000FC2403ECCE8593B1FC0EB46FC21959E5A9
:103B30000DA694CB5454B1BC19D6AE91DF47723266
:103B40000A36A8A8E04944B7CC8538F21BDC695D89
:103B5000BEFDB77FAD95F66F342C9F7DD634412ED8
:103B6000ECE3379967837FB1832B6B3CC048E53921
:103B7000CFBDA1BC54668228AB2FEF575326ED5919
:103B80005ACAB9C5CA3E7D86DB69403B60BF1F6922
:103B9000EF2552EB9A8AEF27B11E4892C81788ED9D
:103BA0006E1E8BDB126359B574CB89916F03CFF80E
:103BB000855E367564EEEC10CFF0387B3D3F4CC926
:103BC0009A27E018967113F7661805073C2099BFED
:103BD0003EFD8436B890EB35C86D4B99F7AAF825B1
:103BE000C4BAE61C64BE2E4E93CD2C44C4EE9F2373
:103BF000F2F20DD18A1537964A564E7CBB897CA5C8
:103C0000F066AFC9CB531B07559E72FA5A2CB53BD1
:103C10009429C1516619E31F0891ECA8ED8925A2EA
:103C2000354507710BFDFE65784E5C9F2C86B30F02
:103C3000FC6A201FE2A8F0DEAE4AE710A5E6571B9B
:103C400027C33B15F742B75F155B937E92C84503C8
:103C5000F149961A2D6079592A2E7B199FE09D5AB9
:103C600066D53CD869F158BB5C6EFB313F5C3E8841
:103C7000DF72A8FA2652697B07D7ED4AEF1E9F56DE
:103C8000577C1F1D292EDBB1FF0DD3871EC299352E
:103C9000B61DD7BECF9FA91F1CBFD25AD4DE0FF1CD
:103CA000B4B09E07BEBCF7F2DC5F4589E9581258F4
:103CB000301081A5D56F4AEF920DF526C87F5D1EA5
:103CC000077B96C5FE94FAA67F5B2FE624E2386553
:103CD00001AC5ED5C1692BFC2A269E5B5D0C19F1F7
:103CE0008E281F8EEF99D4B1B2FD5FFA4ADC2EA860
:103CF000F33C8C78AD2F1FE6A4DADB4B493BA11BCC
:103D0000E64D752216AC65F99DCAF4E9C549F5750D
:103D1000BC3EDAFAFBC7FDC0847ABC4F1BE635DF38
:103D20008B3BBB0DFFE14A3A205B1F9F0850BC86CE
:103D30004BBF888A5FB2DEAF7A50CEB5599E6EC453
:103D4000796FC1F87CAC669CFD06674F89EFD19A0C
:103D50009F22A7CA7E85D3B988A4FBB4AA98AE8651
:103D6000A17909B2E4D3283FC59F72494DE03F8154
:103D7000D82F5EC7FE8CBCC79C6DF879594A2B1AA8
:103D800088F01BDF23E0F141782D94B3E2B660BAEE
:103D90007E137A08EDD49F29CDF396AC24D87D9C70
:103DA000526DC07BB1A02E19D77A17E5A9B3353172
:103DB000F95C5A2F8A09FF5C919D827774E1FBCBF5
:103DC000C32B15EEC2FD0DE17BE0BE52F8BD25BC54
:103DD00050C19D52A0ECF0BC9CAC0D55FD10B196AD
:103DE00055EB73354E4E6C9BEFB573F7CC4888B9E5
:103DF000FE5978731645E467C538BFBDECD44B6EE9
:103E00008BB5825EBF07FF2B201B149ECBD56C4366
:103E1000043F587D18EB8AF259BCD60EEF2C2ED4F5
:103E2000C0A26E730A3E11718EAE2825A42A13D348
:103E3000880ECE4E1631A6E50DC1887460F84C157B
:103E4000CBEDA5FE68486974202E9DD0FC925B45A1
:103E5000802F1F057B510519CE5006F0719FECADE8
:103E600042C59D92A7886E330195995F7CE1E1443C
:103E700077DA69058AB45A045A3953302D0F274727
:103E80003BE4434A2B1ED379B1919CBC00BDE4D6E0
:103E9000FC6831CEBD4074271F58FCC5902702DD59
:103EA00086D2F31E4ECF6328BD893A2F2F89DE8438
:103EB000D1E8F90CA5A71E4ECF7F283D4F9D57A0F6
:103EC00044CF63347A2143E98D1B4E2F6C283D3754
:103ED0009DD74C89DED8D1E8450FA5E73A9C5EEC2A
:103EE000507A8FE8BCE2247ACEA3D15B3C949ED377
:103EF000707ACF0CA5C7EABC92257ACC68F45287B9
:103F0000D2930DA79736941EA5F3CA90E8A1D1E8E5
:103F1000AD274F584B14FF184E6D93546656BCA6F0
:103F2000F37A39D2AA2A786D343A3912EE6EC55630
:103F300091CE10A974D34BA57B14AFE8BC0A22AD77
:103F40008F16BC3C1AA52209B75CB169788B8AA58B
:103F5000B2B7141B755E7B23AD130B368E46A7429A
:103F6000C22D55AC1F4EE75DA9EC4DC58B3AAFAAEB
:103F700048AB57C18BA3D1A991708B156B87D3F92F
:103F8000502ADBAB58ADF33A16691D57B0BA782109
:103F9000CE8A1B4A07DE6B48774043A4CE2D39A456
:103FA00025C35AC4AEC4188E329DDB69A96C0F9B21
:103FB000D15DD218697D8B4F1B8DCE0509B79C5DF5
:103FC000319CCEF752D95B6C6A77C9C548EB9B7CB4
:103FD000EA68749A25DC52F685E1745AA5B237D99D
:103FE000E7BA4BDA22AD7BF9E746A3D325E116B356
:103FF000CB86D3E991CAF6B2CF7697D822AD7BF8BB
:104000006747A383E6DAF9933C9C8E7CAE9D3FCF55
:1040100074973073813F4B46A3E336D7CE9FC5C319
:10402000E978CCB5F327B1BBC4732EF02771343ACD
:104030003E73EDFC5924D211255AA4E42F9596B174
:1040400009DD250173AD257CC2689442245C13BB55
:1040500070788BC2A4B21236AEBB247CAE75371F0B
:10406000371A9D6809F76D76FE703AB152D96E76AF
:104070007E778966AE753F1F3D1A9DC512EE3E36AE
:104080006A389D67A4B2FDECDCEE92A4B9D6327E0C
:10409000EE687452255C333B67389D34077F667544
:1040A00097A463FECC1A8DCE7A077F660EA7B3C99C
:1040B000C19FB0EE922CCC9FB0D1E8E438F8133217
:1040C0005C53F573EDF629A4BB84C7FC993E1A9D99
:1040D00022077F1E1FDE9E62077F82BB4B4A307F16
:1040E0008247A353E1E0CFD4E174DE75F027B0BB83
:1040F000E420E64FE068746A1CFCF11F4EE74307BA
:104100007F7CBB4B8E62FEF88E6A811CFC7974A4A6
:10411000449F76E8DFA36083E65ACB79EF516DD0F8
:104120005CBB7D9838C20639F46F3CD8A0B9D65232
:104130007EFCA83668AEDD3E788DB0410EFDF30002
:104140001B34D75ACC7B8C6A831CF661DC081B3489
:10415000D76E9FDCC006CDB516F16EA3DAA07976D6
:10416000FBE032C206CDB3F3C7056CD03CE08FF361
:10417000A836689E9D3F4E236CD03C3B7F58B04193
:10418000F3803FECA836689E9D3FF2E174FCE7D9CE
:10419000F94383059A07FCA147B540F3ECFC4123A2
:1041A0002C1029E38AD97F80059AC715F1FF18D50D
:1041B0000249B86FB15B475820A9AC88DD0A166880
:1041C0001E57CEBF32AA059270DF645F1E6181A4C4
:1041D000B272761358A0795C29BFE98FC766B040E8
:1041E000F344ADE6F62A368E94E8348992995D0F51
:1041F00036681E67E2D78F6A8324DCDDEC8B236C84
:1042000090546662D7820D9AC7BDCD8F3ACAE748EF
:10421000B8FB478EF27AA9EC6D3CCAF3F3B87D7C0B
:10422000C6A83648C22D63D346D820A96C1FBB024E
:104230006CD03CCECCAF18D50649B8256CEA081B2B
:10424000E4E0CF0B6083307F5E18D50639F8F3DCED
:10425000081BE4E0CF32B041983FA38EF20D0EFE72
:104260008C18E54F3BF803A37C23E6CF33A35A20F9
:10427000077F968CB0400EFE2C060B84F9B3785461
:104280000BE4E04FE2080BE4E0CF22B040983F8B14
:1042900046B5400EFE248CB0400EFE2C040B84F973
:1042A00033EA188FA2ECFC891D29D1F228BBFEC18C
:1042B00028CF44716FF2F347B541126E291B3DC2FE
:1042C0000645D9F52F0A6C5014B7978F1AD50645B5
:1042D000D9EDC3DC1136482ADBCBCE011B14C5ED6A
:1042E000E1E78C6A83A2ECF661D688795A14D1E3AF
:1042F0003D8A996083A2B8B7461FE5A3A3ECF66197
:10430000C6081BE4E00F8CF21ACC9F90516D90838D
:104310003FD347D820077F1E071B84F9F3F8A85E18
:1043200090833FC123BC20077FA68205C2FC993A37
:10433000AA0572F02770840592CAF6B0FE6081303B
:104340007F461DE5731CFCF11961811CFC81319EC7
:10435000C7FC7974540BE4E08FF7080BE4E0CF441A
:10436000B040983F1347B5400EFE8C1F29D1EF4651
:10437000D9F5CF0B6C5014B79BF71AD50645D9ED7C
:10438000C38851FEC328BBFE8D031B14C5ED1F7DE2
:10439000946F20B803374758205272E736D89F28C9
:1043A000B03F2EA3DA1F82F9F5081ADF93929340EB
:1043B000E3621457C63B8D6A7B08E689F61196873F
:1043C00094D4DE04BB1305F64B3EAADD21983BDBFB
:1043D00087EB540FD1A9DC5FC0E64471253C2A5F0E
:1043E000C807957F317C760E9A59638F01D0622978
:1043F0003324BA35B3C63EC745A09B35D63D8DA8FC
:104400007C315ECBC21132A0784188927589E73940
:1044100017A3ECA44A83E3E9F01A12DBFA7558D427
:104420008BD45A9591AB2D23D9CACD0DFB60A5F83D
:10443000A70B1E4EE2683F242A43DA00A79DBD2247
:10444000B610BE7222951669A4D212C5CB1093A9DC
:10445000E1DC8FBD5CBE18F637613C681FA1549249
:1044600084BF4802B849A20C6D1431A432E0A354B1
:10447000B69BDD08946BB8FD4DEB8B17DBF97EE145
:1044800021ADAFB18F31C3FD85A2CC1ABB0D077F23
:1044900021BD862BB3AD2D5E6CF7602E3C147F9151
:1044A000DA6E56AC1E113729CA924A4B152B2102DF
:1044B00053C3791C5B395ACF72A4D6430C6178CFB1
:1044C0000AA4B26236ADDB6CA8E18A9AD246EB59F7
:1044D000518DDD460CF7188ACC35761B05F1859297
:1044E0001AAEDCF6423999653BDA23D009AAA8B1A5
:1044F000DB88E11E43D1C11ABB8D5AD66D3E54C331
:10450000955A96150BFD7A8843B8ED813552DB211B
:104510008630AC5F4516A9AC944D86F80BF0E76E7B
:10452000F268FC6970F0E799E1FC39E3E0CF926E44
:104530007313E6CF92D1F873C1C19FE11E43D165D9
:10454000077F20BE7011F36751F162B35938FFBA8B
:10455000A788C3B4E8CE876C408DDDC74828E24009
:10456000F3340E2BD05663F771C06F68ABE14A0E7F
:104570002E2C5EBC8D7BA84D9E98475D8049DA1F2E
:10458000B78D1B525264934ACC6CACCEEB6E0DA728
:104590003A165BBC78073782CF90BF67E7CFFC1D28
:1045A000DC50EEB05249091BADF3646A39F7C6E836
:1045B000E2C545DC48DEB8D5DAFB1F857B33D4D2B3
:1045C0007BD6DAC730882C78D6726F1D9CF3C7BDB6
:1045D000F1A9256DDECFCE7AB837015209F8101057
:1045E0001DAEE5BC8FCDFCE3DE84486DDEC7863DA5
:1045F000DC9B9952C95BEC0C9D67782D37B171C675
:104600001FD2088C9630CBD890876968A4927276B6
:104610003A589C5A6E7CD5F43FEA0B7819B576FE71
:104620003FFE505FDC92A59237712421A996DBDB17
:1046300018FCC7FC4895304BD8A90FF3235D2A29F5
:10464000650321DA5B0BF621F08FF9B15E6A31C4A4
:10465000101EEECBCBB576FDF2D57966D572E31A96
:104660007DFFF8EDE6D4DAC7589F226EE878C5D70B
:10467000DAC778EC57D47245071FFDE3BE14492D05
:104680007E9B9DF8705F4AA4923D2CAC24ECADE576
:104690001E3D36FE8FFB5221B5783FEBF5705FAAC9
:1046A000A49222D64BE77910E4A3D1A378713937CD
:1046B000DCEE822F514B2CEB3EC538A29FC7874BB7
:1046C000ECD15ABBFE41E4E0682DE89FDB1FF7AA5E
:1046D00081B4BDADFDE13E3592FBD76EEABCCED4D0
:1046E000729EC75CFEB8471748BB1BDB1FEECF2589
:1046F00072FFE44D9DE74578BED1E98F25B599E07D
:104700001D1CF67C1BB97F00EA6F87E7ABE47F5C7A
:104710007F17C1E3DBCBB9A13EC4DD5AC987D0798D
:10472000DA70FD30F263BB3A62A40A4C0D212B0F04
:10473000B07FE1A78691E5688658BEBBE3A768EE27
:10474000992E64FC43AC0A914AC64FD13B6FF2717B
:10475000DC8F77E99D7F4CED47919AF197F234BC5D
:10476000B3ACBC754A8531CEFAD5DDFE91B86E0D7D
:1047700004B703E30601EE1FD0FB7D288E1670BE42
:104780008F366AB91F2FCB47E25EF0188AABA008BC
:10479000EEF797E991B80D2143710D40573C4DAFAD
:1047A000EC171EBE96D0032BBFD5A9E2795DF87435
:1047B0002E3861EFF5B6CB81B03F6D9DADD162EE85
:1047C00010D66F37449538A587261D15324663DC11
:1047D00027E02F35883BD4E4E217C1C8894A6D42EF
:1047E0009ED4EA11272A09EB8739EC901395843B74
:1047F00015B3C527984C0983EC448293C9BAA2B873
:10480000A64370025AD713DC497CE678708178326F
:10481000B1E682DA5358E7BF289DFB54716F9F823F
:10482000390FE7E6B958D7F5F6DB4FADD1E215E71A
:104830004C4E3AB56660339CC3B6F8F0DBD95AEB00
:10484000EADEFB76AC148CA52891B07445CC1C38FC
:104850009DB0C8538001020C17A0468049024C1736
:1048600060960079019608F0A0008F0AB051801779
:1048700005D826409B00994881BE000304182E40AD
:104880008D009304982EC02C01F2022C11E04101FE
:104890001E1560A3002F0AB04D803601327305FA51
:1048A000020C1060B80035024C1260BA00B304C8A4
:1048B0000BB0448007057854808D02BC28C03601B7
:1048C000DA04C8CC13E80B304080E102D408304948
:1048D00080E902CC12202FC012011E14E0510136D3
:1048E0000AF0A200DB046813201325D017608000B3
:1048F000C305A811609200D3059825405E8025026B
:104900003C28C0A3026C14E04501B609D02640A69D
:1049100046A02CC070016A049824C07401660990F6
:10492000176089000F0AF0A8001B057851806D02FE
:10493000B40990A9155A2EC00001860B5023C0243B
:1049400001A60B304B80BC004B047850804705D843
:1049500028C08B026C13A04D80CC0C81A6003502C0
:104960004C1260BA00B304C80BB0448007057854F9
:10497000808D02BC28C03601DA04C8840A6D166036
:104980008000C305A811609200D3059825405E8081
:1049900025023C28C0A3026C14E04501B609D016DC
:1049A0002AEE9396F6D9AB6FE0CC85558F63FB1456
:1049B000ACAF36AB986879FE61C8B415343FB53EEC
:1049C000A0B12C4DC5A432E4FAB309274DADF25481
:1049D0005D913C44C58490BBE884F22C7EBED2FC41
:1049E000D302EED92E5A778173B35F2FEEA207520E
:1049F00060DE1322DEF901F6BD73973A206FE39A69
:104A00001ABEC73263202937F6BE674005D4211786
:104A1000A9F97CB4D4961BBBC132890F9B41B21952
:104A20003E1E48E1FD4D251D32EBDEB0C19DF62F47
:104A300057A19A095F77FB378418ED779A8F847FA7
:104A40007D35E5A6FAEA0E5DD1697B8D6081FFD3E5
:104A50004177FB5784EC767CF5EA5FB0C3F4E44021
:104A6000CA7D35E4838DC5F8EF86E816470FE95512
:104A7000C5BF279CC4DFB6C41C2176F0886723D845
:104A8000E810159C3DEABA3D2BC9B3E3E17DFE6D0C
:104A900050F3807A6007A67AA2DED123F4CF553690
:104AA0004C17BD42AEABA7C02E071406A717882728
:104AB00051BD33376D9FC745F4E734E37653ABBF41
:104AC000AF4A5EEC06676ECA8BDC544C0EA1D15027
:104AD000E5DE685174E1ECB5E8E7A1B56138C216CE
:104AE00042694E808D87D3ED5B67F6DB6DFBE7D4C3
:104AF000AD7D060619BF5433425E6036B1C76F877D
:104B00008D5F84A622C80D16F346E08435F1843CFF
:104B1000F1D41BFC3D33DF2E5E0B67D617CE301E63
:104B2000D3738577E10B82DC1B77D1FB9F139EBD8E
:104B3000E9E04EC3FEAC8B909D12D2B7197F6D3069
:104B40007B076EA9C9FC217A7E0729DFE77A03BEBD
:104B5000F1D30B714968E904FC252E730FAD735B2B
:104B6000EA063CF5004EE3BFE313F9EF78E11B984A
:104B7000CC6226DD3290F216BC8DDEDEEC1D372CC9
:104B8000035D2AA659E29F79F95578127F3F480EB6
:104B90004FA21B9687BFDE84BF4074E0EC74F29591
:104BA000A2E689700C2E1EEFC693A77B2BD3454E31
:104BB000301BC53BCD7D2206E345AE7B86EEDEA3F2
:104BC0003478F71EE5CF34137AF8DC3FE13425B4AE
:104BD000255723526A5BFF7CFD4CE3FE16332B9C6A
:104BE0004BB5513C55B2201FBEB1C58A181A1DD90C
:104BF000179B97ABE5E3DED754EB3F30CE290C860D
:104C00000C7DD875B75E3CA71BB24C855FA9FFF33E
:104C1000957EBD6152304ECFC67030E2E27C58EBDB
:104C200024DB83E762ACBBCD77FD7CE08BA4627BA9
:104C30005C48FF9C49FF6E9CE349FF5E24FDF985BB
:104C4000F4CF895CB74364F4CE4E6D6E0067B03923
:104C5000738D1616DE46A18D3562E824F12D55219F
:104C60003E75509276ABC4377E35D1FE7611839770
:104C7000ACC335B1FFEC6A759CD0FF8D70A2A29CCD
:104C8000F47F156581AFE6EDB1DD174E007F4F81F2
:104C9000A65508BF2AE1A0640DF9EEC756D35E25DC
:104CA0009DBB2741FC2A85A80B9705AC7715E846E4
:104CB000BDF0AB4A814ED6533770EE57569274B65C
:104CC000053E6972BA1E32E92027127F9D4A90E79D
:104CD000AFD3BF354172A20A7674987B8573C03C0E
:104CE000E1EC12EEC665FCB512D8B77415EF8CC4B2
:104CF00067BA5101E9F56A03DC0BCAECF70B814393
:104D00004983683565E2EEB439D7292CD1F884613E
:104D1000AEE72E44A32EA2DC38D7AF4D3FA423D359
:104D2000DE59A87A6F7186A9D7268BDA56770934AF
:104D3000E31457E4443BAD821380CD705A38ECE65F
:104D4000B9B10BBE8E278F845350F0FE9EAB6F1C03
:104D500031F00BD5DDF84434992BD7DA81F00E9E73
:104D6000C86D96E8D052272A34EB07045F197A0BF6
:104D7000F2D8927EA62696382D674EAA6F438BA254
:104D800012FFB311AE702BD7955101CA36A715A1EA
:104D9000E90CE5D4C22BB2EA310F44CF0FBE83AA8F
:104DA0008D2AF97704E38533F7FE3D939968C3A70D
:104DB000F66EEB40C2391AE26EDABF8BA70F2CBB3E
:104DC0003E34CFF383C299DB7541D177F0EE1DB04D
:104DD00063E48B381DF3C1D3E23E13F6A846150EEB
:104DE000A450F1DC4E1B9C7C15821279E9AB7BD17F
:104DF000B76C29CAB6CACCEC1DCACE5CEDF04CF536
:104E000028E12B2A787FF3EE2F7F84D3E8F7F17225
:104E1000FC8D8E0AA1253C2F6772E05CD43F2CCD1F
:104E2000C9677278B96FAB6F5A7A17E4D0C943D0AB
:104E3000393ED1FE5D91A57DE7F4572DDE5BF82F5D
:104E4000F1374961F7F73F73B5C761070492BB704B
:104E5000656D2A73043ABE775B0BCE5CE483E02B6E
:104E6000B07B9B1E981421271BEB6D2936E1BC6596
:104E7000F1C432F89282F1C4D9291AF36241D2EB1B
:104E80003017FD6A0E7D04DF9BBB6152F89C94B223
:104E900016C56FCE103D0897FCD86A83359A790005
:104EA000DBC220FFEFD00F62A926849C3E7A174A0E
:104EB0006320E31E971E3A7429B0D82F448ECA5F30
:104EC000D9F98B2E353624DDA26E85B71A96561B7E
:104ED000FF13C6C83FD4F4BD287986EFF1C9D6CFF9
:104EE000EFC2ADB5DE6DEF3F51FFE94B9FBE7AE7F4
:104EF000720278F8D58680BEB316C7C956BA6990D3
:104F00001D2DD069FD574231DEEF3419BEB726B4EE
:104F10006D91280F99EFEF862FB9E6364D02BEC28C
:104F200089103C8C2C22E7E16469730F3EF5E5B4EF
:104F300079C2436746E177510627561A9B60C671CE
:104F40000AD7CAE41C90DFA9779C72886D867C4BD7
:104F50006E0058A922C18AFC1972E0C5ECD2D9C6EC
:104F6000D39FAE2D7F09EF0716BE322D7C0D28E8AA
:104F70003D6F8E0AA8347F2F8CF097ED23BC372726
:104F8000F801495D48F403C477905322B65C5B99FD
:104F9000DB54FE3AA604FBE0685D8D360CFE3AC198
:104FA000DF10EF578C4D9FBEF4D31AA196F5B18454
:104FB000DFE857F1FEA7C233E4F766FC5B68930EA7
:104FC000FF12291F7A4BBEC9551B55CCC7FD3B426A
:104FD0002EE8C95F667E3F5138DDFA6DF8FAB0D031
:104FE0002764756D24ED781BDA21D0C1FD26F6F417
:104FF000B1DC00329AED9D60C92BBE6AE9865D7F07
:105000002A48FB36255FA6F0771B411EC7C26E6C8F
:105010006ECA97A28DC93463FDAB53B42157ED5FBF
:105020008E29BCA8F67F1FEB9838709F0A746F2FEB
:105030003949F4E826399FA0978CCF1389BD2DCA32
:105040004EAE4C9D217CB9363B790696680D398170
:10505000A48FCCF776E57E53AAB3A5B87F896BA160
:10506000CD95A9386717E3DB84AF79E1AF8E49DFCF
:10507000BEC2E36370213E15FAB8F1B3C212D01478
:10508000C830870C75518B3A4EC159525CC9AF5923
:105090007FB06F1DBE67CA1F60C4FC62F4CA96ABC6
:1050A000BBE312E10C7C29E3B8F9B5E7FBD625DDBB
:1050B000B0A8DBA1BF3333B6F11AA5266AEFBF67EC
:1050C000B25EDCDE63E82FB3AA265A273A3DC80D4C
:1050D0003CFBB975CFB1FBA2D4EAB7294F8FE79E4D
:1050E00068F23523CEEFA314CAEFD320CAAF26420D
:1050F00026BE83867362EF820C93DB767E59AA9B71
:10510000DC54BA396617D351AEC3DFD8CA0F2FA407
:105110005BD64BED23DFA83550B1E9F56DDD5B9231
:105120008C16BC0BF4E152726AE1AD55499E963F74
:105130006FB864636FFBDE0C6C4F68393FF05DDF66
:105140008F777EBED57203BEF87DEDC5812385BA0B
:1051500069D17726C1091207BE265F9E324B237D97
:10516000EAFD64F89297F87E021862A75E267661DF
:105170000FB9DEF05BEA92B40FD2C6ADBABD2571AD
:10518000EB91AD635EBDBD2611BEF73D66DDCD6C16
:105190004AE389CF6290BE9BB85BA2DBDC23791027
:1051A0008D9D22159F0DEB2CB95AEC1FC089ECDBAD
:1051B000830BF8B8E346F8D6AAD69C2AE8B70AB417
:1051C0004FF8E5F3BCAFF4CBE50F7D8437898F2032
:1051D0009C8CDABAB13C55A53E0DBB4D4003C3CA09
:1051E00053E989AA65CE70EA98DFA799C079AD0C1A
:1051F000DB22F02457C29D8F2228ECD3EE87AFB577
:1052000002AEE003FB4A1A3F07BECFD363A0C551ED
:105210003EF09E38CA577D0727B878AB6D08EF3748
:10522000F0263E49373E0353F89E63A6707EC09138
:105230004AFC3D4B163EA400BB3BF05ED67D726738
:10524000C45D33C3AE51D8AD78454B2514E7CF9636
:10525000CB84EF5A889A783DD868B72FDDDEEBE132
:10526000747B239CEE0F1E4A077BAB17FB87132A28
:1052700004EF53E05AB3ED895BDC6EA5333EEF13C8
:10528000F44218D5ADBC2201EFE8748C6A868BC756
:10529000852FC005F2F9E14622D1CD0956351345D7
:1052A000FC96A7C51EB13FC0A93B5388DFF2B77972
:1052B00016DC87FC434135EA4CBCC324E8BD796F5A
:1052C0008B770CC73E7E5BBC977942BAA73DFDF158
:1052D000DB277E27E78E2E63E2FFF271D058D5ECF4
:1052E00009708E169C7E683132E55C19D814C6664A
:1052F0007D44D9239B0BA75FF609E73F6EA7E21316
:10530000B79B5C90D33E4689BF63226AC265D7369D
:10531000722D5877D4E9FD9AF8ED0B6C9FFD6A0E5B
:1053200023E0D0663CCE046D60940794D67165038B
:105330002E694EA9E676E1FD6CA2E2F223A1067188
:10534000E7DF3CF515D0BD69CA27973F65EEC4A7D6
:10535000FCFEEB5995279CA2063B2B0ECA561798CC
:10536000DB84FD12EBF729A7A18C12D12647EFDAD7
:10537000C74E10CE50F5FB578436CF2B6F42EE1E32
:10538000BC2BA5CE785836396E2009E432BEAEA0CB
:105390004AD6BEF77C39D9211FE157E38284B1EFA9
:1053A000A0F92BEF9526259C0083AF66F47EE5BD22
:1053B00056F8F504FC5A2FFC0AE9FDEA1CFF82F4BA
:1053C000BECFBADF10DB109028EDCC8B7E9C9966A7
:1053D0007D6CF68078FFE022A26F64AF46CEA756C0
:1053E00077E6E72964E4F38910DA79ECD07C2BCBFB
:1053F000FC3FC2DE3D2EAAAAFB1FDF6766CE9C19CA
:105400000405071C112C64B828A991A0A829A13271
:1054100033A2696522594F3DE001F15AFA28A915D6
:10542000C5381CC641496980D1C0E7215450BA7CB7
:1054300052C2494D010D79B0D4ACBC7679D0114639
:10544000CD0B26174191EFDA67EF0374F9BD7EFFAC
:10545000C0EC73D6D997B56F6BAFBDD67BFD8CE32F
:1054600012D31D712C7D1EED74039C0E40BD9087E0
:10547000285F331931BE9EE6FC39E66558ADD5DFAD
:105480005428CB40BE6B89C19E852CB7F58A10EAA3
:105490005CD1F688777347E6A84D6C51AAB50E0328
:1054A000493B7DD973E2094C1C73C5A7D4F5F67648
:1054B00084E74DA516F7C2F8F697E02D2D3760B4B6
:1054C0001DF0A26D1BBF018E7C8C9CEEECF78192CF
:1054D000CF4D87D387FD5E4D65DE8613925F0F52F9
:1054E00041FEDFF9AFDD867730C0E686F2BCD8EF4B
:1054F000F07EEABFD64F0DE737FC3C95606EF48333
:10550000489E20CBBEE86789422743EDE7A0F4FF21
:105510006B0AD7E2968E680F2735480CC0FD0BBB8F
:10552000A73BEE63F0A8176560E32EB5213ABF2BC9
:1055300061BD16D0232F7BD64E5A246CCC770A74CB
:10554000154A3942DA563D9C9E6BA474A86AAD2078
:10555000C91847C3B2BC4E523CB5624A778AD0C51F
:10556000041FD82BE87B22D12C06CA7A8A43BD9D22
:10557000AE73A72E56891464D7AF09B3FAD68751F4
:10558000346CA1909E2F4ECDAA1AA697E3B14B5A28
:10559000E22BF6E1176541E5D6174EF6E68FF642A7
:1055A0000F68710F94B9896D7FA63D8078FFF06E0A
:1055B000FDA0E736B23FD39E0BCB0A6EA4B853567C
:1055C000ED74284335FD7D329A6A77162D705AB9ED
:1055D000F02D6F6C5AEA4CD91FBE758D53C6858B62
:1055E000325914B7831F58A6287216B93C53B73ADC
:1055F0003F526E71F95FF17739075F78E8BF76FB4C
:105600001D328B9E7DC6FE2AAC2D3927372FDFAD8C
:105610005106D4505CA0F7295F8E35569AC7037E99
:1056200040D397C83C9E639CAB073D31985FEE80AA
:105630009EE42FFF00F5DA38EB17A9F5C1D2FE7210
:105640008CEE279E2FD3376C36953FFEBBF8B0FC0F
:1056500053AB52C402682C63CD95567689E4C5FAE3
:10566000883DA9D17A887BFA6D90DDF97CC06C16F3
:10567000ACA8E7FD43E6A479BF95E3ED3B9FF4BEFC
:105680000918082AFF66F8CBF95FFBC8DD7CC01D4E
:1056900022D6A93B012B08737143998AD7B887C3D7
:1056A000EAC46ADEF147FC20F740B12F58B11F6D04
:1056B000BCA21FF8076E44747DFC9ACE0656E3C167
:1056C000C8C14F07A4355ED64F55A1EC42BA0C2590
:1056D000600D380B5D8FA02F147C0E375A78D614CE
:1056E000679D059ECFAA85968A363BB3E7A82DEB2A
:1056F0006677FE6D7A6EAED12AC57363CD2176FCD6
:1057000094087632132D4572BCC73FC7A243D63DDD
:105710008031DDCC815739E4003BC2D7E34764B91F
:10572000F3FFB915C26F560FB759D46E835515B034
:105730004BECD8AC6EBB41B9597B98D6EF81498F01
:105740006B6E0EEEC7523ED3B18D3AC9AE11DA4937
:105750005A189C957BEC08FDBA917E5DDD4E68522F
:10576000EF139A46B3A94EFE15273B222CC8A27C04
:10577000A09401AD84D2D84628F5A6DEDC044AD335
:10578000F03BDDA73AECB06B42FFBED74B23E553AD
:10579000DC4CDEE9D3FFD88E803B263D4B6762CCE4
:1057A0006BF4FBB7BD6ACAFFFCFD4D11E948A4AB21
:1057B0007E85D0096B7BE96ABFA2F9DD704FA472C8
:1057C00027FD125D07AC7432DEAAF69840E225F997
:1057D000B9188395AE126C353D4D346983C5B492CA
:1057E000A61BF16A6275D11137069F2B61E4B09A4E
:1057F000B7FD20BE4F3F4F1CD50710AB081E73A34B
:105800003863C7B45F25EB7FC07B782783FD53C126
:105810003F4C9846F1DB9DE45DC67B945F8D5E7ADC
:10582000880BCDC30AEDA4D16CD7486B41C300EF00
:10583000159ECB0023DDC70DF6342A37FC8047B810
:105840001CC6FA922C53EFAAF15CD846D823BE0BA3
:10585000B3D8B2AC0CEC7CA297AA7E16E5DFFBB401
:10586000BD17E2F68A6BFF52E726EE145E419C2AD2
:10587000F614A1655FA0FD993B62BF302BF810DEE6
:10588000E5E22A2A583CE231BA86737DDD8508CBF1
:1058900079115D7279FBF643803E49C6771E464416
:1058A000FBC5D173D63662A924F459904ABE027B57
:1058B0001988B5C443C81772EB63BDD335FF943460
:1058C0006E3EA6FC3DFD46F3803B70F3F3762BACB9
:1058D0001DE556E7F3E1DDA552BF539A8093367676
:1058E0001343FBE9133ADEBEC13B86DA686F431807
:1058F000F7F0257CFEEA8AE297B52372BF02A78003
:1059000028D1EF2FFAA03D8FB7F563E45AA0847930
:10591000E8A2BEA284C3077F95EAB39BD6E7B8CDC1
:105920009D61520C74DED42FA4115B33BEC0586D40
:10593000A1A9BAC17765A053DAD0E1067AC3CC0E2B
:1059400005A0AA70E172385FCBF9F517DD6653CE7A
:10595000EF1A4FE7E32EEA413CEF5EA067B8668797
:105960000C29E559325B890C55581720A7557DDB6A
:10597000346282230772D6EA74BE773122BD5CE7B7
:105980007657961FC73CABF140AA0ACB26C67C923D
:1059900043AF5389A2786E92D1B7DE066818108F94
:1059A000DDC2B979ABF6DB75198E0E6104EF7B535E
:1059B000C667EF91AFF7157D6C7BD60D5D86FAFE5D
:1059C00053BB355C22D43146AE535F96ED50DF9524
:1059D000E5C6E91DACBB3377CF03A9FDEC76FB45EB
:1059E000318EFD41CADF4AF3576A44D6BE92A28A7D
:1059F000AC077D573EC726C46FE2BCB593E14B8F21
:105A00005B61505758BB7C8CF879C5790B236CCC03
:105A1000396D9EEC81F86C0FD92176F894DB5984AE
:105A2000F7869511C213522CC71DAF530930602F52
:105A30003BE269F51EE4631457C091C33C9CFE37FA
:105A40003B7977757F88210EAD88C0ABDF00759BF1
:105A500054D3943CBA7E7D8CB1DD289FF34BEC9BF4
:105A600066D2FDBABCF7F92EFCFC0D4ABFBBCFF3E2
:105A70008212FBB7127D599F7CEC40FF22A5DF25E7
:105A8000CAE264264F0669A7FA5E48783859CD4BBA
:105A90000BE8F8B0D3FCEC747F2BB91712406916F1
:105AA000E6D175358FAEBB05B4BCE2BBFB23B29625
:105AB000323AD486D87E4EF6A7DF2BB8DFC01F99C6
:105AC00043B7DA9FAA02907CAC67F82768E8548D48
:105AD0000EDE34574E2445F6DC3CBAEBA11CAF5A1F
:105AE00029125E808710B6F2888DC5A8BD145D6846
:105AF000A3FA1699990BED14176130F8B50F7BA333
:105B0000F98D6A73A855C9E7D995F8E4602E4B6DF5
:105B1000C6A77B90F3AF819C2F3EA96B03D95F7C16
:105B200056D6253DB3280EFC07AC5207F546EF6D5F
:105B3000A884F1CFB4E2DB5E0E10CD55E671562E8F
:105B4000A4CF5A14A3E41F673F877367B800E3DA52
:105B500092B1AAD8184ED7471B1DC5A3A0B644FEC4
:105B6000FD2FD5DEBE45E30DE44A1464752CDB8CB5
:105B7000A3A7DDAAA3DF6FA66F4790AF6BBF867C9C
:105B8000885E612DFD3E47A258E519170E27527118
:105B9000456D18F6076DA0B8427132AC292D95A25B
:105BA00014EEE6F56C69AE919C2C63ADFCA056B783
:105BB000A2445F63891D6B38C06E00611D472BE8EE
:105BC00038A8FF7F373FB05441EAE8B24ADA1D29CE
:105BD0003E5FF14BFC636C71DFEF9BE07B4EFC9E04
:105BE0005737C9481E8D0FC9F9B251F546F3E68BF8
:105BF000F82E7B5725FE7B2F342652733E0A62AF68
:105C0000683D537E6A3C5C9408FBC3D2559EC6F047
:105C1000A2376CEDA1B2555B8C915EB46531DE1D8F
:105C200007C9BCB566E051CCAFE73E2C4A0434103E
:105C300079891DF438E16C2AAC8019AB028CE16AD9
:105C4000E316F104C90F69EABF6A8B219C7783B31D
:105C50005B94553C0780D6D6CEFBB00592FE034D33
:105C600086FAE7A96919A8BFD4AE8099FC4056D43A
:105C7000CD611D9C3D5CAC41AA265FD15722776166
:105C8000893C1476EA5E89DC6AF4AF55AD25F4C828
:105C90009DF764B7F48E96C42F200AEBFB629A48F6
:105CA000E21EF0FE7D7B1DE66CDDBFF86C6ED3E07E
:105CB000B570CEFE9C43BE7593DEF839159F21600A
:105CC0007C65F7D47F694FFDB3310702859EDD9473
:105CD000F46CE199C398AB6A47DA3CC2F7942B9411
:105CE000EF8B60E7394A4A2A5B21692201CBB5096B
:105CF000EF28CA3B14A7679C8DFDFC716D23FE4203
:105D00007F8772FD5E505AC622FF457BEA06C714A4
:105D1000C5F08FB7CB54C9F60CB1B4A7D8CB9E8BC6
:105D200054C926897709458B2E7345D7FA443549DE
:105D300010717BCF8871571E343A921419D74EC216
:105D40002D827F0DD64BE23A0C9EE2A8E33E077D02
:105D5000B507444956506CF9B7612C6F21B1194908
:105D6000ED852432D2135F213814C21A9A9E07F1AE
:105D7000E5124964E17201A2E72A11203C6344C89C
:105D8000C689743618E1991A7434F1224E64019E62
:105D90000FBA624E7A3BF31F31F81BB89B53A22413
:105DA0003B7C09724414434F768999FED3F90FCA9C
:105DB00068AD32FE45CAAE7D83CEBAD9802BF22CB7
:105DC000A91FFB32ADCF0BB47ECB69FA59562F38E1
:105DD000C2688CE1C4D7A576659C193CBD64A14618
:105DE000A958083A29D23F09E48B985934BEFB627E
:105DF0009A9E4E91C89748DF569F245FD4CE6FADD0
:105E00001CBA12E30B10A4018C878A2320E1C84737
:105E1000F67A3C4B46CCC16364CF6FB4FE0BA51C35
:105E20008AEB490EC1B44C642065062FA0E929CC49
:105E30008C5E8C82DE283E7384A96294577C969592
:105E400050A2D055C0D226F927F6E47FEC046D9518
:105E50003087EA9D9E5907D1929919819BEC93C492
:105E6000F8448FD9DC3206066ECC9F59A1855DB40B
:105E70003D9431855E3C56A86CE926E84411E02E3D
:105E800022C7FB14C103D232D32716B8EBF9F5426F
:105E90001FF4FC04F941BB1930F7FDDFE40BEEA35E
:105EA000433E8750C4359699C23AFDF3BBD60F32B4
:105EB0007D5091354F7EC87B23AAB8AA604C41E340
:105EC000C4D83D103DC3E9FF5EEE3721F4A622E6BB
:105ED0008988143D8363426314B9888E208864E402
:105EE000D4AE6E57F74476C4BA6BB839F56B73CF3E
:105EF0003D354E20E33E40C6D4431C58445231CC7D
:105F0000B0CBB47F9FEFE9DF0A3A2EF4B4FD4F52D5
:105F1000FC9467693A8C8C5B324B32623CF4381AE1
:105F2000146031D2A8A9D533A59C1A3E9346887E29
:105F30001ADD9D9F88AF22525F1D95FA42597CD78A
:105F4000E363DC7A0CE3FCCAC7EE1A33AC91488AEF
:105F5000CA583AAF7F037DD87832AF6BF792B15F02
:105F60005D89D7B1D199CE416D0F8B966C5DB8210B
:105F70004630308603F44625A09E093E50057160E8
:105F80003C5A00313E02E28992982BAC14FDFB0290
:105F9000EDFFAF59DA7ADC0ADAFF3BA43AB393F7A4
:105FA0003A70CBE5C18D4F53E9D63BC5415605E369
:105FB00016BC2AE47F836FFEBC0C80F0AEA7F10311
:105FC00082E0BE8BAC27033B8C5A58B17423DB03B1
:105FD000853E38F8384A2968F4EBC4FBBEC7F8F7A9
:105FE0001A65189D19F01B6C38CA0E460023F71766
:105FF000651F94DBB3396C71949E9016CF6F7261FC
:1060000069593EC556789E63B6D6685ADB11BE8183
:106010005C9FE173545EC7221C4F95D7B4A36D2ECD
:10602000B91E52F064E876D0F8B2029B3EA8A30AEB
:10603000DFF5019E6535DC252D8272C72F1A576E5C
:10604000D17DC102328443E5862AB258B46AF04B4E
:10605000E1AB4A55E1F2B31CEC6663519A56ED92FE
:106060009F0F4553B989F960550B77E62F8517A522
:106070008C35F2392E146FC4B5F131F2B92E996016
:106080002C6AD47DCECAD667EC35FE5275065245D1
:106090002B3D526DEDED5D80EFF708229F62BCA8AD
:1060A0002B803EABD423EFA9A690C153FCA7160AC0
:1060B0001C727E78F691C68783B633B9AFE6C04DC1
:1060C000245B1CA33A6A3BCF028AA001F91F733FED
:1060D0008AA3BFF69104443DAE0B5B60F15FA66EF0
:1060E00048955930E2A14DABECF396CBC36FBBE2C0
:1060F00021D84E82EFBF35F81DDC8B6C7DE3ABA55C
:10610000130BD65BCA85BF7EE1DA82BFF87B7A517A
:10611000CB71BD0C34C46C1F1D6EDDAC83B067A9A0
:106120004FFBC30E1DC30C9EE9BB5D83DFC7BB984D
:1061300072888BB4F518454AFCCB77C619FFDFDFB0
:1061400031E277C0C9CB520CDBAD6F9B8CBEA72769
:10615000BD71E10DF8FF0DDE6B46E3FB95940D97E5
:10616000AF24327A3CEB7A69E1AC86EFA5F04D932F
:10617000651D8C07CDD8B130323CEAC5F3ACA3EE37
:1061800037A10EFF021D55F3561EA3EEEA3E6FBB6C
:1061900029FEFFB2E90641E1CDBA91E7F476E1FCD0
:1061A00004326219886B21EEB5AEBBD6DFC8D7C604
:1061B0002BE29B71EDCDA4DC98BBA6D003A73500E4
:1061C000480951FF1404CD86FD5F5E8ADF560B92AD
:1061D0000DCE5F2F28352FA96470665FB435C9CF07
:1061E0002704C97C0CF6A9762637CC8EDBCFE85580
:1061F000C758A5933FF7686B52A1FD3C722803E096
:106200007E6E9CDD643B28BE1F0A1C11C76C2258A1
:106210006B3C1F1B0EF60F9082FBF7769B654D576C
:10622000743E4186F49F2284FA43445990596AF09F
:10623000BC82F16E1477C843AE97301EB5D886B2D3
:10624000D0368712C90A211A175E79215E18F09A92
:10625000C895963924B69A6F1D89ADB6ED9860EC55
:106260009B1FFDFEC6DE63E2AF3ACB754D7B285225
:10627000D745E1B81E51966E4DBBF10F294B9F5487
:10628000CD466B9D148D8DE407AADD007F63EEC6BD
:106290005C97A3EED35FB1CCE07FCC01D13740E770
:1062A000E04956038BB3F0BC11756CEED8B8ED34F1
:1062B000AE21F0FF595C2FD36F0752A320A286CDE9
:1062C00072FE86FF69A61866B118376A4727F96F0C
:1062D0007EC621BEE55417A669522DE8C2B1AD466F
:1062E000FC7F6BDD56E3AB855BEBB4C7C4D8969FF0
:1062F000E35B3AE93613DBFBE452A4E48C6475A358
:1063000078DB596C8C94623C2BAFE23EC61CB31513
:106310004421AC2B01E9543DCEEECDF7C403338AC2
:10632000F1C006E378605F9EFFE4A76BE7A5DE1A85
:1063300027C9D641E4F65606918E879EB4C34A6AB1
:10634000AEACBDAD8B54C259354A05E76AA5E4EF42
:10635000A00A378F873508DFF7806DAFFF420360F3
:10636000F778D66CAF93A4A33FAC0451E23C8CC148
:1063700067827064A268DA89374B5219BD7F438700
:10638000639FC5744BBB10EBD90DAE4FDED8BDD4A7
:1063900064D03A310EEB8EFB7876F4C6DFC4164635
:1063A000FE2B21AA8B3A5306B7BDA069984D77C83A
:1063B0008C248C4A65533473F8CE026C003AF9CEC3
:1063C0004CD46B5B255B82ADAB345A728379025639
:1063D00090DCD3620F46A59E89C87601B6F91C9A57
:1063E00053E24B691D7D71AFA4121213710980FF36
:1063F00025CE32CB49096F29EB66841AA26DC70AF4
:10640000B12341C34EEDA256FAD64AF20C965F86EE
:10641000D3783BD5F79C6CDE2336F66215958BEB73
:10642000A5A88418B1A9153813424B43CF7BD5F6E4
:10643000EED792654BF1FD0EFAA5A5F6D595250D83
:10644000595723E0AB91387239B9635EACAEC5568B
:1064500015497DCACCB859EB006C644FDEC27AE2B4
:106460006F421E4A585D595767DC7FEDEA679961B4
:10647000D9E510F7376706E08BB1FCAC3CF4F708C0
:10648000827E59105DEBAC7A2ADD676F5179730F0C
:10649000135733B382B3222A7FDDE4CFD92186FBA1
:1064A00008C65CCBD167B5BF51F9B5D4B66602E278
:1064B0003F4C60E8F3AD54BED8C5AA9D8FAF7B407A
:1064C000EF03EDF4266B8746AD6078639E8CCAAB14
:1064D000F9543E2D6121EE635037B115166AA87C40
:1064E000535CA3CE755470D908970BB66B8F603F81
:1064F0001BC0AF8608946C03CDA196EA0603FE8DFF
:10650000A3186E33F2B71D4A22CF9499B2D983F9FA
:106510004553B09D30B6182ABA82D72E7BAAA8BFA1
:10652000AD3A5955936AE55A019DB7D9FF1787606F
:106530003CE9D07DAE441D559396E0DE8B16943732
:10654000C75D8DCEA49654CF95A430D7617715231F
:10655000C39175DF7F656E1D89C88DA371E33DE32F
:10656000AC038FEB5757FED1AE66DE4DB0AB0942A0
:1065700091AB86A370D00164B67A6B12BE042B4136
:10658000DEE550F005EC403CBB498CA7738C7D2CBC
:106590003E39ECEA77243FF2F549FFDA94143E43A2
:1065A0003A45C628E0AC0D37651FA3BF8FCD916378
:1065B0005C17EFCC6B7D249FA06447BE6E9E0828BD
:1065C00001788FC51609E7A4991AAADC0F3315D0F4
:1065D000B9076A86F8CA342F0F91E198F485CACEBC
:1065E000EE0E6DA11ACEC1BF9F1FC87F0F7A30ED8E
:1065F0007839FF2DE739312BD730F1EAE806AADBED
:106600007A777D4A602A20D17AE2B10AFB50762659
:106610003FB859377E2E5392E77ED30BAC1A14A2A3
:1066200055C355D1AAE185A3F4DCB89A488B8D1ED9
:10663000B4FFCD2BE373455ADEA70D3DE9500C495D
:106640007BC08438656DBF53FA9594DE8DD2675058
:106650000C316FF1B687AC66D7CF1EFEEB3A64BC47
:106660007FD03E72C6069E220BFEBBE6B0CC17C79B
:1066700036D47D11C4F03FAB5111589BC057E15B3C
:106680007F5B8575056B42655BEF9059176A32DD5C
:1066900001EEF9B8B5E1332FFFA31AF9AF5E6F67CA
:1066A000F41F5515BDDD787E36DCB076243851EB0D
:1066B000A3F433DB00692CAE7279FCE1C33A30DA23
:1066C000D445C2DA84658C530E246235D761ACE6BA
:1066D0006811E3D981DC937EC971071467E98C4C9A
:1066E000CF5F1F4094058205DA4AE5F12FE9698002
:1066F0009E0B41EF4CD2CBB59138A669EC407BA400
:10670000A85F194CE5E3F7A51C8AEF82C69ECCDB97
:1067100003C3144553BE4CF962CA96F44D8B7BBE3D
:1067200027F959697A91D3B36F54532C2F2BAF6A41
:10673000BF10E3A6AEF64FDC3ACD61D9580D314A11
:10674000C6F2AA76D4739AD6B4AB48B9C842F3CB92
:10675000A4F9F152E9C15FC08DC2B3E469750AA121
:106760006A34D174228DD468A6E7D10C7ADAF9A7FD
:106770003FFD5ABFD75C69F90779DA9024C68226B3
:10678000F193D321CE8E598CFFF50F6A23F12E7928
:1067900013FC0E5D4D5F2139ECFA8CA65FAB1763DD
:1067A00065D1FACDA7F9FF1F4DBF54924876BEE0E0
:1067B000705AEF7D5209FCCB749DDB4BED6AA896B5
:1067C0008995D27415133EA7E94EB11CB1561969CB
:1067D000B4BEFFA2DA8C1768B9B456C573E9FB15CD
:1067E00034FD1C5E8160DF0CC5187B20C725E2FFED
:1067F000F250EE9FB03AB8B523F1E9B0F6D728DFF2
:106800004643ADF19323DC4B923C406D4E5FA77144
:106810008D97D2F6CDA0E5EEA1E959F4BD341EA6C0
:1068200093728D01620913DB5F22E55A12FA941B01
:10683000DC3E8F8ED3105AEE3E6ECE1FCBCD584825
:10684000DBC3D3F6D0BD43BF8BA6F5F47D124DC795
:10685000404E62C96583C53226B73F2FE65CC93D0D
:106860004B627315B0921CA06CD96705AF94C5221A
:10687000BEA407463BE43F048D95310EE5D679D1A1
:10688000511F7354950C2356364C4DF39F48CB7BC8
:1068900099A6278877FE643CDDC0635E8A2B57B2D9
:1068A00098EA9D5F81C87262BF3BC78935F99C3306
:1068B000D0FE2DA4E3616C9FF6267848F3ED201DF1
:1068C0006FDBE8788BA2E3F1459A1E539248623B56
:1068D000F57E5DFCA2F475F57EBA5FD9697F444808
:1068E000233DF839691C3A47F5DAF68967D3AFF1E9
:1068F000EC0CF232C5FAC4D1FC66F7AC1F7B4BE955
:10690000E978571E2D7F34CD6F064D8FA0364B335F
:10691000A56F323E93E66CE3074210E55718E59FFA
:1069200081A683E9F89A2E7D15F031DC0392F99067
:10693000AB516452DE0684D2F1358DA60329BF62C5
:106940007BD6A732F3D8CC47B43CBAAA55EB685CE7
:10695000F56768FA311A8F768AF455CC4E8CAF49B8
:10696000CBCBA1525A00F94A9844D37EE4ABEAC992
:10697000D2570DC55016FD2A78236DFF50CA8F09D6
:10698000343DD8F9EFA0DFFADA3A520CFDEBFC36D1
:106990007670DF38AF633245EEE3B111D21E26CEFA
:1069A00093A8BA1160BDE8D53EF0AF3B4F199C5D8E
:1069B00033792C55626CEFDDCBEC711813356E0119
:1069C0005DE92A9960FEF93D9E0EA30A22F1E9CA0B
:1069D0005D811A8B45E73F4DD8D8FA3FDA3F4F49E2
:1069E000633B238FEC82026D894057CB444FDAFE24
:1069F0009134DDEF4FEFFB8BA7AD2FB8F5E2694B7C
:106A00003CB1D499F089E5E437B825E4CC150532DA
:106A1000103ED781DE12E1DA409CEADEBA74D3F18F
:106A2000355CAA4BF5467A1F2AED533BE9F8E0E8BE
:106A300078D1D1B40C7341B79F7B0B978DAD54C205
:106A4000978D5C21F3012D502EB57379404EA9FC32
:106A50008632A4D106A3D976FF69A6D0D66E3FA50B
:106A60000FDA2DA24DD39CCA98E08BA2DE79721565
:106A700096A4FE78D6C2FD837B47D9A28D94E17D92
:106A8000F1803D124755FEBA41A3CE8886585DCCB1
:106A9000DED3FECB3C570C7DDFC61A208650B07C7F
:106AA0008C28BB8863CA8FF26F30E557BB773248BA
:106AB000330BAD4DF67358BF95B5998EB7ADF47DD8
:106AC00007A5F7A1E9163CEE9D8FE5DDFF4BEC79BC
:106AD00092BF0FA51F48E9EF82168A8C7B3A376375
:106AE0005A687C7B4F9ABE43F9ED45E7437F3A1FD6
:106AF0006E5179D946D3CD3DFBA17BCF7EF89B88E3
:106B0000D25A978ACA05D33798E34C3039594EFB8D
:106B100009CB1B8CC1A4D7B07791F226D17F65FC3D
:106B2000D295E05B6336DE05E995D831335EE50248
:106B30006320343B3806513DD94F5EB5723DA6C245
:106B400034E9F18D3DD1D547C476CD65A94F4AF1E1
:106B5000435E918FD22353EEF7CA12BD5E1763EBEB
:106B6000EDC9585A493E5B949816FFBDB6F2373BC3
:106B70009C00CDA5A56745EB58F0E0DB9ACC27B685
:106B80002B331639B4A8FB7B0ECECAF7D3374DB8DA
:106B90004ACE89CA1FC0BE51D49E373EC9DB9A1463
:106BA000AC815DFCAE7253329FFA858220D3A6364B
:106BB000801E84EC63DFD27DEC57C2017AB707DA1E
:106BC00018C97215DBAC1EE29A90261F6B39CF32C2
:106BD000106FC9C986A6384C39FCAA034848D99019
:106BE000188902F3A906F75B385991DBC815497774
:106BF00005E38C3C8C9A3BFF4FFE24382A7A5AAD31
:106C0000A8B91BBEA1469B2CCA674778A50AF9AF55
:106C100000CD602637C87DD1B65AFFE4B4F8939B07
:106C2000B76FE48B386FCF65DE2B54AB41E3D03DBB
:106C300087AB483D877D17EF2F86771737037D1188
:106C40007811B7777783645E37E92AF965F9EFA49D
:106C50006BE209A5AEEE10D178D61EDCF60D796791
:106C6000FC5AA2721D9B740D38351D38B561FAAB04
:106C7000FCC06B9ED646FC95AE8ADBA74AAEE0CE42
:106C8000217E60ABE7FEFC31543F8DDE59D9389848
:106C9000EEC2C6FFDB7A8FAC68A1DFB24E9187935C
:106CA000DA4F90279653BEAEA23580A84EF6E96F14
:106CB000F1AD558FE5A4A8A9499D77D09EC18FFD60
:106CC000D66CF4961FB8239F9029873B67857FB2C7
:106CD00000234EA1386285DB25149D6D5F21F645AA
:106CE00092CFAD49C9587E86A78AF2EC39F06B5233
:106CF0007258F66CF27FE36C01EEDCD8F5F60AB65A
:106D00001CD9CE0F4110012CC10FCDCEDA9EC3E8A5
:106D100065DBFCE77A2EEB8ADF5E24C5E298B428B7
:106D2000A4005B70F5F66FDF88E487C0B25A63C3D6
:106D3000FDFC0373DC9E01FD7CABB2C20248F1DEB8
:106D40006D687FFE2D6AD192B174E55DF715AA6575
:106D5000B72A25ED035ECD9950ACBDCB5B23694DC1
:106D60006CDE9CCCB485C46E8728C3E26A83A3DD45
:106D7000DE7C91FFB051F965C2E46FBE7C05F682FE
:106D8000A1EDB2D1D2FC3FEB417D7712C7836F0CEE
:106D9000D18FCFA7ABDA1774FE7E47D3FF27E60C5F
:106DA00011B943F2DE99BBED34582F6D73A13FAE9C
:106DB00075847F31EFBFF1FC934ED83336BA94BF60
:106DC00054AD2F901BF07903C9C32C7B0CBCA64D8E
:106DD0006636FAA046835F163E19B73FC0D8C67E16
:106DE0004A25B686E06A0CBCBC0DED31D804657747
:106DF000C5D8CFE1CC08B35D95A8B0A912951A7992
:106E000006A7E98F94B6FE48A119F09D6CD773666A
:106E10001CFB74C17D197FE791CC99EDEA06BFDBBD
:106E20002EDBEF70CEBEF24F4584502A8BCE679595
:106E30002C77BD8A6F84E83210EF05E24A6F4E85E9
:106E4000BFF85DA1C5DE89755377AB68EAE1C92A51
:106E50001BD7D65D11D58C4E6EBE7C9EF814E253C6
:106E6000863C72E73E697F0589F371E06C25BE655B
:106E7000D07F8EFD84411F75DCAB511BDF9D06FB6F
:106E8000F55C8F9CD1F9A2645651F659AFF426C532
:106E9000037636F3BF5B14DA093842C2E2457288E2
:106EA000486D9F8BD79C9DD41BADE116912FCBCA0B
:106EB00073C0678D57B74029568646CAB8B9A161D5
:106EC00053E26C61B9A38F5448EE29A74852A13907
:106ED0005F0BE770B8FFE0C5159EAC7AD74A124148
:106EE00027EB1075B23BC5FC0F949560598FCC1CF5
:106EF000D74E68539B8B46E5E11F923CD967A83C6F
:106F0000B925FFA440AD6E8EF7E70B5A11B92FCD0E
:106F10001AADE5447DDE3EF571ED796CC3E0FA39DA
:106F20002C8B8E9FC9E4DB1D5B88AE8C702EB05914
:106F30008C65FC85A53BAABD18E1E8F31ACEF1DB10
:106F400038BC8E065524B4C822E65E95C5C3FD350F
:106F5000373882BB2ADBB619DF6573972B7E74C97D
:106F60006C050AF0A88AB034C1530D572DAF38E72D
:106F7000923D0D11D4FDAC4AB0A773C5D0FD68B7E2
:106F80000F1DC9D5FD285FC651F96E0395F7A81CE2
:106F900010602E641508A2C992F37A24E5FD5DEC19
:106FA000C1233D65E9D38CE61382F44C1F41BD1D1E
:106FB000EE483D704A2859CC48F93CA5EFB1D3F7CB
:106FC0005A99D555D241E5C340B8591D40ED08CC7A
:106FD0006E0295355FA7F36FBB54EB4444F319453C
:106FE000E650F53B747FDD4AD36BDC32DD132122A2
:106FF0003CB9AF1EA50D11EFB502410A71A3F51BF7
:1070000045F354F92703523BE9274AA70C807886B9
:107010006E97ABB6F0B47DA3A728E85C7DB3C8D764
:10702000E9DDD2797BC5ECD55E497D477DAC40FA80
:107030006E6803C9EBF81324AFE3F110334149F351
:107040001949656EC6FF59FE3B4E86B1E9E5E3423C
:107050004C42AAC70DCF45E2A81B5397C1DFAA43F4
:1070600043AF60CDB8BD0C9E1CE6DE15FF7FC4BDEE
:10707000DB572A71DE80D8C5C9F69D30A77666BE7B
:1070800033A6E1881022445BED89E2FA3751B6D08D
:10709000A3C63D11C78705D9883C9B802521AFDA5F
:1070A0001952B474173E5D89397FC9AD25FF2D6B28
:1070B000D755E1A800B35B5EBBBADFFAD946A2DDC3
:1070C00022FA46DA3F02956FD6537E2489B37A5767
:1070D000E324DA1F8F53FEF3349EE57B34FD1A9FC1
:1070E000A79611CE840410CE944E056F41DA1B2969
:1070F00043A88C7C077BFECB435D51827176A62929
:1071000056D30F7CF1E4ED03693F3E4EFBE7191BBC
:10711000FBBCDB4587CD4D21036B1FB17DD54F40B7
:1071200074384FE0EB796E20BF2D9925778B016F76
:10713000492B76CC2FAF65C1498AF4C33052ABC41A
:10714000F9348E631A4DCFFDABD68DE84FE513456C
:107150007F35B1A480608FCB24F798D53DFBC1F972
:10716000DEDC773DAE2F861D8F8960C318F2050ADD
:107170004CBA889203A5EF872D3E13C106D1773113
:1071800001F117B1FFE36BF42D7A5CCA5DBCFF5FC0
:1071900041EEFF7B73D73F662D9E01BE29127DB560
:1071A000DFE28B82625EA6947B8C1F589BDFA6F584
:1071B0005BD253BF93BD39047B90D666C44104595A
:1071C000DCEF5F45CD17FF17AF996F3562FEEB9E81
:1071D0006C7F8CD5FF7298C8E2CA162281EFDC5F03
:1071E000B4222C139F363E3A9603F7ABD4E622998D
:1071F000C69B4DA2D2400C5DD77C69FA19FAFE9F5E
:10720000341D9D53AC51DE059D3DA55B4CF54EB143
:10721000452B70DEBFDCC379C7DFA5FDF71A8D27CC
:10722000FB0A1D6F13E938F3A2E909F4FD7C9A1EED
:107230006FED89BEAE17E7E78C6B189B5F3E212E82
:107240008E4802B0A3DF0BF5202D52C83724D3FDA2
:10725000C26A054F39581D3C795507DAB0886AFC77
:10726000E10E13C75B83B9D8E09DC8E7B729D2A365
:10727000B2B8B40781C268AAE76B78B124C5E37AD3
:10728000209D5319CB875EA6E7D40DB4FE73A415D9
:107290002BA692B6B79F4F313D3767D13BFBE7A492
:1072A0005E4215844650D1F1F8A4B476D278C93341
:1072B00061D55C85778B6323882C1FB03EFEA23D91
:1072C000BEBBDB5CA9F722BB6AEDAFF955D2198AC8
:1072D000F874D3B6AEA5D61A6BD9D86D71DA30C8AA
:1072E000CF2DFB07D037903B78239DAFB174BEEA1A
:1072F0008A624CA11019ACB103BDCF7D6FDFC2977C
:10730000D0D103F1775610FD018DF73A850DA2E338
:10731000292057E1F40D7AF0E77B1B52E369C95845
:10732000E741297907C7C8E4A5164F2664CC556AFA
:107330000341C749ED249ABF5FE0427B23B6620E4A
:107340007EA0AD15C7EDB7E40D7A8CC62B9E48D351
:10735000BE34B781BDB981B688B4278AB667909428
:107360005B6D3BC90DE22193F1E84BC7E7589AF6F4
:10737000A6B979F7E6563D96F23F82D0347849B9FE
:10738000A5B490DC528ED2F147A33BA784D3F4007E
:107390009ADBA0DEDC1AC269FD47D3FA7B48B9B19B
:1073A00077496E60374EFA7FC095449ADF132CED13
:1073B000799D9B86614CBA49B9EF886BFF17B17E06
:1073C000BA48AF7775E1A67775E387A5EB229F4AA8
:1073D000D7854F49D74D7AE16DA0DB6BBD4A64A6D6
:1073E000E4FF15AD9EAE5A81DC5520A5A74E616C19
:1073F0006A936CB6A01B7F7741D1328D8239A18B05
:10740000641668CB443DA5A7D968E22F17EADCEFE4
:1074100052CD46C613FA9A7095BB27D0872BC6D398
:107420006753CA33E9FC0FA2FCA36B6A00CC350595
:10743000B51D111A218E1BE13F8DF4DBF8184D7735
:107440007D7A8D7E1F208D7ED01D93F5F32A1D251C
:10745000DD344EB31F4D77B26AA91E4192AE67422A
:1074600079667017B4F4393370401EC9BC6B8E3422
:10747000A5CB2730E9E609A677E4139977CC134D1D
:107480009813EFADCF30A77E3D591EC5F0A0779A77
:107490005C610995CFC89A2DC5D92667F060FD19A2
:1074A000736AE664677AC77DFF95E6B10C8F6DBDA0
:1074B000342C935C2180A50D9116DE1AFB8B3C9435
:1074C00049EED19B631D3AD5A73BBDDADBE87819BD
:1074D00048C78B271D2FB76DECDDF76C423ED548B2
:1074E0000B91B47FEF4EA8C2FAF9B0CCA8D6018AAE
:1074F0003016A450B20754913845967F7A5C2E5AC4
:107500008357C5DCDFA8E4F01A7880895E80316B90
:10751000F03A39A298DCA82FEE96AC5D309A0319A8
:1075200019419D78C50379F5815D414E378A2F5405
:107530008BE8F97922C8CC02B4CF13623AA3B0AB7E
:10754000AA65D42210CE35805140BD1563B464FDC8
:1075500029A7735F38D9B3FE349237743FED793E73
:10756000AD81F1DA631C8E74DEA25E82E898BFC53D
:10757000BB0BDCBFDCE667342371A739C4DDC42D47
:10758000D4593872AF069A8A1DDC4770DB771769C9
:1075900083B1E55D4A025E2BC43A8C211453BC9240
:1075A000F492949ED19544B5140D0FA55F313DBF63
:1075B00020161BFD857A7E25764ABFAA3B4A129388
:1075C000407B4BA44FE7FDBE277FEC672DD6B52C43
:1075D000F467889A3BC806F135C332E1E42670832C
:1075E000481B5C17F74124E713D89FF9C576159C13
:1075F00027C78C44D1D4A3A1E15863C2D87AF13E05
:1076000097ACB43526BD74A79C9832ACBE90FBB144
:107610007BA511A2D0280AB9AFBB971BFD58C5188E
:10762000FE75C9261F308FB4E21961BF8479742FAB
:10763000341C7B5444421C48395FAF44599CED2CA8
:10764000C49C2236C1A925A9D8B7FA2C78E2F79EA6
:1076500093A3057C46062DDC98CB0E40B31C530F3C
:107660007F13C7A455DD0B5D31E655F89B31460FFE
:107670007FB78C590ECF8BC7C4C3DFCFC7AC83276E
:10768000D56392E0EF7763E2E06FC39895F0BC7941
:10769000CC7CF88B22A6C05FCF884FE17940443E76
:1076A000FC0D8F380C4F622276E1FC237270FE11C4
:1076B0007B71FE11DB70FE11269C7FC41E9C7F44F3
:1076C0002ECE3F6232CE3F2218E71FE181F38F18A2
:1076D0008BF38F18EA6053FC58F6F353C2B0ED14E5
:1076E0006FE5651FF0DAF7A8024B29B068052D2772
:1076F00070A3195C8878A30381B78C4D5CFDCA71B7
:10770000DC1E1CABA7F4E189FBA75ABE6F3E77F3E2
:10771000D2B55FAF5E6958F870C9FDD75BC002CDC6
:10772000E9F0279C74ED26F7C2E0010DDC24FD5A38
:1077300076A426343A933FCA0DC1A7595D780762F3
:1077400062E797872FF1E3C0322244EA7DEE2B886F
:10775000EF37D0C6B577F366D0DD906787F8F4765B
:1077600099900AA7E6EABDFFF95E9B5678C6E6F552
:107770001BD450EE18F4B0BB6BD018AE75F3C5CD6A
:10778000E90EBC8A825D82639CFDA517D3A3346B8E
:10779000DAE5B5806BF2487BB14A3E49C99A276564
:1077A000B1E6094AA5796296127BC62E94C6CA2A0A
:1077B000FBC750CAC74BBF58909F36D766EF071A12
:1077C0005C888FDCDFF6A31B63B3BBC90F6F501B54
:1077D000FD36BA21888EB4E9AA8A4FB1A3CA9BA309
:1077E0008CEB8A271BD3E6F28557DDC1426C51BB77
:1077F000BBADDD17D51FB369DD64BDF66D24C29343
:107800002B286DEE15D1BA6DEB348845276B77F3D5
:1078100053B8A3AE6BB6F61180C8407AC2A4977A6B
:10782000024DB575C421DE0A11090DA61EC49CEADD
:1078300093BC41A12CB15CAFD4AC598A166BD57501
:107840003687452EC4D6B7A7CDB5EE66A126CE069F
:10785000D7FD8F8A21427C5E8B27C8528AE1AA8598
:10786000376D43DC6454EE9D86E33362CD46457646
:10787000A74CFB29F069D4A7BB44CB0FF766B9FD31
:1078800030EC5339CB87A427F03F6C92AD9B5B9EC5
:10789000182810F4B3D275CAB79A961896962E5532
:1078A0002EBBF2CED4F492F4385113047E16BF9559
:1078B000317CC71AA6C2920D91676FDBF3A6F1EF78
:1078C00037216CFF414A27E516C7E032521C4E8330
:1078D000A253579CCA1C363A8B5A7EC72DCFAF1382
:1078E0007B2BD4B8DD36086A76FE38F3347735065C
:1078F00063811CB4BFCF69A3447B9B9483A285356D
:10790000E6883343DD6C2FC57ACE900F452E5F029B
:107910004F9A353211CF6C8EFD90F2C7187C277CC0
:107920001E79F36737FB3BEB0F637DF8BD27E8A8B3
:1079300072B90A9C690F7F07F933AB13BC64E66523
:10794000F2E64E59DA5CB2AEA4E61D299497CD84D6
:10795000485EFC8F2E84D715FE1505BA75988935BB
:10796000E95FA36B48C0B0951D7FD7B7A15C89D8EC
:10797000B3B86D932BCD23942CD6E78DC4B62FC40A
:10798000DA68C5613C4A7C5B656424A7BECFC41E2F
:10799000B276C480378CA873AB63B057CCA9BCF760
:1079A00015F49E635EA91D4724D585C7319F1E1E11
:1079B000FE3A8C57563E214B19F4AFB09BD4066368
:1079C000BAFD13C8E9934DD6D978B4E6BB8387B224
:1079D000736DE55589E31941C2063F77164D9E61E7
:1079E0007F0B47BCCB7E819D697F1A7E6DFCED7954
:1079F000E7EA22E7A14D56C65DB550AADF427E2ACE
:107A0000ABE0BDF49C781B23F64868269E9F873622
:107A1000DD8CD9F65F5B01E4FF81C66E8498F5FDCD
:107A2000B9D7ECBAF050E67D88E3BA95AFF02F6491
:107A300098D888543B0316ED628D9665F829FDD1E0
:107A40007015A913EDFF005C97244708A0182C942B
:107A5000EC903F0ACBEC704CC21614AC1CAC28A2C4
:107A6000AFDD032C80A929D01F643E4EB4E7E1931B
:107A700075F2DBF3F26D60C32FB6EF9C4A6ADF202C
:107A8000EA4984C7B2B543862D9C27CFD4BC3504C0
:107A9000D90F611FE07EB79D2BB7FD7828338C5935
:107AA00086A4A8A9012F412B95BC578A1AB7D25E8C
:107AB0008047D1F1B41E7F2C711471CF44DB0F6568
:107AC000F58E228C2AD30A238989E51510D9D4B2E0
:107AD0000D46F9AFF6F484ADC70A2DE25EB2B81DCB
:107AE000AC8EC0DF604C0F4E9F586BC50A3FF0E371
:107AF00056A948CDE9B9D013D712AFDB802562175C
:107B0000F5C2CB0F8A685CCE33AE4E3CE2A26F6208
:107B1000AC4B181FCBF8F616F0926AE9DE7E6CA427
:107B2000AAC7A6695ED2DC515DBDE98C17AE883B61
:107B300050BE236D6E8EC3AB76D2F2AF566D3B3620
:107B40005A006C06B0BEF1AA0F4FFBCCE2717478FC
:107B50001C632CE440EF0891B3BB12D4BB590E4711
:107B600035DE57006DEF76E6ED7F84512B303F30E8
:107B70001F189B665014B2BF29C3FE39A3F715C85E
:107B8000BF5422DE4325036F1F790568B0ECF95816
:107B9000D3202CB06F85FFBBFF9B642B00CFF80F69
:107BA000F6C3D8B7EFC75695A5E7F6DB4D86A7B362
:107BB000CE229E1F049290FC1C8EAA5B2B8B987782
:107BC00001B1D9BEA7B095F7400E8F216A2733FCCB
:107BD00020F586C0716E73B98B0E228BF9F4C8192B
:107BE000D56DD46A8FCCBFEBBEF580E0ED2D5AF495
:107BF00081DF8E2471895C73D4C5379EC77E7A81FC
:107C0000422F92C9C52AD3ADE14B7AB58B899DD25B
:107C1000CDF15F2DE3CC1358909C058496CF9264F0
:107C20009BDB8EF66EF97AED18EFF44DABBC158B3D
:107C30002A5C2398DCBAAE04532CBB84D77650DB85
:107C4000EF981F00616BD19FCF5C11422443F53C3C
:107C5000DF7D9FE7BC1ED47DBDAA6F7972284D9150
:107C60003259929DAE55A46E43386F2656580CABD0
:107C7000B7EC0FDA58D1E6F1D809ACB3509BA8EDB8
:107C80007AFDEC3CE7A2BC477FC43F936EB5154933
:107C9000286594846D76A5C29589F39E07D1CB5350
:107CA000F9C77E44AB101AD87BA754916547AB3215
:107CB00094030FDA9DBF591E35C24D0CC12E91EEB3
:107CC00062FC17F772265E7F249B9ED77FF92B6F8D
:107CD0000427B5A5388A39F2575C13CA39CF0EACE0
:107CE0003322E7F52317AB30A7CED1343A0CBCBA18
:107CF00016D45DE358B792A0A1116EF92F27FCD2DC
:107D0000EBA3A5F2CF628E99EEF4F209F39D704ACF
:107D1000F725E5A3BD2F1FE708BD14F24ACCCBEF32
:107D200005899B1915C0CDD4BEDC24BDD86B258038
:107D3000390A7560C652AE069CC45CB5FED6CB4B04
:107D400072D34DB93C04733940F38B83703744438D
:107D5000B87B114E1BC13DA3BBE1BF033C1122F612
:107D6000A7FEFF3A739ADC0262BC242D8775D465A6
:107D70005D619963AC9F650ED383F5B9823C335E38
:107D800019A1E7052995DAF6949E7F1FF62192BA8C
:107D90003441CF5BA494F1E6143D9F21A5CACEC423
:107DA000E9319E0749855EE1ED2EF482249B57134D
:107DB000FB3AEC7B200FC9D29F004D956CB1E83B9C
:107DC0005021CA7C73B1D5FDFC9525CD592DA53721
:107DD000E1CE3E086399692C67BBF9BB2E195802A6
:107DE000BA1C10373518111D3BD70FCBCF583B8D20
:107DF000A53E8CDE309A9EAA8AF795A42CEE5817E1
:107E00005FBA42B9BA293905B825BB296B96B5C8FE
:107E1000EEDB391153E0F606144DE32337148F5C83
:107E2000367C51388DA19971FBAE63D20A4C197D15
:107E300073D2EAE866429FFA4D4D157E4A9E4D5A2E
:107E40001B2DE5F3730AC8B968D1787837F1E6F8E5
:107E5000D5139B35F654644B08954B1475D5F3290F
:107E600005793F7EEDC4963FD3B84EE754FDB54C3F
:107E7000E389BDF8E9FD9E325B688EBFE43AB02726
:107E800003F6D1A8E060A717F797AC014442E0845D
:107E900074B8CF032C9545E76544AA49BD60D3A6C5
:107EA0000187A618B16C931EF51197D2DD9FB5AF6F
:107EB00011F7FF73E5A2C4B33E23976343B7D45DC4
:107EC00017BD5BCA33B5F9A27E6608B630261C6DB5
:107ED00028C1B66B80EF13C6A656583211DCF82ABB
:107EE000B04DA6EEE9F6E184BA514B28134B986FDA
:107EF000B1E464CB324C821BCD2851160FE23B5DBE
:107F0000700B8D7B9FAC054CEC7547D102EB372590
:107F1000F60818B702B76333F7C839B4ED111BFA86
:107F200091F22EA0E44470ADA28FB5AF53C4FBE232
:107F30006AABFE7A6F3BF40AB9EB3FDEA41D24EA7C
:107F4000DFFF6B638B0769CF8AE7D426AA73B0DAA9
:107F500014021ABD11B0D0B24320BA3D682CB0F55E
:107F60002F910C3AC320BE33A4880E76107B59178C
:107F70003E9161FFF636F2881574D0165F7CB2969A
:107F800039873C78C4C432714589F3205A2D5D5736
:107F90005B715E2FD3BC8ABD98465D7818C32A40BA
:107FA0001B27E3ED23180D0B1E4C60591FEF60D506
:107FB000971DD8BE17C7079774EEF66DD82BABBECA
:107FC0000B7B65B1B1FC5B80AD1324EA611D4C9C59
:107FD0007D088E55ED5628FA352E6D51F0FDD47F73
:107FE000B2FCC55A6BFB59AC55DA95455A1F7C81DA
:107FF0006A176E28934B137B2919438D9ED8E3B2E1
:10800000054949C476DBBC6B4B7224929E0B797494
:108010001E5C9F00F81DD4864541E349533D7671AF
:1080200043492A2DE7870290CEB62CDD944ACB73C4
:1080300052BFAC6E9AFE95557CA4D8E6A0FBE69D97
:10804000BE7DC82F6D434C1CE1F595C5330472BB52
:10805000AFD18E434423E22A3B68DF97B9858F0472
:10806000AC52CAE38630EBBAB39F369424DBE344C8
:108070007EEDB6D923D1916DE6BA38B4B70EDC25C2
:10808000B0BDF52CAC23D97E9AEA66EF7BE90B14E0
:10809000C46FA9E19592BC4DC9A4DEE06F4BEA77AD
:1080A00081D6B785A67FD0AD071CD1D4022E3ACF9A
:1080B0007FD9A7E0892F80A4C002A623B5334B94B3
:1080C00056D4987B1ED709CF1B8F933C21CE30D13D
:1080D000D27F5F92D8FB85F02AE81F443ECB374B16
:1080E000F6FFAC2147CA2FBE27BFDBCC2DAA1D8DC2
:1080F000F6ADC594DA1745FF8304F215E160D98522
:108100003FEF99E5D97C42B33B192D5FE7697DB01C
:1081100046453F9BE6742704ECC54BAD1AB70CD916
:10812000FC93BC77AC1AE7A23B6839278E0396DE36
:108130008790F29BE6537D7671238D9B7C85B6A755
:1081400046BB0D5BEF5DFF014739305782EF1D697C
:10815000AF8389A5E3E1181D1FFFA3E923188D153F
:10816000E4FC852D0AAAE7BB4CF97B982DD685EF58
:1081700081DB6B5641EF2D1A87A9F3C5F1A13B6254
:10818000F936B825C7A82BEE447FDDD1697FFE44C0
:10819000FBEB22CDEF4BA94785BD1F29687D0FD290
:1081A000FA9FA3E9CA9C2A93116ED7F1FDB6A515D3
:1081B000990D1CC2AB0B446F46E75123CCC5908789
:1081C000780E620B6F6CDF5D9E3D267B7F26C60BB3
:1081D000233C77FD77EB426604BE09EE4AC0F6E425
:1081E000454DFCE3714CD10A8CCF9D1EFF373351B6
:1081F000FC8A3B1E9109DE06DFE2D8C6E0E5F93CC9
:10820000F10B0D4C21BF029E1F5A2D465326A95932
:1082100072888F6C86F8C8FCE07659EFF3EA59F360
:10822000E889A2F8DE1C38D150BEEFA09AC6516989
:1082300055F2F82066C2769E6F058F341C81D93FB7
:10824000B154789A2D153DDDA2F3A98EAC19475F84
:10825000C6B90AA138FA32C91B4D67F4B9D0F6196C
:10826000F7B5BEF8D65DFD7B498314A71DAF4BB3B0
:108270005B163468FDE04DBFA5FDD3E6CEC8B687DA
:1082800089F1CC6B6D0036610EADF7B87B2CC2B2B4
:10829000465E917903E5C5D4DE4EE2223641E46CB8
:1082A0008C0B968963B337CB17085FFD58A1CE4678
:1082B000A704583159BADE5E9B9387CF24F671A28A
:1082C0005FFE7B5F346F4ADDC033D44A31261730FE
:1082D000B4142570B7F9D57D58EB14C537BF7A684B
:1082E00076A9953F3700467A660BB5286B1812962B
:1082F00039B47E4196DD47BC37B6D0F99C47C743B9
:108300006129EC317FBED5932DEBED17B8E6E1F096
:108310009908F084766BD456CE39E4897B771D7C3E
:108320003FB04B5D5809E78FB66ED87B94D5317C52
:108330002EC4B0FE9BF1E2D4B681E79DC9D8581592
:108340006101DCD00D8D483E5D85C2EC5D5A1DE2B9
:1083500098EB0E8FA37223F111C4FAE2BFFA0BD689
:108360003AF09969C2CAC0FBDA58BC9F2A72A49934
:10837000AC7C1896CDC49962C9DA66DDC8FB45327B
:10838000781E905940D1F032CC518AEE6DDFCC810D
:108390005BA9F5E0B3C6CF83B9546B5328BAC2AC1E
:1083A00028B1C3317425F6F395FC7E673FC49EBFA8
:1083B000611B3FDB8847F31FAC1C39D1BE5E86AD25
:1083C0001C718FD87CD5B223D94C2C3EE9B233C274
:1083D00011EE05AAA9FBC4A7DEA49F27E925EE9804
:1083E000EB3255A6D3BF0A52ECF5EA7BEA5AFF34CA
:1083F0009C5E6F97A81A2EF1BF595160EA21CE1AE0
:1084000053A1ED44F86CDBB139FA6A608A6F3D9193
:10841000FC4276980C2512F5173042142BA1EEA4DD
:10842000DE58E6FBC8286BE06F970D1C93E9C64E3B
:10843000CC225810AEE513F3FD45CF8FE192663B99
:10844000082CFA8BE57A185F641E8DA8AD1291375F
:108450001DA1EFF026CEB3684DEB694372536269FC
:1084600032F8F65856AD98125953357C51369D5313
:10847000899F00204B0DE84A10F687225E40D807FE
:10848000C8902C4BC1DF909A1EDF6A02BD58B02401
:108490009F96F7F97E37FEDE296B7D28BB2ABB86C7
:1084A000E54B6AC9351D4BA4AAC120AF915AEE9382
:1084B000A588BE54622A63FAFC3E7508D829E68175
:1084C0005AEF4F5A867388BE3A6945F4356A1B16CF
:1084D00096D28732E32391B25F6B0B50523A900BE6
:1084E0006F521BB3492B1D22261099670DEBE2D961
:1084F000AAF4F8B18E8F1A872F81B3908D7FB7556C
:1085000036F2759B2318E57C638B1A0BDA30C6CBE9
:1085100014CC048F014B40BAFE9F0F5CE85B3B72AA
:10852000F6F019B45F7FBA9208B924113F587286E9
:10853000EDB5E9FE0CF61553AC479CE80745BEFFC8
:10854000C1AB860D12829CF6A0EE88C80CB0C0B6F6
:10855000F6F1EA62F4E48C436C0F67C0C9DB9E89D4
:10856000EFAA8256D7D6C359473E4CE2CE4B1B1AD0
:10857000924E26D1547182883677B06CC5CA1AB033
:1085800000F7A7B81AF3C4A78EB2D75FAD252BBDED
:108590003E9E7A5515955B7803202187C2FB4FCB11
:1085A000DE6553788EA023FCCC8B58A1F8BBAAB211
:1085B0002579890403AC6E29192DC625818077326F
:1085C0002ECFF126F2C488AEBF2AFDC16753371CF7
:1085D000B4D216CE9FCAA6DB5D8F4CC6C980662179
:1085E0009C265FB952B7D7D1EF17E61FB387602932
:1085F0007CE15AAC2516715EDF3D7FFF8F48B318D2
:108600007BB60BCEBC78A64BFBF7BCABE60982274A
:10861000BB24A2338EE107B90D0AB38AD8DA97D604
:10862000C9008997ACD34DB6CE212822B218D92ED5
:108630001E40112DD9A09D9C00FBCAD664F0539119
:1086400083B6E89A0BAD0A0A482C4A8E980BFED8DE
:108650001BA0B59EE9098F69D3B51D9B35DAD5B24C
:108660008B9B75911D045B9CE477797EED7C1C7D72
:1086700022912F745382EF557BC4924E54B45AF317
:1086800056E7036CE1F52157E13232A0ED492C5A4F
:10869000B66A4B5472D18A555BCA928B16C16FEF82
:1086A00022C082D77A1725AFDA12EA0D7702C0AB63
:1086B0000E4F5CDEBA351AAEFD8D8ECD707B927199
:1086C000DD4DB44FCAB8B8D9D6168A342E4EB6EDA1
:1086D0008A063C96D30A7591D73D2B8B35762B8233
:1086E000525D17376BDC90EA05C7ABDF89790789E4
:1086F000790789790741DE017FC8FBBD8ECD52AE77
:10870000B83550FB00C01B72719E7CE64504B9DF92
:10871000B1BD198A6CA9B82CDB9AF6AED642A87FF7
:10872000C09FAD0AF1EA29E6B2251FBCBACE3AD203
:1087300056065E5636FEF16E210CF6FD80C87B2390
:10874000C2237B39D670F2A99A55619F4702A67C55
:1087500024FFB27A2AD6135929E66EF1715EC1461A
:108760006F9F316A66CE4CA8D503C1F977BA6CAC5D
:10877000C33601C641BDA3C6CCAF4F789ACF487D62
:108780008637AF79DA7E1C9F5E9A22346C73B568A7
:10879000D39DCDA130CBBC2C8A97134E6E881BC7BE
:1087A000917AC48C9A6D399125BD659F246FD92823
:1087B000F236F189DE1A571F656B422CDFF7D0EADB
:1087C00047D27B704A5B3C5C1E95E9691EA7F0941A
:1087D0002882C3E8BDFB78429111221FAF600627B3
:1087E000DBEBC413E70452D3E3137AE84329FD0417
:1087F0004AAF037AD9E06584DE3891D01B26F6D0E3
:1088000007517ADA968C00F9F84CC5F8444A3F9E35
:10881000D28FEFA11F46E92328FD50A067C72FA2E2
:10882000F4E328FDB81EFAC7287D38A51F02F4CA54
:10883000F12B287D24A58FECA1F7A3F4A328BD1666
:10884000E8B9F16B29FD184A3FA6877E30A50FA332
:10885000F4DE40AF7A49AA7F38A50FEFA1F7A1F463
:10886000A194DE0BE8D52F49F51F4DE947F7D00F4E
:10887000A4F44194BE3FD0BBBD24D57F24A51FD90D
:10888000433F80D20FA3F4FD80BEDF4B52FDC328CF
:108890007D580FBD3BA57F8CD2AB80DE7DAD54FFF4
:1088A000E1947E780FBD9AD2FB517A16E83DD64A04
:1088B000F50FA1F4213DF44A4A3F98D2CB603CC861
:1088C00007AFA6F441943EA8875E4EE97D287D3728
:1088D000D0F71FFC0EA50FA4F4813DF488D20FA49D
:1088E000F40F817EC05A29FF004A1FD043DF45E9BB
:1088F0000750FA8EB5EF109AACC77AE657279D5FFE
:1089000043E9FC6AA7733A9B2294EA26EFA536C690
:10891000069FBD36AD2F12CC43458C8651467E3323
:10892000C6AB756E715184C4C4D8617B29E6ECE393
:108930005D4748490BDB6046D604EFB571D7BB8372
:108940008D7C4ABB81C831654E823C8125192FBA86
:10895000D335BCAF699F8072669CB2F0CA04563EA4
:1089600056E1E9AEA238563F2D482DB7781C03B921
:108970000F9E050A201D108D5E21294579CDC9B1B4
:108980005FD6EFC7B812BC2A8101A92A86785ED4C7
:108990003A6C055A646B03CD90A82D4BBD84D1ABC6
:1089A0004B846880F43F035228DD4D2DB6766FB4BA
:1089B000E7B4AD3D08691A23917A5AEEB119668C75
:1089C000F1D6CEA953AF6FF6E04023E8E6910AFF57
:1089D000AD2E99EF420D370E81AECF9DC54F36BB00
:1089E000DC7CF0FFF5AE81075273B8EB9BF9AD75F7
:1089F0000AB569A8F5311656A6986186A4DD7DDB17
:108A000092780AE2429DC62D89BE86DB422587CD3B
:108A1000741DFC6568950D5AE1619C617666B8EE3F
:108A2000ABA77D5AE59BAAE6F83CB0744D48435D80
:108A30001B6B1FE06F6737CF6989BE966B8CBE6971
:108A400086552CE4FE369BB031FAA1BECA0B627883
:108A5000B9506FE95E06AC9B678BBD200F679EEB3C
:108A600021C9E3567B5A9597C1641C56ACC6EFE505
:108A7000B2AB26BDA33F9C73069890763446E57F43
:108A8000BD1322376D38804CD36D3286A9C892A1B0
:108A9000558FBD167E6F77FF70F3732AF0A35701D1
:108AA0005EC76BE1115C15D2A1766641AA471DAE87
:108AB00095476AF4B5A36BF88D2EAC8393816E1441
:108AC000FCF04D5F1F612B5CF928FABEBA4A6D5865
:108AD000E910583F88D5E19C55773F30D5CBA44964
:108AE000130644C090A848688F09CCF7BF8C73F96F
:108AF000106EBC5A3CD30EB292E7FD72DC3B97EB92
:108B00007A7AC7907B0CDA95E0C3D8DA2D0370C46B
:108B10000335EC6851B2E8ABA4C7A007325D50172B
:108B2000FC0C74B73296FCCA720D9C906AE3A210DA
:108B3000BCDFEE72C33CEA8F79A4807293A2AF7E51
:108B4000341D3073FB9B50945C0648B98F2076959A
:108B50007C36F8840FC768261BAE57081D10FD1021
:108B600022466DAE500E205826C1F2705D462DB3E0
:108B7000CA9315B14B16A4AEAB9343ED73164EBC1E
:108B800036750DDFEF3C1E97329E3B8F18CC032EBF
:108B9000C2654713EF8FF8C35828FEF44F6381C8AE
:108BA0007FAF93B1105235AA828C052F83D3EA6A26
:108BB000561B9E724CC063E1431722FD987F5AC931
:108BC000620E4EAE7A2A952F22FDDEB74DB9D3C77D
:108BD0003A9EFAC317D63AF245ADA377146DFBD38C
:108BE00028DA5E659D7EF6B0C0F959004565A6F6A7
:108BF0000EA6DC67AFAC8C4DC6314E4D7A950A900F
:108C0000AC55D49B6A4F8820A3F64B014B46D5FB4D
:108C1000A71DAE0BCC1AAC8A84336F887833E45925
:108C20001396A5399087F8A1708AEC9DBF64C6FFA2
:108C30001390E8BA2E27F02FB4CA665B4AA575EBED
:108C400073B226EDFA824A6B9FA5CFC35F865FCBD6
:108C5000E5F0C8E0BDD49D25A9936EBED1FC7F1D73
:108C60004CDCBA79671D1AF64077C4D862A466A9AD
:108C700057F98CDE9270CB66DC9CDD8CDB36A72549
:108C8000E43E68BCC989E425BA9F979FD92F22A9E1
:108C90009CC52742D19F7363398C298C6CE1E59A7E
:108CA0000063E7FC8DADA7D767E83EC11A62C60B2B
:108CB0009F1A41EE1DA4BC295A86DEA1B69DC48E22
:108CC000ED1BAACF2905CC2362E35543104401775D
:108CD00098ACAFDBB595E27ABB9AA68BE8FBAF68A0
:108CE000BA9058FF505BA0C3E4AD7090CA37DBC8A0
:108CF000D7EC2A9ADE4ADF7F49D3769A4EA432CE49
:108D00007F6655E1537648CBEC9BCA87339AB59979
:108D1000A2DFE56EFFC4CB71F6168471D3175558E8
:108D2000A2E4A5F6A254C03A23FBC75182CF783CF7
:108D3000C506888754BE3A46ED7283C2ACEBED2F70
:108D4000D0B625567850FCD58C41FE8960E92ED2EC
:108D5000D61E25396EE2E979F4035227F01B26E985
:108D60001CFF444C7124AF6891ADA05DAE39DF2685
:108D7000F73AC6804CEC92DB12DAA76124849C633C
:108D800098ABF994ABC155D48E708B4F8DA443F141
:108D90004F84DD2411EC5338FF865E0957D49105CA
:108DA000889C98DC51650E55636D4F40075819C07B
:108DB000911FE35777625FBE9A2AF0D10AB860FC30
:108DC00071E6A699DF4E63428514BF2CB879BDB712
:108DD0001F7DF70D20B9303583F8A626E468EB1E19
:108DE00090F7CD853A4C3BC588114FBC367AB9A275
:108DF0000059054EE11E18E305DF5685499ACB0759
:108E00008129D8829DF4DE3FA6E49EC61A8EBFF764
:108E1000E9213DD2ABC1079D47260B3A0F9B5BF37F
:108E200000F5CCF8193971B4956D23287E4AC30733
:108E30003042E5600B73AD5389C79F6E63998257CB
:108E40008E65F9137B001F899789916D94AD03FDA1
:108E50006300A552C167A532FE2BE2F5C09B6632C6
:108E60001F32B6C14DE008A74FDC8351C58070AFFB
:108E700068F5BC6C740E697D2804598DCEBC96478C
:108E8000629E955C8CD9188B70C43F9DAC0556EEE4
:108E900011BBC5E702F728C581EF80451E8E698F9B
:108EA000168C727D2C603805A3F8DFC05E08EC27B5
:108EB00033D149174BEB1AB0017FB523BBAC537AC2
:108EC000822C623EEBCB3A01215D8DF56CD68E1380
:108ED000D950BB9BA6D81356D077C568B2BD012B1D
:108EE000BF45257DD1603E95B7C3B413F5A4D7CF58
:108EF000FE7007538EFE11B3C70918CF318C918CC9
:108F000051E57B56E581DBCEA1DC355C37B931B468
:108F1000459C9D75F67B1A63FB0067AEEB9ADCF807
:108F20000582536B938E6D81B1B083C5685D9518D2
:108F3000D92BC6A34AACD5412E1C346B8A1634CA31
:108F40000158746E547E795B672A47DF67E63BCC35
:108F5000C6098855770DC2A3B2843BB05973DE822F
:108F600094DC18BB3C8143E4D9E4CD87AB28FF46B1
:108F700062FEA94DAC154761C43C5457E2BB701C5E
:108F800053A04C46E5A17C52F3857580C3D99F8ED2
:108F9000EF02329F8AB1F69BC83376DABE5A1BBB0A
:108FA000A5FFF5AAF4B1321FF07F52115445F03BF2
:108FB00027784B6F4F61A2F325C40338B589FE8231
:108FC0007E8383D1D3AA0D885F25A0F4F1B6C1605A
:108FD0004F704125D3A83254111B54726D1AC1072A
:108FE0001CA60ADBAA91AB54F2D12AC433FDDD35AD
:108FF0002A15DCE82C7A446C2DABD3A499DD7041A2
:109000008C0E42D6E30F206A623091ACAAE7929BA5
:1090100092C61534FD1CE5DC30463FB4187BE4FAFB
:109020001F9381E540868CD982A32408A961792504
:1090300076B983FB9AD5B39CEE73D7D7923501A648
:10904000FDC7B13355E23775771D62BAEE8CF8DF94
:10905000FF9BB42ACA370BE148D33E5895A81CBFE2
:109060006B3D5D637FD2055D40BA802F912EF0BFCE
:1090700030CBAF81E7DF7DA4D9B061941BB4521728
:10908000F45F8471992136D36F964EE2576188B6AA
:1090900069831020358135C838BBCC8291B2189BCA
:1090A0004D09FE6B4AB0BB207AC1DCFDF6961779FC
:1090B000A114998FA772D626ED0ED1476B3FB9A3A5
:1090C000EECFE936724A125522F4DD83F6B0CC0DAC
:1090D0007C18B58B8C490B4CC1E31164A024C6E00D
:1090E000BDDC7FB1A0F776F9FF06761DEE268886F7
:1090F000858E51E9558C4F933E16AF1858074DD0C9
:109100005508B64A98159F85F10E5C38281855FE0B
:10911000875FD588BAA2F4467EB54366DF2FEE5B43
:109120006F531CDD62F02AF125FB82B092DAD59FE5
:10913000D0D85988D9020878A2B4CD6D025CA5694F
:109140007CCE7E44BE55BE45F18F8BC0AFC4F78C3C
:10915000C396873D03350A182399E007BF0EEB5EDF
:10916000E3E2E5132D689862761E789DA8FC63F80B
:109170000F00D7E5313725BE5D16D7FC17A5315254
:10918000BC1F7C0349F96BC868681843EFD79EA3DE
:10919000E9512529BA0005B9372CCCEEFCB3D70923
:1091A000D64C3F1F03BC31EED1F7DC4BFE80BF60D5
:1091B000F517AB407E327C5A4CD0A240BB2E23B672
:1091C000606CEA293BE04A3B2CC7603C7DE53A8A6B
:1091D000E707F66B849BB032ABCA54D715A5DBD931
:1091E000A11ABCCC7B9167ECF4981382EC43FF1876
:1091F000D6589EE5145C9D17A39CFF6AEF84B54F7B
:10920000D97A3FC7E8746FBD8F4B77FA37DE672096
:1092100032C9E12A5C7B79F0AE99384F3236223878
:10922000402C13675D1D9C59000957B5BD6E8AD748
:10923000B61EDB82C4AB76AD684B34DDC7081E7545
:10924000A187DAC112009EE8C2DA0DE2CD95F8D608
:1092500062F031F67937B23D16EF22A337286FEE70
:1092600013B05670B2815F5D4AFBD7B050DB24EE7D
:10927000C3AFDBD8001DE5EF8BB47F3FD10C825A22
:109280007DF0943E4209F4AB451C95896C724841CF
:1092900060815C9F55CED683CEB67C2AE564E21110
:1092A000B646C2DAC2FCC3DC3B9217920792D15198
:1092B000D0E747B61CEDB54EA9016F3F1CE5948E73
:1092C00093245287AC64186341A40EFA99D066B215
:1092D0005EEDC072D353466A9B6711ED2E9F823EAE
:1092E000A9B59483C7F52EEEE3753E582A038F087F
:1092F000F2EE92C95863F09CC67B96022ADF1FBF2C
:109300004B1D8DEFEB75BB5DE538AED5539C73FB04
:10931000F987D4139D5A3BC37DA26849D4B74C82C8
:109320002E570AB7F1FBF158386E29F76892EA6EAA
:109330007889F22F01F8174AF9F78C54F706BB2EFB
:10934000932BEFE18A1273A54E76A400ECAE10AC1D
:1093500052784C7DE90284401A37E6B4493FC5682B
:109360003ECEA15DB76DF6BF941FC82E620DFBED1A
:109370004721CFBA727CC3802D2A61D685BB81F587
:10938000D560A3AED455AE16DBD6837866E1C2B302
:1093900039587F8C6CE8D63AF79A3F8FED31C291FD
:1093A00082715BCD51AAA3FBE02C741FEA2104EF6C
:1093B000E59C5B607CEAC53EDAD03A3B6D65E943EB
:1093C0006C17FC7756C180C859EDC032C17107E2F5
:1093D0002FB0D11D097B7763FB11E74DD723B95E11
:1093E000C9E6C389E2D09A56199F531B0B288B9B61
:1093F0001AA7E3F81E100F82E17DB8A9F62C717D43
:10940000798FCA81FFB3B1CD93B4F9A21C48E5525C
:1094100094A9B1B0CDB9868E04FEF7269914B5F79C
:10942000AF76ABD1429CA8F30DF70C58C29B5A0300
:109430000075DC93CF681D0FA7024FFEFD56B027C5
:109440000CF0E4D7B70E6A4D88FF194E3FE1E2EA0F
:1094500079A435E1D5B3E2FD1F491F6E4D98FF4B4E
:109460008711AF06442E995215F47A6B42FD8F2175
:10947000F48B8043AD09637FD10841F48B808390E6
:109480003E0BB118074838C231A35AC10B0A70030A
:10949000B790B5DD725CA39D0BA8942E94B720F70E
:1094A0008A6C0BFEA5558AAD9DB8A5A9D5C0DFCBAA
:1094B00042E469EFFB2D0BBCA7DA9A0CC8FBE85F0E
:1094C000DFE71B9E8EFF5176E8CD1F65B6B4D6014F
:1094D0009AB6B601BCB314B14A40BCE06C0563D186
:1094E000910242477E6F58E0376810120CF2E1108B
:1094F000F1A1E038AA685232DE357F5FEA8605DEE8
:10950000536C4D4A59EFFB68D05F7839A5BCB62E35
:10951000C0BF35F6B10823DBFB7190AF71D3D443E4
:10952000606D747273D1D11AA36E4B0BEAA8344FDD
:10953000C8625B139C9BD45767539E3594415AC1B4
:109540005ED508E0651C4EE26DC2937EEC15F90114
:10955000357272EA2B33A4FED805CF07B00D1AD6A8
:1095600057E2EF4E78A2641BE4E7AC28820D61C09D
:10957000CF477C5E5C02CFDDD85F03179E10346955
:109580002D03E8D9E031D0CD5CDDD0B0AB444E6ADC
:10959000A156FF2CE59DF11F4833389A4D1CCD3B59
:1095A000F1DFF044C55ECA371E02AF5F4081EF02B3
:1095B0007FED55650CB417A42DE8394EEB0E3BAB8F
:1095C000FBB2721C096F01E5C5FBDC1538B115193A
:1095D000BFD76A7E34CA210E87A7CFCCA7FB2D97B1
:1095E0003333EE2608335AE3346F3F1850E83F0414
:1095F000D9DEEC1C70A8E843E6D246BEA99429EC5B
:10960000F7A0DBF6E0C1808A37F398BDA70A2DFDED
:109610005001ECFF0FC13F3084E1EFAD8332718A1E
:10962000F4C5157B5EEAC9E3F22F2DC87C98437917
:10963000FC6B824DF0906D31E4BDE1372F0B69DE9C
:109640006C1B20DB6A2EF340AD85BAE22E847FE1ED
:1096500008D7F8B7C95858E48F2A1E82F5B6D55DE9
:10966000F1FF5BCAD28F4EC8BFE418F3575229EE00
:109670007F29C51D1D86521E42CEEC136C98AF117A
:10968000B7CEE975E377A7993B55D40091630FE412
:10969000F145535B0B8B8EDE4A78C1817F1F167FAD
:1096A000D757DD4DA87560FE2ABE96665BA205D22F
:1096B00088FDBACF7CCB82271C0B37B880E02BCE3D
:1096C00096325B7F0E56B34907298FCFD8FCAB3F4C
:1096D0003D00D2D2C00ACB795934450E36D5E93E89
:1096E00057A09CBDDB8C450D7B0FE0F5047C3B8EC9
:1096F00009A1C355FE54DE29FE78EC99057A9391B1
:10970000BCABABC1A8F6AC418A09DBB0D9A9618F6B
:109710002E906EEF4A82C1DF3EA039FAD43255CA8C
:10972000216D84E883930DF8EF72C04A10BD1CFDD3
:109730007C435060F354DF8C055623E0A1C9F18DC2
:109740005CC8CD390D3AA10DE9F2421821EE29B0DD
:10975000B3DB97393A9B9C08ABD7FAD447B0602566
:109760002AA61AD60CAD8900A47C92426B9893224B
:109770001EC439172346E624726581294EBABD936B
:109780002D992D109B4F7C7A63443CDEE12AE5C382
:1097900090169D3BE08C50941B402E1C28A2A2D614
:1097A000B93E35EB4D4C8EABD2C85F71280FD762F6
:1097B0005C663C829F32F249ED4AAD4BB40AB4F785
:1097C000EA40618D54F09B5BFBF37730E69AA70289
:1097D000472B85F62BF84DADEE6204AC2C6E773C32
:1097E0007004F0F28456F0D4F89CE5CDF48D952BFE
:1097F000BD65845574B888D9B6B975B076B5E89F9B
:109800005D6AE31A147C83C58DD183CC46B4355987
:109810002529244A52AA7F899D5540B40824E6711F
:10982000C852B27DB7B695D8BBD133E356F1CD91CE
:10983000B2E2B0AB95F85695D8C5ACD7EE12FDFFA5
:10984000DAE83E9A1EB8D0E7B8BD95EAEFC51C76B7
:109850000DA2FC5B4FD33E34FDF688625C3AECBC53
:10986000DE62DE9BB80FC9F9583CB7E32766EE43CA
:10987000822A9BFAA1066AEF4C6A7F04960A6B441F
:109880003C94AD24925F9D27ECF4101F41EDD2E093
:1098900068A919B0728B7B7BED4F38329E180F6F21
:1098A00095E867BF9AE2D3E69FF9A94B4BE357E5EA
:1098B0005139E0E2618714951670CE70CCAC710618
:1098C0009BC8AFDFEB6410ED85B4C78DD65F41E375
:1098D000D0A501327BF50107892F190BD2E6D710ED
:1098E000078343499D842E58466D2933C5B6EC2D18
:1098F0007B5F03484024AF14B08B5F5E457A66E718
:1099000026F58FE9840355966CAA0FFA8EF273112F
:10991000ED1FC0E5C079D756926F92ADCE7E8A9B7F
:10992000F4AB2F2C1BA81EE824D82AEA2BF5E2D38F
:10993000035C16D5CB2C229C203D55FB1370449C18
:109940003FE634DA9E87F4EEFE2DF1BBC365EBC52E
:10995000FE25325D32EDDF0BB43EFF24DFA474CC74
:10996000AAA4FCCC70167057BB12B4A9A2FDC8BB48
:10997000628F6EE4DACE5682962555C4917877547C
:1099800025CFB1F39E5AA9EC0AEC08699D7177F6D0
:10999000AD39D7E735BE7CF9D78757EE37B5DC68E8
:1099A000BE7D13DB5B642CE5558A419235BCE8151E
:1099B00070037BE9865DFF1EA272C7221CC98EEE72
:1099C0002C723F252B2B11A455ABF85BEC4161AFFA
:1099D00014FD5B0FC353A2F3595B2EC0CDB7CC73FC
:1099E00070A020BB409E65CC2CCF8467686A02E8DB
:1099F00049E4EDA86B6ED7CB1E337367F28573BD58
:109A0000FA7C4F345329E4C9AE9E2708B0FBB5FB5E
:109A1000C5F3FA61A9EC8C2C28E59F2C92DE187A0C
:109A2000DE3464C29B19ACCC7B307953FA9554B3C5
:109A3000E277BC4E1E4DB05AB67DA3363E5D0F9AFE
:109A40007C851E99E0BEB4EB15BE36ECF1BE1C88D9
:109A5000FE503EC10DAD1A856365F7E40BF113C2EC
:109A6000B27BCABF5D9E8DB94352E877E04C4C2F64
:109A700067D021FE2576086947F07EA9FCEA85506B
:109A8000B379ECF81B2B66AC2E5FEDB6EEC6E2198F
:109A90004BCA97B82D6D7ADBF04EE93BCAF4A6E5C8
:109AA0008C7E04CC41A9E6CA3DA582F46DC38AB080
:109AB0004D3C78761E4D8078129E74DCEDA61188A0
:109AC000E7416C2FB1ACC6D2055274DBC92B6F4194
:109AD0003E05623EA6DE7C1297ADAC813C563C70E2
:109AE000875B5FC68B358F64914497B5BE4F798B8A
:109AF000C3364DA8A5E5949072AA9FEB29A7582AD2
:109B00000745B1942AB8988EE7591215FB1F89AA08
:109B1000387242A3B7276955C8BF7B4BC9E0A1552E
:109B200003D50AAD20AE07EB687BE2FC3898B1A202
:109B3000FC6B58ABCD1225C2B5BD5F15AFEE53CF50
:109B400059E599CB0F2D94A4A4F338EE0ABD798E74
:109B5000B0695BE59AB3EDF259679CC8BD737D426D
:109B6000FDFF2E3B36C4D0B1FB23EF9DC2E88A57E0
:109B70003342D8470AA692D438A550CA173D0B23C2
:109B8000369E55D17157D8671CE494673AA7B157F0
:109B900000E30A4EC4A4760B97F6D4678953CF36F8
:109BA000CC93EA732AEC829711F82B52294FF5E9EE
:109BB000874510BDF7D73994AEFA9BBE745927FA82
:109BC000B42FC5398BBD243C2B9FA856DA3E7CC8E8
:109BD0003033B7BB99616C3AD7AB2F99A3DC988A25
:109BE000F60486FF10BC0509EE6C14AEE70DBB79D8
:109BF0007236927FC251993206AC67FBD4FFA8E659
:109C0000BCC7D489D7FC2C1E686243F946DB790FA8
:109C100019FFF3C87E67BF3968999A7A298BCEA756
:109C20001CF06593A928A259F130CFC1BD75AA4E89
:109C30000FBB0A71D2DCF801EE2AF019DA16C5F86A
:109C400059D468E24D9B0723E32F853253536C1E92
:109C50005364544A3D12F69D2C45B3699624B51EB3
:109C6000D6157F8AFDCD7E5EC368001998B6FF9039
:109C700066530ED2957C8A16A4D0FE395892F234DF
:109C8000B78ED1057C82FCB4A108468FC81BC35C8B
:109C9000A916317347ED96F5D4F7B8F90FF51D64A1
:109CA000AA024C5DDC3FE2DBA6F53DFC7CDE99C000
:109CB000B6B04F24B92D3FDC77854A64C455AB77E5
:109CC000858AEF9AEBDC94FFB59847A9B88EBC0B58
:109CD000F80B0D74DC3EEB9CCD1E056413691C076C
:109CE000970BF522FABED7CAEFAF6B877477CB27F5
:109CF000967797749CB87BEAD6B9C6ACAED2D64BF1
:109D0000975FEB5AD0B1B075C9DDD76F31B1DA0EBC
:109D10006CC56AFD680F585477A7D9B26F9CA078BC
:109D2000245B688F6918887BA9615732F406824BDF
:109D3000396336AE6434DCF372F07C180737B88FC1
:109D400069707CAB4C57008E75053AD68764C7D0D6
:109D5000AFA57C1E00A7690E4B4734A22B87635723
:109D60009BF4116C0DA29A23258D53B6411D8BF5E2
:109D7000D5D8E65F76794E63E04DD977448B98313C
:109D8000FA0AF8205BA0B7763077C192124DC1B8BD
:109D9000730CC15526DEE03253AC3AF677E32F4E12
:109DA0007E7D643F288BDC276D08DBC8BBB1C37F99
:109DB0003776DD831CFE63F1371B87C9F842CE7FFF
:109DC000EA1AE0AEB6DDDF574F6F618763FB4CB236
:109DD000379FDDB281D60CB5A7C7EF18C0285FCE7C
:109DE000027B372379DBFABEF61194DCFFDFA76C28
:109DF0002A24DB359BC91D312DC251CBE0489A6026
:109E0000DF83719BB3B881E5A9E32E3B3BCEB799C5
:109E10008D358CAC45D4A1F7BF8B4859D5BAECD45D
:109E2000C0D5A63A7C029590976306F38591726A35
:109E300093FD1868D2483C1C2A5DB18BA874FE883B
:109E4000DA270FA1E90E9C7FEEC6FC6F68FC523F3B
:109E5000F83240DCF3DFA5FBF6423AAE3B699CA941
:109E60004134DDCAAB158303C162147A5D103E86AE
:109E7000FD9EC834C3CBB3B680A5232D3799CED46D
:109E8000B65B15384A98F303D7AF18F9E7B3D5FD99
:109E9000D7DD5E3C7BC9674BFA2FBDF1F68C77CAE4
:109EA000DF714BBFB11CE301D1EFE269FDEED03DA4
:109EB00060283F948D94EA564C2591E0B96C098E48
:109EC00024C1B35A8817790D79D4B1A75ECE1A553B
:109ED000ECC7715DE0373CC079FDF6A394CE085520
:109EE000634CC44B8B64FCD20B70425F283B5830F0
:109EF000ACD8661C049EB960405679C9529ED558AC
:109F000075C972B6CA6C6464957566A3972CF70E12
:109F1000E8F33D759E776557D6E05B0FB8E12356B1
:109F2000036EB5153DFDADC6238DDEBAAA748891CA
:109F3000ED60182AAF65FC13C60F91DC92BD6AA5CF
:109F40002F629498D73657A8D893F30FC9A3AC3192
:109F5000256B40D39BEA7CE46A90A81AE48169F2FD
:109F600071D61812836AECB279747C267E5FB206D1
:109F70007F71D01EDDB2E7D0D1354290ADA56580AE
:109F80007303F723EDFFFBB9553DFC5940F9F31C72
:109F9000DDC37FA2F1C71ED0F4A5BD07A41E6AA42D
:109FA00034D53FD3FE9E4CD3E7299A35EB64D96B69
:109FB00034BF68FAFDB93FE57F96B4163D6F5BD3B9
:109FC000F278E0C6DC3ACD2B7928A49FA65FBF00CB
:109FD000D34CAD3FA0AAB82FB30ACFAA67AD2CA12E
:109FE00037F0B32876DF15FE7DBBDC1A4BA3CADF42
:109FF000935A9031AF94D62F6506ADCFF774FCDD40
:10A00000A6E9933EE58ED80118972548CCABACEE77
:10A0100017D650A92F842BD768A1CB1B3005C83881
:10A020004E39F99D13EDEAE6D97CC6A6A896CDAFC8
:10A030007264E208065F07C27D80126CC40680F578
:10A040005B694B20A10E985F0337FE5C80AEA425B0
:10A0500000638661B43079596C609776EFFF3C36C7
:10A06000A63FC0A76DDD4E78C74D1C0C7AFAC1F033
:10A0700065C0470B254A8780026A94F23256D7A5FD
:10A08000CD3F1FF1E679947669CA46D619658112EB
:10A090004338DD47A9BCB34DE1E032C0B6B4DDA919
:10A0A0001BDE1E7836D6D771C5E2C8025733CE3DC7
:10A0B00060CB34B88F2E3E1EE8F46F7FD49327BC5C
:10A0C0009397292147670E7753BD31EDA759555214
:10A0D000BBADB30253709BBBBC69BFCF736E54DC86
:10A0E000702A2BBB7119B8545C8E60C025E5C73A45
:10A0F000BDCE36E71B35EEEE01423F6761CB099BD3
:10A10000BD1039B7A5BA289FC1216FD6CA976F4C29
:10A11000DCA859331D4DBC969E90D5547225E4D1D0
:10A120008CCED96D737E9F77FBB5A605579ABA6E14
:10A1300074DC6E9D781553980F8117912BC2FDA783
:10A14000188DE541F702FBC4AB81A91AB91645ACDD
:10A1500071827711FFE64F321183205C89D2E2F7DA
:10A16000270E4AFE7DF59C75FBD60D7CEBF725731B
:10A1700096EE5B3A70D9ED7766A77F96BE12667C45
:10A1800074CBB89B9392BC178C69F69CF2D9A688C5
:10A190009CB328BA016E11E43153E41305B9791464
:10A1A0002B338FD0CBE423055998F552A1F372EDF0
:10A1B00012EA9BF0B10DA27494E76F9A520EC13B64
:10A1C00000FD6FF475401A5723DDF0EB2862F5357A
:10A1D00034F4E6A5ECA64C06E2A79A663133AC7AD5
:10A1E000BE79A7AFFCB802098A884159685850C4A3
:10A1F0009213C8D9263CCA2D81D0716F02E246C0A5
:10A200001E84BF38D3B4323EA978CCA67DD67D3922
:10A2100063329919CEBB9F74CB8FBB03C7FD912EC0
:10A22000A81EF18F76B2F2102B92D72A50D76CBFAE
:10A23000C7B2D0D3FD3F434FBFFBAB5C1702D15633
:10A24000056FE4F4EBBF44930671C5B5EC92A3A986
:10A25000B6756DE8B26FC58470C67AC76F9E010D82
:10A260000B61F54FFBD4A261AFF3A99FA18879C719
:10A2700090EF517EA3DA4D885BB71BAC67C49AD4CC
:10A28000434D0028FAD7F5A95DF32A0AB2808F1D45
:10A290000ADBF1B6EEF56B2ADA0C8C2ED00A3752B7
:10A2A0001765BA8003725DE004B92EC80A3E0379CF
:10A2B00053329D256B2AB2974CD17D9EC0380DEC50
:10A2C00035612168DC5FA968BB2403DF0266CAC26E
:10A2D000A1D36CFFE6E4B65FFBCB71441EFD38E70B
:10A2E000876EAFE1F972C8729ED18DEE404E7FD07D
:10A2F000DFAD1D8C9C2AD55579A89A712ADAAF4218
:10A3000084F8CAA6CCA71C4D0268CC943150E6450F
:10A31000A8DB6799E9F1BBCAF17FB5C1B92AEB8621
:10A32000E6CDB7E066A21EF9CD1B04B710F548F3E1
:10A33000F2449416C99ECAD1F383F63F26DBB2C716
:10A340007078376E998701B76DA803F3F970A5B3DC
:10A35000FB936724CE5ECAC6BD82FB645890E6CDEF
:10A36000D528696BC4CB271013648A8BFB7AA8812C
:10A370007F274B61CB87B894B927F23D168E2ED03C
:10A38000290CB6A448CDCBD94818E16170BE37AED0
:10A39000CB63E18C02F3FCAC0FE4F34A3FD018DA54
:10A3A000BAA70E9AF2016FA957E15AAF106B7DC0A0
:10A3B000816BB04D0F5C4363326755E23A0466BD72
:10A3C0001AEF6CDDD96DAEC5E3C24F91852AF26BF1
:10A3D000A1160791735DEDFD612167C56F861AF6C1
:10A3E00088357676EEECC6B5C03DDF5B93D20F04C0
:10A3F000C5A755F8FD0B5550D3B72102677AE70082
:10A40000523BBEF52D56977190E99A20B8413C73A6
:10A41000B79466BEE92D6E9761A8C80DB87994E728
:10A4200054F5D4A3FD6FEBF1566DA7580F25C4D793
:10A430008456A8F5DB0DCED6A25F9DF7B27EEDF275
:10A440004E8A3C2B7E9F24FE8D176BAB5126CA167D
:10A450001F16EBDBB1B3BB4278654A84727B0C7F7D
:10A46000AF168DCE223C24BF4B8579C2D48763EED4
:10A47000D3B577D9D43717AC3D64AD8FD997B7EF43
:10A4800043E77688B51E12C7B0D94EA4BC92B495E6
:10A4900009723E280A71FA284234AB072398135AEE
:10A4A00045B84D1920F295D11F16B933E2B0A0E797
:10A4B00007EEF706E96AA02EA41E3C6E3ADE83DFA3
:10A4C000328DDCAAD00DAF97E503F269FE6B531F06
:10A4D0000EA125062C5DB076EA2A8DD2EAF1919E76
:10A4E00095EF1850019E8AC71E41DA7BD71FD2EA2A
:10A4F00041DBFFF87E505F7AB9CECAF0B3E5AF1109
:10A500009970B7EAE8D59EFC53A6AE1252E0EC76FD
:10A51000C936582EDE59476CFE52C642143865863D
:10A5200049FF6183E1A186DD3C6846FE5B12FD8246
:10A53000A9B8BED3312670F77B50577847636E2792
:10A54000426C4B66EA7B57D66A20FEC4BAF590830C
:10A550000C465BE071A4E4431655B0D799D102F3E1
:10A560001CD87AB17CEE15ED9B82EC16FC56DBE430
:10A57000533C00FD63AAF9493DCAEDEFC51E5AFFE1
:10A580004F7468F369E457F0389C0F4E41FCE81FA4
:10A59000BAA7A4F06E70DB63E0D7CC0BC423355CA4
:10A5A000B6ED90298EF41291D59B1A46039EA912FE
:10A5B000F9B16051B2EC6BA5A03F0423A36B6C45CD
:10A5C000AB9EC13344530011E93F5017697F006AC5
:10A5D000B9FC8206D64437E59002CFA92045C9666A
:10A5E000E48FFAF7F3B5C20898A56F8E7BA04EC131
:10A5F000963DB87F0057277F2A6D77F19CA96BC1E4
:10A600008333244ECE37D62B6619601ECB9657E285
:10A610009134CA603D807B969461DF259E97CFEF91
:10A62000CB77FEBEB3BB7725C573567E9C85798BF1
:10A63000EBE85CF0F5A3BD6097C7BF9B25D3403B1B
:10A640002036D839B11DDF86C14D2284065C684BA7
:10A650007B0BCDC80F2B488BD429F67F89570A6115
:10A66000449C387227184EEEC7E559F578E4FEDDB4
:10A670005A9DEE901B0405CBB24FBA29DF2C303F18
:10A680000931639FD405B43149E26C4E3F2C3F053C
:10A69000B347DE1FF15C7F856D8049AD19341ABD6B
:10A6A0002BD215AE07AE07CC431FAE670CB67B8F1F
:10A6B000237C63D23526A2E9FFB1F62660511D4BFB
:10A6C00003E899F5008A80030C0A260323A0FCEE18
:10A6D000A8188D5C108611A3C6A86836AFC2614069
:10A6E0001236595C124DD8864D11BD238241134458
:10A6F00059E44FBC26C44C1263401150E3D5685452
:10A700004C724DD05151132326C0881178557DFAD3
:10A710000C6096FF7DDF7BFA0DE7F4E9EAEAEAEEEA
:10A72000EAEEEAEEEAAA06A6F4C7A71953B1B8976B
:10A73000BB1125757DEA5D46FFBCEF2F6745B30C65
:10A74000098CC1AEFD1FDCEFE718FD04BDCCA4F8F9
:10A75000F17728D57BCD8EE9A193CB0D4F83FDD822
:10A760001FEDC49FBF976D6728B4733EFD9E7AC7E7
:10A7700039D12C7903F3C06878BBEB1F4DF0FDF4A1
:10A780007B92770B9D39E761B07BFC6F679FAD1BB8
:10A79000A6B92EDB494648C3DBCE3067F4067EF00F
:10A7A000BC62616F1F37F237D1CC7715C3863D2766
:10A7B0001F36EF5DB5E30FA2C0BA9077F15D9FF051
:10A7C0002BE2D84971EC441C9B7C37D58915D08687
:10A7D000718A2512716DEE4971FAC24D6107427C92
:10A7E000D906F18775CF8470ABB3C5D8DFA12F9E92
:10A7F0006EB457AC7DF40F85BC0BF8DA592797CFB0
:10A80000DB295164335C90C4C675992120A6898BDD
:10A810003C31F40F1050DFDC02F930D7B09D0170ED
:10A820003EF0F451CD4705BE2FD730D6BBB9C64652
:10A83000FB4163B0FC13837EAC047A7AA6A7B5E42F
:10A84000C33DA6EB9F3DE44AA6B916409F6BFC971B
:10A85000D8F97491E85F0A599E74CEE309420FF368
:10A8600092E84E898FA74AA2AC253545647C8011B9
:10A87000818E3FA323D6C3AC2ADA341DE78FF11FA4
:10A880001ED0709D7AB10C3816D4D5977DCE288213
:10A890007EEB93E58FDCE9B35328876989A443EF06
:10A8A000691AFE712FCCC8A2C1FCE83EFA99105378
:10A8B0005276BB2DE1ABC090988F903FAED5499AB0
:10A8C0001C99523899C803C84FC057CE8DBEDA22A2
:10A8D0003DB3602BA6091C0D3A8AABC76A0CB9566A
:10A8E0009EB561358C3E0FE791093B43760AF52210
:10A8F000F33405CB7B7B0E1B64F2BEED600BDF9A5D
:10A9000039B640BCAD316401C17EB52E703A7A4D86
:10A910005256917B5515A0D3331FED056759BBEAFD
:10A920006DFBF0EE20DF831AF7D714C942240D32F5
:10A930006696733694D7776D88C856374BD2807B2E
:10A94000ABFFE2FBDABCA229458121BE2FE78B6673
:10A9500049B360ADCA95FE8771CDEEEE43FC05BAF2
:10A96000793B27ECCCD434FD4BE12C01D8FE11957A
:10A97000719E938C63780CF301E9BFA121A19F0A1A
:10A98000F3D693F55341C66CF1B64B21970E7DA6D5
:10A99000E14C7A2BE098F38DF2BFAFA1CFAAA15D75
:10A9A0001EE8C5D822B27C6BD88FEE9A476AC709D9
:10A9B000B8E6059914DA4301EDD1B9DFFA8FEDC19C
:10A9C00085C38800DC2697C3F8E9CCA73185CA1E69
:10A9D000B92E2B0AD870D91475E2F1C0D8CC1180E9
:10A9E000F194B5B4F4D2AE004377F7D3B0BAB6F36E
:10A9F0007DF973C67637173CDD8E7B8CF3EA4C917C
:10AA0000DEC63648B6B0732172BC6945C3AFBED945
:10AA1000AF04724167A5D0FA1BB37FD5D4612DACCA
:10AA20000849683FF7104B5B613CA0E129F7954F5F
:10AA30000F1468C79C80EE13D6BD6BEAAE85AC21BF
:10AA400035A631726D5BC5581738236F977AC817D2
:10AA50006CC5BA382E3B5F2069EAE88B80B050366F
:10AA600057D04179B25C9C56E6581A56043D486668
:10AA70005F93C7D32DBB3B08EA69EC897600F55E8E
:10AA8000803AAD06CEE2ECEC69F9ACE48E7A9B47F5
:10AA9000797CA9197BD39653D9A579DDF7798B39C0
:10AAA000CA66A27FB37621E1AE6C6B6513D98F5B6A
:10AAB000B310CA0133043354CC71590A59483F6F5B
:10AAC00021072127C1DC0E232C176D191F4E343AA4
:10AAD000F3BD5FBEDED28601327B6C0F8E910FE735
:10AAE000E24FD82BD6413CCBAE97B3F38A25CE3973
:10AAF0000C374F0E14F32303E175428D7734CFEBFF
:10AB00003CFD72797123E1F370E0D25194A6A82C38
:10AB1000A73FA5A9E03FCCF568C54E5BE0E3DA9C12
:10AB20004701FEAD5C5FF3F0E3D1E0FF7B38CE87F9
:10AB30008BC4A0CF7B4368B5C1FC066DA691F56EB2
:10AB400038DADFA6B72C6D8AB50BF1C176BD618707
:10AB5000F7A5DD15E5D9741F415ED0012FD85D1131
:10AB600064A32779F4DBC3C0DDBF0DE26E1817E5DF
:10AB700033841C4D2FC97E01AC0E7F39E26CC8BEF8
:10AB8000DB4D7A5E0CE453781EF301AB65CD8E602D
:10AB9000518BF428A82E49D38D3E4CF342A1EF6B84
:10ABA00077A14711FA97437E9B1D0AF14E16D4F602
:10ABB0000CA1B621AF20796FF851C418071813CE35
:10ABC000FC15E51A32FF751FCE88BEACF7CD6E0EB0
:10ABD000288FDEB4F57AB4FF4EEEB7D3CC477A7E39
:10ABE0001EAE29E25A8FC8611D74631A6BD25B9F37
:10ABF000C1D918398FDBF91923097166F6A509D275
:10AC0000C447EFC47D08752F81BAFA961F3FDEE86E
:10AC1000CBA0ADC463D7DBF0F833A25136C1BB7C07
:10AC2000A77BFD5B1766F7BC64B29237955A77F540
:10AC30003D3022FE021B5BF9BEAD35A02372ABAFE7
:10AC4000F3197521BE75F5ED83E707A46F2276A889
:10AC5000A90F4D8FDEEFC35580FBE8EFF213DA2723
:10AC60007E8B926D42FBFD2BB0C77445AF2BDE4946
:10AC7000F6CF17F0BCDE34D3A04F3D48F54716F0B1
:10AC80003A01CC2ACF93A388CCE1916D487D64072B
:10AC900012741FCADF122F6B917EAC2BD4D382ADFE
:10ACA0002083C2FAC3B4717A0FD4E4455E52DE0643
:10ACB000FC654746C2AB44FE1E5CAFD86AA66EFD7B
:10ACC00023F7D197A8645D86F01F933A792848EB63
:10ACD0006BEAD24345C18D757C59CE9DE59F130F1C
:10ACE000666A582673AE9271678FE82F898EE47E6C
:10ACF000CA7CF05EA6A6AAEF488E5294B9D0DC7743
:10AD000044EF24CA9C6BECFBE03D8CCBD43493180D
:10AD1000FE6B8BE56B9BE52B7CD9FA25836BB55AD3
:10AD200059B3C874EDD22345CB7466183BB3F4BB5A
:10AD3000DCCFF5DCED4BE25AFDAD005FE32D669311
:10AD400032AEB036FFBB007DD491DEB3E299A5B838
:10AD50000A3C626E46DAF7BE9CE33B8C0BDC542760
:10AD6000396BC5E8C14EEE91613F90F5DF31E3F1FB
:10AD7000687D2897C6EE84F6D84BF4A448CDAABEC9
:10AD8000A37E365AE85EF5277A9D7219DA0509B96D
:10AD900002FB7E67693BCCA07BCF9F52FB9C17696F
:10ADA000B816E5EDECB3E9D4D791EC129DEDFF17A1
:10ADB000D6DCA07755534C4EF826C1392A7D12EFC8
:10ADC0000C65553B50A38758529E60FE1A3DA1C3A7
:10ADD0007D550FD4B5E6ED36A0A67C01EA1D4BB932
:10ADE000A62A31F8D0241E4BABDA38DB9B8CB51683
:10ADF000E141DFD29B73BEC9F031EC8F68EFC481B3
:10AE0000C654799A46DCECE563A2CF5D35523FA982
:10AE1000971ED4A12E00EA5B81BA0BEA612A87E172
:10AE2000793AE7C7AA867E046F2783A85F47B66C86
:10AE300008F75B15E8CE80252C0299E33808AE416F
:10AE4000B03CF4DB3A582781A6F36F46F013B928DB
:10AE5000007F53C19324E86D1AE48786188AF0DED8
:10AE6000F84DD19462B5070BDAC4A692965E91D6DE
:10AE70002863868E0AA908C15BE544B34BF5117BB4
:10AE8000B0785B83CCDBA414E2ADA37685A02F5A07
:10AE9000C3F29BE0ADE323E2A9067E56F0B3879FA1
:10AEA0000BFC54F01B03BF49F09B01BF0092FE3125
:10AEB000B57EF4ABCF89D9C1E5DAED6DC45F25F17C
:10AEC000D3E721D8B2FAD5A3E923EDAE366AB1E4CF
:10AED000BECF896B751F697BFCFC9BEE19A9FDEB4E
:10AEE000FFF2D6762BBEE735E2BCBE978177CC4425
:10AEF00051D15C471DDA2AFB883D5EBCE3A71D3AB1
:10AF000077D95ED98EFB8E51EEF21D668373337353
:10AF10007C275A7A807D21F035276764AC6984B23A
:10AF2000076BDCE8853B72D95681EBF07EAD7A7F0A
:10AF300097D50B5AA352A5521F6CF3C778B4A83EFD
:10AF4000D04FE0CBB761EF6E28EC6B4D68712316E4
:10AF5000EF6E30E85FE4F15616EFEEF035E65FECA9
:10AF6000D880710E5A2EC22CE67D06781F43FD88CC
:10AF70001D41E07B74E8E73BFD58D81ECFBEA80D0D
:10AF80002BBCD2EC57C3041D8BF43BC00419E1CD9C
:10AF9000084FAA61F223D84FB757D89C16F738C28A
:10AFA0002987D8903F4F62C8B3968C6F54ABDE614F
:10AFB000F03EC0AE06BC0FA02E8350150995753328
:10AFC000C62A2608F8C9B12468D466F0AF0A35321B
:10AFD0008A2D6930E63041D836C0992E25410E0DB4
:10AFE000F4CB7EFCD24CBFF8DCD8348B6AAF7CEB60
:10AFF000A1E3460D91D2328027185A864F9E2843EE
:10B00000DF266546766665B35518EC63B6598DAA9A
:10B01000837717F2EE32DE08EF63C8FB9867F0FB28
:10B020000CF23EC3BA8EDE463FEF5977519B0AE5DC
:10B03000C75CB6A2759655C8C36851E72396FA3F18
:10B04000829A561F64DDFECC9722E69A4A723D86AC
:10B0500039B990779730CC690C791FA3C3EF33C807
:10B06000FB8C3575B42CAF818D235296AA9AC1659D
:10B07000614419D93BA03D4A9A11770E96687F9B8F
:10B0800015797721EF2EE47D0C791F43DE6790F769
:10B0900019BC0D3CC0FDBA80DBBBF209DCA49E7676
:10B0A000406905ECA903B0A70EC09E3A007B2AC5F3
:10B0B0004EF56BF6A76B3FCF9E0C7A765AB87D544F
:10B0C0002DDDCA7EB933B359CEF811EF12FC5EAD57
:10B0D0001F9839DB366F9352762E66ABAEB7146489
:10B0E00067D09B3B5D320FFABC087AAEF485C29202
:10B0F000D303E111D6A1396EABEE87DDA7D5D572AA
:10B1000006B555DD59D37BCD0FD3B53A237008EC86
:10B11000FE367B806E947F5C29D4A287A48A1DEDC5
:10B12000BA3C87C1F30DF44AE1790E6AD8E3D83A04
:10B13000D8E995F48047A7D6B7F5DA59CBCC62EEBB
:10B14000B54A8673AA6466AD358B454D30B6EC348E
:10B15000F696B62899D2E21C8B57EE2A260CCE9B87
:10B16000D8A1E4D4A907EF18E09E3178F2F2107666
:10B170009F33BD9A3DF2F2D34F677A030D780605EF
:10B180007160234D79D30CBD1677B5819AD91A45D4
:10B19000975932B9C9AF0A6F30B05650B2E1BB4CC3
:10B1A0000A36E0E9746D5ED451CDAC4B4D622EA6EB
:10B1B0000AC6373CDB2ADDE90CAB6D63AF1FEE6BD3
:10B1C0007B377918E50FC0F66B6A21EE43C24EBC9F
:10B1D0005797C7331A1EF7A6E5A0E1EA1118BDA0DC
:10B1E000505DDEA612EA2CB352EBB14939C2640DB0
:10B1F0005005F9F71EF9B133612D9F0DE789DE2364
:10B20000A02FA95EDAAAAE6C1EB027EF970BBBE0A9
:10B21000706F4EE26D057BE877E8AEBC621D2BB621
:10B220003E577AC9939438D39BF5E89976DCC9EDFB
:10B23000D8B1ED0EB27BDDA46495ACDA3D3A0CE4F6
:10B24000C15B8C9386A705748AF8F903ED5BB8405F
:10B25000CF50B95D2BD6E239C6F2F0EE5225BCEDE7
:10B26000939957B985AB335806FE66B18C4B78A6D7
:10B27000368721673E52B325A41D14525A422CDC56
:10B280003F340F535B0D08D90A21ADC4606EB15332
:10B29000DB98C542A8CD12CAE1E386F221D8E1E5E8
:10B2A000D3F587860C0AB14208D3AD23E908CD5205
:10B2B0004233FECD66A58EE10FC849885BA3A4B9D1
:10B2C000895144B30FD5D9B7801283DC5EA61663CB
:10B2D000C9D06E8B6338895D0738211643720981A6
:10B2E000CDBD05395C0B510F6B113B86831E36C4F7
:10B2F000AAC15FB21A666448F92C7A689589C12F91
:10B30000A818BE8A212C86B014C252084B212C8565
:10B31000B0DCAD91A71868B4EA2FB77150B9DB085B
:10B32000FD16FFD8D19C6B278C59F69696316A3B57
:10B330004BF71CE663ABFE4962BDFB635B34F74A27
:10B34000F7D2D8E63012ABED8F35075D2D1D4F6378
:10B35000DBE693D8E8FE582568414EA6B16C30E78D
:10B3600086F932638458BF006CD9CE5A1A3F8B8F4E
:10B37000B7EF8FF747AE7820C44F21F1DE03E29F8D
:10B38000453E4915E2C79278ED80F899A80FBA4674
:10B39000885761BC5FB4FD18B0E3CAC7CF30B4B101
:10B3A000A2C3B5E26DFA23DB1BF194146E43B481A2
:10B3B000C53EF092238196C80C992B92845C62C2A0
:10B3C000B6EE9337C27D66B9B8E77269362BB20F15
:10B3D000871B6ECC2D86B7273AA118ADC5899A4D2B
:10B3E000455DBD778CE8CF5CECF7F039EBCDB29FD3
:10B3F000FCFC70A4605DE0268CA83804726C924F4F
:10B4000096695D9D64220EAEC42874454CF557A81C
:10B4100045A0D0393157EBE09C6D182F134DB83152
:10B42000A555B0323EF666B94E1CE507389F7D0E35
:10B430003DEBE1DBC6E7F2E04DE4E5E724F643FB54
:10B4400040602788D80BE2ED04911BA4BAE65EA405
:10B45000E3F673AE6132117F3F0EF1C3FE8B0368DA
:10B4600081D5F3569A7CD01A47BD47B4E95E5B2F6D
:10B470004A8CE8C72FD0014688007539FC6A8C7069
:10B4800077837BEA96B3FAFD6608B1F3E036E63CD3
:10B490008479410BB51950F20DBE6F5A0EEF73AFA0
:10B4A000FCF869C3C3864F9B1F362BD63931B65F74
:10B4B0005D59D9B3F6A81C46907688094A2D84D8E0
:10B4C000A0636B0DD95D76A98500A7353AB79311B6
:10B4D0000D526845DE0F9B0D70AF6D6F03E223D8F0
:10B4E000560AB098DA020B388C7211792738E4F6D4
:10B4F000ED83716818FDB97E1C022CC121C0020EBB
:10B500000FA5BB01D30F573A18306D6029A6D5831C
:10B510007D9AFEB4483DC2615A0207E9000E5261AD
:10B52000993015D0D01C98E7746A601AA459E48D3C
:10B5300069024B3105F4F9764CC3D3D8B89650DE86
:10B540004CBC2596F1750C2772E56D01E21B780362
:10B550005252953347B6D9FA2B4985768E2C0FDB9C
:10B5600003EA3B20FCB047B48CC59343D3AA965E54
:10B570006BCD4DA3C1ECC5E4B551BF4637159D5DFC
:10B5800076E476C2E64E39F7B3516AAD059D8B9CE1
:10B590009B8C83162C8F196E32DDCB650B7D728DE3
:10B5A00072319337D73D4861C7880D768CF4D81C2B
:10B5B000C353BDA2ED41DC48671978B1573AC8C002
:10B5C000524F9ACE868BAA859B8C4E2C979B2AE74E
:10B5D000D21AD99EE9DD60730A753EE1A6CEEE9BD4
:10B5E0008FFC96878529D8E56128777F5EBCC2E805
:10B5F000E7E7EB0BF7BC7DF9305A5B0AAD83BB1371
:10B600008CBBD5823A2EEDA68CCBEE9499DE0D7BC9
:10B61000F447B815463DBBC0C8E5B648B2D9983A1C
:10B62000057C01BAA52D22835249AC36BD641C9C11
:10B63000D71EB0A45650A7D71E35A22E30EA00EF71
:10B64000055F2AA0816BC3DD35CAFB4B0DB72332E2
:10B650006F423FD62FF4C829CF36823F7A91C63A3F
:10B66000C87DA1014B2E86920729DE8392C3581410
:10B670006525B90DB204DC0C99F373C46A4EF2105F
:10B68000F62EDDD9ED722EA3D1965BF5A515A98F07
:10B690008C221B2EFF9275CF0C5389D5E37EBD59AA
:10B6A000A8EF7CBC49C188E1668514348425A6E2F4
:10B6B000CE870A59FD70E20B89971C4FA12FA43D3C
:10B6C00075C4BBB34AC61CFE93DA3A5037B8940728
:10B6D0008C9219B0CAA983BB26322E2B4C6ADA9100
:10B6E000FAD06F06A4B29A01A9ACC4C7492AA80728
:10B6F000F6A8113483A0EEF6181527F9BABB0D751C
:10B70000E742EA2EAF0E6D09E1DD8DF26C8F1C90E1
:10B71000308C7E2F422E562F86F1386CA11E671B6F
:10B720008DC4471C6B752548119DC3E05D5B7C96FD
:10B7300034E31D6C94FFC81859157DCBED38796B37
:10B74000A9BAE9766CF7315C692CECE057B4377F25
:10B750002AFE16D6387977160AFE9BD0821BAE4297
:10B76000C076A43DD1FA685C985FFC3DC06CFEDFFA
:10B770009022F01E9F38D257FA92243D78F10EDBCA
:10B78000EA4CED68B83DEAC8E84797B3DF164AB41B
:10B790005319D4D698C3AE28C41B9DD7E1DB56B04D
:10B7A000430D3EB8ED793F0799CD7047E256C76328
:10B7B000D9D8226BD3A898DF791A2A9A687CDD1F22
:10B7C0007D2A81BB20EA5993971159B5C19995B843
:10B7D000CA60C7F9BFB0C6AAAEF2801EE6B15D8BE3
:10B7E00052895A65BEB2BD1A47AFC9E0450F251947
:10B7F00080773766F7F680E50E9083455F21EC7918
:10B800001ED6C77C119F12ADF622F1E32A47FC1821
:10B810005F24C45FC03A0379813C417FF742D1B9CC
:10B820008C62CF6ABCBF3BB90173E6D32FFF3AA647
:10B830000556E621A8977DEB2CF9E69DD3E00A6634
:10B840003340A656F9B12387823CAB423F1F124FCB
:10B85000D9D9F2550AB8E982238302C6AB11E78C25
:10B86000447B81557DFCFCC3E7DD43B67D2F56A6A6
:10B870007B898A3F3EF7F05CB751A174929896B2EB
:10B880008F312F2849A0C81BCA146058AB65D24F0E
:10B89000F3A526B956749DB4DEACF98697F09AE705
:10B8A000A47B83F43A879F1DD735F5F8A1348A70BD
:10B8B000FBB6749DF8A04F3D0E4B78EA68A003ECF0
:10B8C000B95AF136283DEDFCC21815EC84903D8B39
:10B8D000FAA731D41FAB9111FF24FCCEFB53344E99
:10B8E000CAC7E9FB204E4575AADC689C988F6BFCA3
:10B8F0001DE226D193C59183D3C9BAD0C606CDCF58
:10B9000065709CA61DE216D1FC948371EA7F86B80F
:10B9100055343FA727F2BB0D7189343F859F6E5088
:10B920007E2672078BCFCF01E30243F8181DDCCFD0
:10B93000916DA3E736F6C25DB967D6CC6BE7ED6CC7
:10B94000F177CDA5E16EA13E7947DB64E869BABE27
:10B95000F814F698D0C7E0875AA49F376AB7D85131
:10B96000B40D6D5682DE12E39B9F05378AB8984767
:10B97000525821513D3595D4CF49785F25F1F314C4
:10B98000DECBC4BCBEB970CB1D4CAB4940E79C5864
:10B99000EE34C14A9FB1E7733A70F3A53A83398513
:10B9A000A92D7E04F6AA72AC26FFA4306BA54EF733
:10B9B0000D666F7191A93F9FB21E9883245E7A8FA6
:10B9C000ECB37A5A7FDD17B2F618FB734FFBDDE854
:10B9D000CC48BAEBFA6958F508762524707B789A3A
:10B9E000F025A0DB389D91C411DF50B260AF9F17E6
:10B9F000DE280A7E4BAA8F99771B2D5DFBE4E53B81
:10BA0000827DC1B73CF26551981BEC8FD5818ED5F4
:10BA100034B41C5A7194D2F10077C342EA2AF598E3
:10BA20001BF5D3F298EAECDD1F40EFAFFD94B5D2E1
:10BA300034C59EE8ED55DFCD6304FB0CBC95BF5FBC
:10BA40006CAFA127515F76AAE842319702762EA506
:10BA50001D6F1BB23ADE564897FEC390B5F41F0522
:10BA6000B0A7F507ABD89A1E6329786671D2523B0E
:10BA7000A2BBB858C18B0AE8CC93F3ABE8573F8719
:10BA8000F14929213656D7F55BB62EBE81561EB236
:10BA90000A957718B46FB94D14BC25006C5E524DF1
:10BAA00038E699D02D784FCEB473749F609798B7CD
:10BAB000AB0DBAFC2D78DBA2AA41A4F952EF14E237
:10BAC0001894EE9577AB163C3C8615883CF5DE0E57
:10BAD000ACA9B8B9D7BA91F782631A0B7E75A76D76
:10BAE000EA11EEA2F32BB21C8F678215E6AEFB3093
:10BAF0007E9075F033C77AD6C9A260E50B1AA2F220
:10BB0000FACE428E699492F3FDD669C160B75E6A3F
:10BB100000A700DCF730E7E04AA6FD522159DD8E90
:10BB200036039640DD2627C15A7139D0C9DF1C374C
:10BB300038478BA7059B2EC87B8945B3AFBF2DEC3B
:10BB4000361A9C978B4DDFCA1F932F877A8CB2D5FC
:10BB50003023CAD3438CB0AE843BEE272555733DCA
:10BB6000649B579804AD2E38BFAC7EE88137ABF6A6
:10BB70006AB9BBCDE0C7D98B015704B81F5989BE3C
:10BB800043703D5A5AACC7B5EEE86A90A01F0E58F4
:10BB9000ABEAE5FC2A7557436AE1A6EFF74637B2F0
:10BBA000B5978C700E29D314DDA1EB54F5A602597C
:10BBB000A3BB6E53C1E46B303A5F6F964ABC6124FD
:10BBC000CF81913C27C7AABB707B1BC870F68A69DE
:10BBD0004A46261BA803861A60E08DF45617ACFF70
:10BBE000950CB7FA21A3F7DA05373D1ED4F9EBAF70
:10BBF000116D5FB43A2DD136C700D66166264F8BE2
:10BC0000FBA579DA7ECEF1D76BA8B7463FD03EB31D
:10BC1000582CCC02DB7A52D0440B459B81124F3D0D
:10BC2000D147C35500DC2CE1EF0ADF5BF05F93786E
:10BC30005A9F4C6B60EBC5261790B350FFCE7B909C
:10BC4000FE9D17E8DFF1FB92D7A8FE9DC700FD3BE4
:10BC50006FD4BF3BFC3DEADF81E79551B0DB365A3C
:10BC60008A1A7856B0433B02D2AA7087F540194829
:10BC7000474EDDC38E45EF6531B50C6CF1BA0BB69E
:10BC8000DE6FF2D455BC220B31C81225481FDDDD12
:10BC900084769BE94BF0004EC495A7C59D06F72816
:10BCA000DC6BF0D3E3582917677AC9D49B94266BD1
:10BCB000F697DACE26E6DEB7B85A4A070D78AA9B81
:10BCC000E7D1E3775C5972EC9861BBECDEEFFD7B6A
:10BCD0000797C04AC32D2996106B8C52F20DA9AD5F
:10BCE000604ACFE2276B2BED3B935C7ADB242AEA98
:10BCF000E5EB8B53DC648AB4B8CBC7EB08424B56F8
:10BD0000DFF2F8E030AD01879EA37CBB691742BB30
:10BD1000D99A19DC15B1FE437F2730DECDCB71C730
:10BD2000DC3C7CC31A58A78AD12BA1473BEF39A131
:10BD300054DA85BCFB23672A6676DD040BF968813B
:10BD4000BCB26AA9AEAE266F421EAF09BDEA3496F8
:10BD50000C4B82332C96C27A1E5F0A4DC893A550B5
:10BD60009D9D066DAE41C96D44A70DB637C0AB5E53
:10BD70005DDADFE2AF5EA490C7DD96965EDC01720D
:10BD8000D29E52B78BA3A24BC1B2E4B367A0EE55CB
:10BD900070036F4E69B114FBC984D1B257EB61EDEA
:10BDA000CC7CC0BAFD97A7A6FE88650F8DD437EE70
:10BDB00009895A0AF27B1EA1AFA91B62B485BB2F69
:10BDC000FDD65CD81D1AAEDEEFE70E92A904A58D54
:10BDD000022DB1AE3EC61C62ABB943EA6EDF30360F
:10BDE00018A01C106A01FB0056AAF56291D11657E3
:10BDF000AE22D17705D1EAA9DB47AB27ED75573FD6
:10BE0000EB305A3D231DDEDD3DD5CF4E56AB6704EA
:10BE1000AAD5535F50AB2785ABD5CFAE71873877A6
:10BE20008075877E6EEB53703E987B6C648C8E12AF
:10BE3000A6344B7AF1C8C58FC5A53B1C890CE89781
:10BE40008FDC7FDAC3388491A787D6B6AD13A9BD3E
:10BE50001E7980DDCF79A250D973DCD3BBC4A56134
:10BE60008ECC117D98C8D0D969F71AB5E0B4EA53E1
:10BE70000D702EA3B211C267A95403FB678CFC524C
:10BE800021EECB05569FD65BE00F3F01FF5511B663
:10BE900085583F164E95EDB8C4A99281E98FD8E434
:10BEA000055C2A948DC6911B31C9C62A3674DB15F0
:10BEB000D51943ED187DAC2C1676BC478BB4862D76
:10BEC00043DB417B74DB33E7F8766FF412DA9DAE27
:10BED000090E667ADBB8F78CF0C9E1B659CBAD35FF
:10BEE000E04FCE13FCC979823FB9D1E04F6E34F8F0
:10BEF0009353833F3935F893F390CC127964CE4A4B
:10BF000077973C2B72CF7C365D25992D52417D7BF6
:10BF1000C1AE2BD48D502BFD23C0691801AEB6F8ED
:10BF2000AE5B274AFD3DD4687A5A67AE35178B4C15
:10BF3000BB73CCE9A1797596BD3EE823B01A065EC5
:10BF40000F01F85D261CD7520BE3BEC7D98B8C5A64
:10BF5000602595EF7F9C4391982F856EE493DC1BC1
:10BF6000501ED70E76762C160C36ACF1633F9378C4
:10BF7000B4E36DD0994DD80FE1ACC2037C5DE2AE65
:10BF8000DEFE2E90363911AC4F6F540D13DD99D96A
:10BF9000E4A0E9F79D6984744097BD9FCC28B10E59
:10BFA000D9A54179D1BF49B034B7E15BDAE73BC0ED
:10BFB000838C53E7E3291A84A1B3D23B9AAB7497DD
:10BFC000E4D73DC107CA044CFE4D03A1CA8A4329E8
:10BFD0008E8076C0A1E87C3820A74574FC2D9A7D20
:10BFE00089E2FC656F3040D9777661DBBB3D3F1954
:10BFF000756BA65D2B35B4F9316EE7289FEC82D5C1
:10C000009F6D07F321EACD4D13ACD0D69F2BD29A6A
:10C010001C3B7F75D238192925AA694668AFABE861
:10C020008B1BBC277A80F7440FF0A8A8020F8AD098
:10C030000B26BB677AE75861BFBF5A0AF32DBD4B89
:10C0400011904DC6952FD961E499CB820F27D21B51
:10C05000DDCDC3F4FCDB3833E316807333EE9D8112
:10C060007F54FE0EC6DB42FBBA04F428B95C76AA04
:10C070000C66023850635EAD779B0F7B346DEB1816
:10C08000B733C27AA1E4FB2B2BBF0832EC04FB6C64
:10C090002D72DC919B842348878731BA0F6E7B9B7E
:10C0A000EFA3F6B7BAA6035647520F8ADF2058ED22
:10C0B0002BDBF019AEBB2560613C3813B4BEC182E6
:10C0C0009498033BD59F69C137B68D7530DF677291
:10C0D0003C3E0B86FDD61E9424B8E13B781DA55648
:10C0E0006A692D15D23B1559815DDD11B4D4598192
:10C0F00031A0E9D4476D8425032E6587177A05B3EF
:10C10000D80A7CB326AB1F825903A3E6B60E2F874D
:10C11000904ABD00A1DAC0D916893D839F9CD1A168
:10C12000877978E8A18F79401F73873EE60E7D0CF2
:10C13000FB911AE4A6E0BC3AEBE0178CC63CE4574E
:10C140006B774167DC2144AFF1934D0AA0F426637D
:10C150005C8F23DCAAF2DED56A1DBCA18E3BC13206
:10C160006B7A5E8055B4C9A5F321919378C8688431
:10C17000B40DC9B3D05D9F00F7CA4679BAFAC12899
:10C180000192E068DA9F6EA21D7ED29F841A8833E6
:10C1900049AD1F991C8A7AE97C61B20DA9E0C70DEF
:10C1A0003EFE754E5AC4AC08B635D21305773ABE7A
:10C1B000B47A6597B6B43147371F01D36208BF47D9
:10C1C00043B8C4D97C97B657B4C9A9E831F23BF259
:10C1D0003DE5E02893AD8C5A5F6EFDD227CFE45C3D
:10C1E000F4338C842346083D6B5F11B4B1C9B5F3B9
:10C1F0002EBDB390022DE2D639CC2BFB18F41A4693
:10C20000457833BFF80A2D7538A72CB2C9D76F0A05
:10C21000A3AD13CF39EAADC0BFE7104970E050FDC0
:10C22000667D839F6CAFA56FD3F2A087493EFF4F19
:10C230001C72DDCF3808F7D18F1451EE0AB5701299
:10C24000390B003E82D1D9A543DC9F4F5A3467AFEA
:10C2500017FFC0F78A89E6EF32B5DB87EC6A26B4B0
:10C26000D5B0DF8982AF1E21EFD9EC59BD007365CF
:10C270005E56632DF9BA993D439E15C5573A8DE434
:10C280002D833D43FBDAFF982F8F3D3A3678C591D9
:10C2900051C10B8ECC0EDE546B1D1C77046D59E022
:10C2A00069B642398DE16D7FE6DC42EB0FCA6672FA
:10C2B0003FBAC4A00C436B1026F42808BEAE99DD2B
:10C2C0009C2C04CF068BB4B3C260A748E989BDF3A8
:10C2D0001F78DAC66534890D4E8085B737F8E3419B
:10C2E000B05341EC073E3BB3C8F19ABA4CCE6C6BED
:10C2F00020BE4B9AB567D3EF1BB5706324A7B94E28
:10C300003DD51C40CB21379F416F15614007B1934C
:10C31000B21DCFD553B560B101E8DB7E4DBC2D50C9
:10C32000EB6A053A45C9CD18064B0D25411BC20CD9
:10C330006B95CC9EBBEE9B53C3643F6D0A736A4200
:10C340000F5907776E9B033B22E2EE0C38FDB1FEDE
:10C3500072A78CDD76BC540EBBC7D7E57D25412284
:10C360008D225AC9A0CD3538B3D05E027A42442B13
:10C370000AF7C96FE20996B8B305ADCBABD3D0B716
:10C38000C133202DA531FEB73D1ECA823DCEC0ED82
:10C39000FC6140976387680C03FB74372857D81DEE
:10C3A000D779E9873B561609162AC6301E342EC0A7
:10C3B000F638DCAD2BA731AD6EFDFB6C234EF15E84
:10C3C0005CB4474166D90AB616B5E8ED274F68CF89
:10C3D000CF49CB1D603FA7B2E2E719692FACF967DF
:10C3E000A7711DA3CAEE2C7F5079EFF49DB3372FB0
:10C3F0005C5BD6F37277C483A87BAFDD89BF29A9C4
:10C40000D20E312ED72C0619E446CD66CED1CC24DF
:10C41000D86F7B8697FEA23F31B0DB24DCCF6DF670
:10C4200024D7B6E8C34A23D153BCD86F3300AC2914
:10C4300087CAE6ED9937CBD14704377924DBEF8300
:10C440008DB7912FF5114AF6171FEA010AA52EB8EC
:10C4500023585183B2822DE820DC42DBA8FC385AF5
:10C46000610BD6E7F10BED9DB53579B6305B95EBF9
:10C47000DF90D11163DFE070DA87B364D3440776CD
:10C48000C7A02F9F7AEAF7A6C6D8768E2D6049C836
:10C4900003422C7837CCF17BD13A987CF136571394
:10C4A0006AF6E654C35D16D88B01CD12B222BE994E
:10C4B00043E225E64A12FF01BB9FEAAFF405860876
:10C4C000301559B4157A68DD96F3FD24677FFA7349
:10C4D000071387A59050D9BA0ABA96D9F74BE4C288
:10C4E000988331C35EBBFBC6BC376BDEB4D97837EB
:10C4F000765E5C4D5C1CB49D5FB0954A1F2CFD1AA6
:10C50000C77EFD91E033F456D37ABFB0E1A8E5F2DF
:10C5100030F824B51BB98E6FE39CDD3CAD7A6F7E9D
:10C52000D52FDB44E5D07794E8C5759CF90D92775B
:10C5300039582B08E0EDFF1B596B95BA9A95AAC79D
:10C5400049C56407AE9A4DA3BC31DE5C925E57A02C
:10C55000BD54573C157DD59D2886354B0AA37A15C9
:10C560007C5F04C8F97CEB13B66BD51E3B5CC03214
:10C5700021F00BECF995B5811E481BE881B4051438
:10C5800069E3EAFCD6C22CC2CA67586B4B5AAEB4F8
:10C590006CD718E4F217B734A9BD402B03DF575509
:10C5A0007F077F031E5E862F49B07BDA7CA679CB9E
:10C5B00057B79BD463E4C13C3769B741EAD525E757
:10C5C00076C19E359CC5F8CBB4250D7BB405C68CD1
:10C5D0007ABF756464531DDB7CB821A3FE196DB668
:10C5E000964B823D44F83A420BFA1CB0EF27057B8C
:10C5F0007F6EA03501D62FEBDDB4DB377FD82CA4BE
:10C60000D9BE796F3342E23C7E25E8013953B8D276
:10C61000802916053DD8BAB4E1629043D4F9AD172C
:10C620001B5E0D3A5FF86AC35EED7F8E6683F5ABE5
:10C630002FEB03EBF8E70BF41967E49FA9409BC8C5
:10C64000DF166843DD02E075C99506D8EF5F54D266
:10C650008CB6E060F5605FF2151FC3DA5FF98AAC53
:10C66000F0C525E7D4952CB68418CE8AD053A4D52E
:10C6700015D8C52CF9DE012CF2967CC3439B01CF63
:10C68000B168B0018116F1479BDF3AA0AD388C3913
:10C69000FD37087C5089B900568CB6F233ABDA36D8
:10C6A000F6F811180FF346D37BEC15B0FE25997DF3
:10C6B000B4423BFE28EA4D4AFCAA88F5E4CC4F2A56
:10C6C000371AA3A1850FB57DED87CFA92DADF4FB5A
:10C6D0009BEA192DAD32ACB7AFFB77B48DF234388D
:10C6E000B7C73D6DD4942881B3A234721654D2FCDE
:10C6F00081B6B1D6E8DD7F0283A75DDB35EA4A6308
:10C70000C081E7D5D5E640983B02F0DC05F439025C
:10C7100000660EC0CC01983950E239C05F73207EAC
:10C720008ED10FCE7CB2593C17712C390E7F6DAE75
:10C730001C0798348049431E04183CBB49031C69FC
:10C74000C8576CC6950BE343B65DFEFA32C466D09B
:10C75000F39F7AC05C0FA9EA21553D7CAF8754F561
:10C7600090AA1E52D543FC718847ACC721FE38C43D
:10C770001F87F8E3107F1CE28F43FC09883F01F11B
:10C780002720FE04C49F008AEA1FE2DEEE098038FB
:10C7900001104D3F5F78FFF2C3CB9F7ED7ADF9F913
:10C7A000BB22CDFB3F8CD0DCFE214F037027B71C92
:10C7B0003F797CD45CF57EB9E8EBA6C6B9EA6A6736
:10C7C00091C12ACD415DE32C82F4278D6372D301A0
:10C7D000C749C8E18C21D725575DE6CC56AC36E475
:10C7E000C2D77267D658E273C0905BE2A3DEEFCC8B
:10C7F00016C0D73107D495F075C696E3F0BE057024
:10C80000F1B0402F7CAD9E70D7905B3D41FD3E85E1
:10C81000BDAB3E085FE76E9300155F1B72676C034C
:10C82000DC22842F91006E91F1D329FF63C8FD743F
:10C830000AE01621FC8CFF01DC22E38B3B820DB960
:10C840007377209D04361829359E9C1E6BC83D3990
:10C850001D70F3B0B1805B645C5DA237E4BE58022A
:10C8600078250710560F7825C62B333F30E45E99A4
:10C87000097825DB11F603C02B31AEDFDD64C85D1E
:10C88000BD1BF0F2B04D805762BCEDFF8B21F7B6B7
:10C890003FE0E5617F01BC12636E196BC85D5F0606
:10C8A0007865085BCD025E99F1E19C8986DC87C0E2
:10C8B00021CE32849D3B11F0CA8C25FBE7420DEC62
:10C8C00007BC3CEC5CC02B335A6913416F5E0B789C
:10C8D00079D844C02B8376BA0CF57C195AF232B45D
:10C8E0002472C86568E9CBD00E574A1AE02B43FA88
:10C8F0005A358B520DEE2B30D032A8C72616FA1FB0
:10C90000C48B214E0C71E24F1BEE8474341C6A867A
:10C910006FB2435FA16E70C757E141EAF7A3A50666
:10C92000F92AB6E35CF5371FCE55972B59F7E70B7D
:10C9300016C20E210B78E5E4C65A4D0BFBF18FD0E1
:10C940002656DB8ECF869826D199A62DA7AF003725
:10C95000C1DBD92D17AE5C005E91042E54573649C9
:10C96000208D0DE46703F9D93C3C6EBD1A68404B3D
:10C9700096D9EA4AB9CC6F3D8CDC5656F6A0A52371
:10C9800053D774C920BD4C7DF032967218D03B0C41
:10C990006087016DC300C730C0310C700C83F20C8E
:10C9A00083F8E1100FFB10F0AB845F35FC6AE0F711
:10C9B0003EFC0EC2AF8C7586786788778678389192
:10C9C00086DF41D619287629C19EE2A2DE1FC5C0A6
:10C9D000F91EA45E067752702EE812A96B96618D3F
:10C9E000B97C7D16D28F04A8912550C797B1042336
:10C9F00001FB48881B09584682CC257B78DC308CAB
:10CA0000B152EF075A2B59B74F4F43BC1BEA744141
:10CA1000CAA720E55390F35310F314A47D0AE29EB5
:10CA200082B44F41FC53B6AB518FB036DB2C8272CF
:10CA300097AACBE5F06402B067A92B8182EACBA26A
:10CA4000AF4F6F39AB3ED804D627588F0ACD990B1C
:10CA5000C88380C9A3E43BC0E301383C00FF68C041
:10CA60003F1ABE8E06BCA3E1DBE84F2FC0572FF85C
:10CA7000EA055FBD20572F80F682582F88F5827215
:10CA80008F01895DB205CB3E06A0C600146A32FA5A
:10CA900040187A26FC2AE1570DBF1AF81D845F1949
:10CAA0003B0EE2C641DC38881B0771E3206E1C6038
:10CAB0001C07F1E3207E02C44F80F809103F01B04B
:10CAC00047BE8F1442DF85DF41F8A19E6439FCF632
:10CAD000C3AF127ED5EC24A06392BAE696681B948D
:10CAE0009068514E0108E8BDF0AB845F353B0520EE
:10CAF000665CC131CBDFB8FCFF1EF74A1AAE109E50
:10CB0000BFD26C80BB0C3BBE1AC4EF30621F2FBE7D
:10CB1000D2608C2678D2E09705B8B2003E0B60B2A6
:10CB200008EE01A33AE00F00FC0196119D8EDEF0A5
:10CB30003E07E0E7006C30C006036C30C006433CA3
:10CB40008C2BE47D31BC2F35E6603E6D3CBDB40FCF
:10CB50009E0F41996347C34998EFAF345B7AA54074
:10CB60006135FC0E124AA5904A8AB289D1CF5A3556
:10CB7000705487BD24A4F0780FF0704B3B7C6D5748
:10CB800097B5FC0A5F7E0528D0E6243AA9C8111E95
:10CB90008079117C5BB4370AF0ACFE7CA7B17908D0
:10CBA000E48C3554D24CE8A139434D89777C037F1E
:10CBB0002517BFB18C0748494D341913AEFC28D056
:10CBC00043BCD39429AD41B7DB84F212D8477CBF74
:10CBD0002D8DCE470CCA2787B5A095FD33593FB39D
:10CBE0006CAE43C8D7DFC07C2167D3DEFFC120AF66
:10CBF000672F7E03F673D933DF9CF9E6E2375FC314
:10CC00007B80FC0CE4BB4A7EF11B852C517E12BE5E
:10CC1000E2EF0CC4F5845C3CD7B30CDA6F0C9BAB31
:10CC20009EC0E6F26F60D350B2052C8CB2F930137F
:10CC3000355F6C9EADC9FD0AF4637231AE1DC2FD55
:10CC400021786EE121E1CC31FB33A0EADC7594124E
:10CC50004046FF9D97F4DAB658A40B4FF3C3A300E8
:10CC6000F1EFD6821087A8EDBAF4B9A49CD56C5721
:10CC7000467B4647C6C38CC7A22091569680771A3A
:10CC80003F29F29389FC8D85B0DB3A4C24DF3B07CA
:10CC9000FAFC945210F28FB07D8CAB0B68FDADB7EF
:10CCA0004A7C50580B5A41BEB78D786A2F213B3FC2
:10CCB000E7F14D527D2EDFD0DCD557BAEC245390EE
:10CCC000DF59B8FD2BC3BA75E02BF9D76209F081A3
:10CCD0000C7B9F2829373D285D2B190DF67D3B33B2
:10CCE000992F73CB336541706E63652A5E0EFE2506
:10CCF0004DAE2DDD9C5CC2F0F429EF1D03AA9FBF51
:10CD0000C4CB41DE3F8321487FBF8D50F3EFE43039
:10CD1000A5F936ABF66C3EC81A1ED924D6DE7DC402
:10CD20006C071F07B56D8F18B76F0CB766328EDFB3
:10CD3000B87D23F1993F09F7698C435D9852D60677
:10CD4000565F92B1F35D1436F656A5CB4F31FE3FD8
:10CD5000837DE5F73BB245A16A8F71609F0546363A
:10CD6000AF71BA2339E303FF7943B4C029D8BFDDDB
:10CD7000682DF657975933A8B340E5E12F25DEF328
:10CD80005D8C4AF033AFDC5458AA3C01963640AE75
:10CD900084BF6A8FC72EFD70015F006ED0E0EDFF8B
:10CDA000A23A723E147480ADD217A8F74B73D5D552
:10CDB000F8DB91479EFBE99386FBD3B41A6707A57E
:10CDC00083F5FF918F431EFA77A8CB00A60C60CAAB
:10CDD00006C2941D96549DC82F5F777C3D6A7346AA
:10CDE00024DB6E765FB87D6151C32CFDC3006EE31A
:10CDF000C149F139DC6F3D8C7F4EA92DCBBC0CEFC6
:10CE0000D122FF1CD7212CE35EADD0FCD6B7A18088
:10CE100073944D9A99295EA71F631AA5ECBEF37B04
:10CE2000CF33A66DD65D1ED115DA5A63B408FD82E4
:10CE3000CDCA8D0B847D859BEC4494622FE470C930
:10CE40005AD1E739AEE00D875BFFDAF823ECEF014A
:10CE500060A933CA0CF68047318A7B702B71DD6C78
:10CE6000F00CC0BDD7E6531E9DD7E634B61BF60ABC
:10CE7000BBEFA2748F3DA89F72A606EB116DEDA1CA
:10CE8000DC0E3B724F5D1C2319AD75D9B405D76A12
:10CE90002BB6A004AF2ECF1950ABAD95FC1AC1AF85
:10CEA000480A6B6E58FDF8D3F55285D20BBD8155FB
:10CEB0009E2ED0CE7AA34BCCB981A77B908CC12E6D
:10CEC000C4774049B219755DBC0D5D663B7EAD5AB5
:10CED00075793AE8A35591DD057556D715C26BF9FA
:10CEE0006D4DEEF371AFD168EBC2441494B2E31808
:10CEF000A40BF6B123D51E393AF07C38AE23DB30D3
:10CF00005424CF68CDB891713BE367A1E7446D1518
:10CF1000858A8292DAE12C05FA25FE3ECE23CFD116
:10CF2000FCB3147CCFE1B7079BB74761B8B66DB9C6
:10CF3000A8403EF2C6D5ADD8CF1CCFF3BDC7F17C1B
:10CF4000FFAA6B5589F82D0F4EF47CFA73A2E7D235
:10CF5000838F2E2C0A497ABCF6E11B1DD3DB47DEFA
:10CF6000008D955CB5EAE33CAC157CA7FC56042724
:10CF700061F912CF13F91E5C295802CF58EBF1F674
:10CF8000F1B722DE2AD83C3B8FDB2C75E4860C718E
:10CF90003C52581AC0ADEF111D297C3DB0F61F3D23
:10CFA00022DFFBF7C9FB83A7B91D760C677FC99108
:10CFB000DB2E755434F6F66D2AF8216BC4B5F4E017
:10CFC0002FB72A9CFAC0F67DA744FF3FE96D869CE7
:10CFD000210FC1FE45E42E26EFE4E92C4E3E8431BC
:10CFE000F86532DC3676B8579E4C7D4CEB30CCF48D
:10CFF000D46FBF282422A9C21F3CAA160EED7D279C
:10D00000E79DAD928A33229CA7B8C803CC11F98161
:10D01000808BE71EB83D509A8A7EEE8391856DB76E
:10D02000DB13E2ACFF52BF33EBCBCC9E9592890D64
:10D03000222EE56D7169CECE3E45E73A067784BA79
:10D040008AB70495E67831865F215CEC01E1DD4129
:10D050009F643DCAEC99BE46612AE9EAD18770EC2B
:10D06000774C5E0867F71D78447F576FC8716A3741
:10D0700080697CDFF85EF0D758616D1A3AEC3AD8D7
:10D08000CFB3E3AEE7D8398D9B35344F34EAB0697E
:10D09000C4A5F33CF79B1C655FCFCC048DC6DAA614
:10D0A0009CCECF8EE444073A1D711D358A918DEEDA
:10D0B000D6BE9C6FB2EFA8072D012BCF23B05275BF
:10D0C00071753CC17417025F427F2FA8352986FC19
:10D0D0007CCF39AFC9005632FEB979FB71D17335B7
:10D0E000D9C70ECFD2970638C02EFCCD9FF97A8CC7
:10D0F0003BAA56C58B1A0F6319F7184D6EC3BAC8F1
:10D1000048D69C5386EBC003EF951683EEE666E4A3
:10D11000881585A08BE75F7201B961F785920B6472
:10D1200004DF0FA37C359BEBC7BAC058D846DE415D
:10D1300022E59F34CCBD33CD9AC0BDCF661BA5621E
:10D140007FC217655286DA274B8E88C6357DA67753
:10D15000B08B628359E2073D0EEF464CB1F68D81EC
:10D16000FB0550127C92341EA347505F76897AEDFE
:10D17000EE7AD2EBF870C2F16838099DD4A8A56B9D
:10D18000D09DFC689C63A0AB526FF3BF763524B48E
:10D19000BEDD0EB62225F07C04FD1C462AA00F9EA3
:10D1A000FAB19FD5D179B4B22D8DF42815FB1AAE02
:10D1B000FC849D0999F653A25588F370C98F96197E
:10D1C0006B9C79CB296D42EB7B9D08F7DF57F49B75
:10D1D000D3CFFD87A7C0DDBCD50235D69CCF535336
:10D1E000954FA95199F3919AF7DA0C6C2250F3DE1E
:10D1F000037E37589B8E182CE9C69BB3CFF3D87C9F
:10D20000CCB9B43CD914C3447316298F09EC5C62C1
:10D2100079EE5DD2D239341B4F0FBB05FA32125A68
:10D22000FF714DC0BE7D73DE398CB5E04FFB56C03B
:10D230009F41F1A7017E25C1FF16C17F153DDCC0CE
:10D24000B30DBFC2B9EADBFC88D7E6E2807535438F
:10D25000C0BC57A05B49CABEF1AA96BC4D306FE472
:10D260006D77B36F52BC6AF31B88B7AF05FA951898
:10D270009E16DA8E0DC4A032AFBFC663186F5ECFA4
:10D2800063685B4B317898D722861FBF811E0318D5
:10D290007EBC8A759FF9BFA01F0D67C886DF5D1928
:10D2A0006EC71026A175E57F8D70FA083E969F33F4
:10D2B00064D9A4ED0D7598279B6F1D2AF884489BAF
:10D2C0003F56A3DE1F29A2BE519F7BBC88FFFFC52E
:10D2D00052FEFF15887F690BE5CFD02B2F72323FAE
:10D2E0009122D2116C7448AA6CF45C24782A8510BF
:10D2F000BC676456CECB48D7DA6E3680DDE2BC5BC5
:10D300003FE48C30610C7E555CE6ADCE3ADCD27BDE
:10D31000738E39A2FEEFB0B6B07CF726DF25F01D84
:10D320007547B9F597998210FCDE4272E0521E9360
:10D3300067290BE57AC75B74533BA215F8E5AC810E
:10D34000FD1ACAFEF4D97F6E06FDBF75C8B9571A1B
:10D35000EE0027F69D311630AABD2033F464173B4A
:10D36000A33FC15B1C57247756826763B59A0DD6DD
:10D37000C4608C68BEABF50807D9BCBC79B6CF1DBC
:10D3800061C74994A360B5675B30277DFEDD3CF53E
:10D39000C19EFC238EEF803E7E871D9EDCF8EBC194
:10D3A000BA106F2130AC540EF6A79C65F6E9212225
:10D3B000381B5174829562BE8696F864611CC2F770
:10D3C0007F5DB5B8366A3FA3E8E8B22BCF06FB53C2
:10D3D00003E1170D8C198849F5FCC0988201316969
:10D3E0000B06C66C1F10D3FADCC098A2013101F302
:10D3F00006C6EC191053367760CCDE01318C16630B
:10D40000B0350BAE137FD055ECE4DAAE0E66FB2DD3
:10D41000B54781A8B11025A682CDDCD6E8253F64AA
:10D42000EBC739D872DB5F95C8C61D05FBF78FEFD8
:10D4300082CDF0DD5D0CF2AB7A1F3B1FF7A0813F80
:10D440006B7FD8A2394ABE1D60E7DD8336AAFB8810
:10D45000EEE5124FCB9EFFC35B2F5BB5CF0FF8D825
:10D460004D4B5ABFAB0BECD8AE82D47DFF766BF63A
:10D470003CCCF700ADF6AAB913D31FE45B36240405
:10D48000EBDB56E0E859589310C29C6025446BFAD8
:10D49000696A3B3F08616BA33A99742F0A53DE32E5
:10D4A00087D69F1FC51F88AD3408A6AC2580D6D768
:10D4B00034DA8FFF81B90C8239D8F22C6D6F5F1E80
:10D4C000A6F9D9028D28848799A02730EFB7CCA47C
:10D4D000ED3B99D23313DB70109E9A9619949E09F6
:10D4E000949E19D89A8360AA5BA6537AC6517AA6ED
:10D4F00063BB0E82A96C994AE9F1A1F4F8620B0FA3
:10D5000082D9DF3285D23386D23359F6C7FA9944AD
:10D51000E9F1A4F44C94857CA47FA27E26507AD4B1
:10D52000949EF1B23FD68F0FA5C79DD2E353A09131
:10D530003D593F63283D427B8D91FDB17EBC283D26
:10D540006E941ED049F843FD8CA6F48CA4F48C96FE
:10D55000FDB17E3C283D2E941E77D91FEB4745E94F
:10D5600071A6F43CBD0234D7F8F4554F756B475C97
:10D570008379255B0FDCF8A39EFA6E1895D7867A1F
:10D58000D4C09F5906B07708F1597AAD020CDC7E01
:10D59000DE8E3BD09F77645C99AC55DB5C93AB87A8
:10D5A0003C90EFB3118185667B1CBFD373ED293DA1
:10D5B00031941E974633CC6A38BEA50971ADEBF89D
:10D5C000F255390B5FEAD7D279C1E95461AE3D9982
:10D5D00019C69A1D691F4EE5E3BC1D2D54FF6FD57A
:10D5E00070A79B99DA1758B0290FBAB0FB6C1EC808
:10D5F00025DA70967BD8C6646A03E1AB1ABE1C05B7
:10D600004F3D9320DFC287247DF3723B38AD8A34CF
:10D61000CBE12403C2FBC4E66114AF9D03C8EA60FA
:10D62000CD514AE7BB61FCEC58658B63F1281DAC1A
:10D63000C657E3BC26C3757936D8629680A4910F8D
:10D640009246BE3BFF45265B4229BD91D03AB12DA3
:10D650004FABAB43CCFBD259AB3C2DF66E75559717
:10D6600015A1FB8336AB30236D6FD654C2DE861313
:10D6700029A030E117DABE72D3BBEC2DA86FF836C3
:10D68000F11EAD3FD036C76FABE0DBFD9F68FB49B5
:10D690004CEFB03740DA806FFFBE8B9E65001E9E58
:10D6A0006518BE03231586EF90932925F16B2BDABD
:10D6B0008BF6B4CCBB0AFDE0DE279C156CAC6D414B
:10D6C000BF1BC40FD40FEED1B8870F5F1F0EDCC78E
:10D6D0002729BAFA77F1E99A7216D8DBE63D76780F
:10D6E0009B1F03E557F851D5FBBF880DF601BEDF40
:10D6F0001B525AACC5D5E9FBDDFC9DBC712DD92070
:10D7000039E493F2FF9BED7A005C96F0A3C8C15A0E
:10D7100083B78CBDE86CA4E28C271871E6E1AC3EBF
:10D72000D476414D97DA4B7AB15247F4D96F17B797
:10D73000F6E2F8FF03C65F5F551E590BF655E64447
:10D74000F2B1FA3659B8D2D40B9A9741FF153C463C
:10D75000A3A76B7A72DDED24785E5AA1D75A83773E
:10D7600037E06AE9CCF699ADC59FC2396F6EB559FD
:10D7700061D52A478B010AF92439CC8FB7C53740C8
:10D78000D38A60D65DE7F3ADBF4CED52FF4AC3E7E5
:10D79000951FC31948E48D0EAACBF29B9047FD322A
:10D7A0003EA5A68387549DA37E42EEDB4AF92FCC8B
:10D7B00059E56790766CCC83352593A5E0DBFB3388
:10D7C000A277DC5E9A2365B89FBC593E7DE37D213C
:10D7D0003DD5B3B927E450B68887A8A010CC296AF4
:10D7E000F7F70E0D9FE4E33DDB69B899C2FF46C32E
:10D7F0004DBC5F6B79CCF50D320D7AB7AECDC962F9
:10D80000CE166736827F3FBE3EEFE829AD01CD1FC1
:10D810001807D628FA0E476FE211B7A36EBCD65A86
:10D820005C4F282C1509D61F87D327E0A5B63E1DCF
:10D83000E873BD35FD52664F9FEB6CE997343BFAB8
:10D840005CEB2058A71C469FA9C9E0F7BB14D60B78
:10D850001FB401274FDA93A9DF0C5E7CC95D74C841
:10D86000F36BCCBD6C9B4109164C2E6A45A45F1826
:10D87000B50D708BFACDED5F7D91F045C2AEE68CB3
:10D8800062D066E02DC32EE44700EDC55DF7455A32
:10D89000EA57EA7F7747C958AEA36DA49E974D25F6
:10D8A000E60BFA60F409AFFEB2D80BEFEBE3BDDC98
:10D8B00074EFAB7D544FE912B5977E81AF9D551F34
:10D8C000D2FABA46C31FD3F8AF69F8DF4FC47FC49A
:10D8D000D3C07EA1DC0CDF876C7E493982D89F3DA6
:10D8E00063686B13110AC470723E02FD0D9D3AAD60
:10D8F0001C89D6BF4F9F2ADE8CB734BE7AF1371F02
:10D90000E690320BEF8A673D6FB5CA5D2AE0348D31
:10D91000DCDC8B7AEA30E24DEA06BFCFCCA14CA327
:10D9200035E32B5D1A983E8FEBCC215EB7F5E00115
:10D93000D086394F79A9FEE408C193D8FFD0FEF50F
:10D940002D6DEF6ABE04BA1334BC4F800C18AB7C4B
:10D950001FE819BAE5B7627882365DC7880599DE97
:10D960004399746FB0EFA3EB61F046C8168E96F73B
:10D97000B2C35021BDE9DD2D3D943FEB28FFBD4BE7
:10D98000F9F1180DEF554FB261B0047EDE5E38320A
:10D99000BD5C0B1E81F4CDA65C9B764AEF51078DD2
:10D9A0006DD9B68852B03F8CB7823E2AB663024426
:10D9B000A2906D0DE98769FF3B62E97F4F654EB329
:10D9C000668A9711BFAE60BF6A07531CC2FB0596FB
:10D9D00040AD142F47FD10D689732E666088C27B38
:10D9E00093533DB2293D5F517A4A28BD1FD3B0E120
:10D9F000A5C378875FB8BF8FB768283F7C2CE4BA8F
:10DA00004A49C78BD3747C30D0F1E2DF34BC757BDC
:10DA10008CF200EA9C9F1A0216BCF2BBFBDCE729E1
:10DA2000F7635B9E109FCE4A0FC90DE03DDA159C4F
:10DA30007389F45D3F4D3474D5E739DC102BA6763D
:10DA40005D98084B5C9BD31D709DAD65CD01B4BD49
:10DA50001AA7E34D449EBE82F2287194DE6BBB345C
:10DA6000506ADA1DF23B7A3D011F10D6D662598802
:10DA7000E929F3C3C1B76FA6E8C3C305FB0E5ED4A3
:10DA80009B507D15B52F5EC1636CCDE473013F875C
:10DA90007C389BC6EFA3E174D47D8179A9CE1AFCB2
:10DAA00077C1CE8F88DBD52616056F0F463F27B28C
:10DAB000D174DFACC9346247AF53F04DF2D5897EE3
:10DAC0004D6BC4AFB2411A8AA8CB3BE1679FAC292A
:10DAD000B7A7538ACADE15A4E07A9147F4F1A88863
:10DAE00028B88DC08F8B4768BFDF244E294FA4FD17
:10DAF0006D97265CF90D19FFD7BB041E0DE1BD140F
:10DB0000554DE3EEDF823DF834B12FDC34275E1251
:10DB1000442F34E746DB16A08500D0D05FEE722C90
:10DB20003DC43F27304432173CFD28C02B1CCCA2FB
:10DB3000BE39B7C47E4D0CF8F180BD54B8BD3CB4BD
:10DB40004D323DBBCFFEBEE331D429D77B81170FC9
:10DB5000B1A9A4E9317F1B94D69F41A0B6B50B7C37
:10DB60007FF1E3FFC73C9DAA643AFE17D270FCF533
:10DB7000552262B142A4E1CB3EE1672CB747BB4FCF
:10DB8000169DAFB60AD8985F07975DF6118FA3353B
:10DB90008EB6473E0DAF1681D5E0CE3ED090BE0684
:10DBA0005E98AA885FAE4F6D64FE45438F0D3D863B
:10DBB000630EE8D4808DD11213DE48288E22FE8CAD
:10DBC000FECD5BE86B7AD3203B24A7FDF623C1BFD3
:10DBD000546B578D1EFDE7D96A4BE59D7D5C34780B
:10DBE0006DF5E4EF359ABA050C951FF218BC368036
:10DBF000573E3A4FEB0E0A18EA7F0D741059FC811C
:10DC0000A5FD4E35A6D3A9BDD6B778CA0356107F59
:10DC10007A7CFF3B04DEF4F8F2AC2C5F45EDFB822E
:10DC20004F3FBE65F7BD8C75859AFB1EEDA8F54D7F
:10DC3000750B370A3D30E047CA1F07297FBC42FDFC
:10DC40003DACA3E165A0E320CE3C91C31895F03430
:10DC5000E664E8A581A15CCA2E315F9A900F687DC9
:10DC60008027C249AC5243EA7708D5BABBB5296CC4
:10DC7000965311A3D074C2EE1AB185C697EA6D57B8
:10DC80001BB08396151CA8D75EC89B65BD2B0024CE
:10DC9000089673EC60F0FE52A9730A23B4DCCD6AD7
:10DCA0005ADEC520411398473CCCCE0DCC050AE383
:10DCB00079808761161DE56176F0780CCE1B98D3CC
:10DCC00014464761EA17801102D07A6FEB53C213F2
:10DCD000EEBBF4A10F6ADA2E0768BB1C31C8ECC199
:10DCE000A286ABA3A308EF32F9EF28AEC211AFEDC5
:10DCF000756E530785BD55CDC3467D0A5EC1ACC662
:10DD00001A07EADECB34FC9D09BC2B84778450DFF4
:10DD1000DEB0AEEBE99AAC837953F2F3BED26BC1BD
:10DD200047975C8E7A1DADBE6FC0FAD6DCF1F49ECB
:10DD3000068AB782F76410B5036870A1E5ABA63C0C
:10DD400070DE007EAD6D838B28AC57350F5BB91D3F
:10DD50006870395F47E583B74C43F5BDE8811664C9
:10DD6000E2174DD939BDE8B15AA2CD798EBFE3C1D2
:10DD7000DF13887312A8C53E8DF4F229DA96726912
:10DD800039F67853C0D5FA511FD8097B1A6F08F8B5
:10DD90004EAF6740C544B4622BE72AB7E7F2ACA99F
:10DDA0002C9276F24F6E07C8883E68F000FD6A9E9E
:10DDB000CFCEBCF435BD1D30BC73E85FDC0EE02176
:10DDC000EBDD96BABEB48B918DA5B7037284DB01EF
:10DDD00060096D4EA9D29ADC0E983AF076002F3D7C
:10DDE0007DF6C7DB01D6DFE3ED800AD059491FCDB0
:10DDF0000DBD232E96C3DA22ED5608E8FE83DD889A
:10DE000062157A74A6370458229707DB0653ABDFF6
:10DE1000AF893C4D43F4BDA78E62CC3E393B07D25F
:10DE2000B8601A5B16EE22C27D01AC31F5C1AA00C2
:10DE3000CDD1699AD4C3704785ED941E15FCDE7967
:10DE400091793494FA43580B7D430EDBE3389ECD31
:10DE500013FAB6EA6323A83382E7C13E5C85A04784
:10DE60004E3AFE5EAD292EF90D3988E4B0859DDE6F
:10DE7000B3BC5847EEED15ACB6427EF23F4B315481
:10DE8000D0922F524AA1D6836F4C9D76836F47EF75
:10DE9000719DA51526AA1B3B5BE8EB696574BCCA9E
:10DEA000A3E3851BB5BBFE0C0D2BE98AC263D43DF1
:10DEB00059309F676316A865E278B09250A3CF9956
:10DEC00040C7E3114954C3B5BE1D398AB4BBA6711E
:10DED0001CE1259E3BB4A47C9FE4F44D8EBE065EFF
:10DEE000E9CC537770DBB79ADE6AE9A53394EB0B84
:10DEF000577DA8BEA4CA5718BB03760A3381673A78
:10DF00009F53DA709ECA0A9A739A6D7118B143F4DE
:10DF1000E61E23DE8435B05D7D9CB9427CB098BBA3
:10DF20005E25E525985B6F533BAAE350A780E24B43
:10DF3000A373E4EE9A62EE9E91F6E490341E32C42E
:10DF4000077A91E4DB3AB434456FA3BDE0B3B3265E
:10DF50008753A03E28DA3A33F65EAA13C13D511525
:10DF6000F8AE56DE24F6F4DD7869605E2BA99B0CD2
:10DF700056456781C7709F925872D78D14647CA6EE
:10DF8000FDA59BB43D465BDA2387AF5BF41B42EAF9
:10DF90005F42DB4345C3BDE069E10E4ABA779C0CA2
:10DFA0005295A4961D2D22AB0D92AAC2037CD710C8
:10DFB000B8558C49B1A397B6D3D3B47DFAF43C4F8E
:10DFC0000F310F4799816F9F8AE1C2CD3CAAADE91D
:10DFD0002AAC26EADFE2D36B9268FADFA93F062576
:10DFE0000D77C591D2D74B85D257B0834A0F1E7C8F
:10DFF000E9A87F4F01FA37B4FC3261FDC2B472AEBA
:10E00000165D69472761C5B28ECFF5662C1D9F7FCF
:10E01000A3F3971D0DFF624D6BE01463903262AC69
:10E020000109D48050F2FA774DCA1DBD63E99AA662
:10E03000750FC53FCC827F0DC51F4DE1EF51FCD65A
:10E04000347C5B790BEA25A4EB31D29BD9A87B4CBD
:10E05000E175349EEA9CABAC058C01B1B49E23E91A
:10E06000FC48ADE437528ACA4C14A399623453F881
:10E070005534FEA620C30D6C079544688780284B55
:10E080007FE3E1AF53FCBD347C55A43966BC3957FE
:10E09000A29531D6CDA8B1BCBD61C47591C6A9DA2F
:10E0A000D5CAFC3BEA3A7337AC44A560FBC63517CA
:10E0B000BCBEE6987FE76E3C645CC12F2F77522E82
:10E0C000E29EBF027704F5B24DCEC78C9BC21CEE18
:10E0D000599F9534CA1887665EB293C10D51F4B446
:10E0E000394B56160094C9D12B65C8CDDD11BB4CF8
:10E0F000B9D76B72D05B9653837F8E04EE468C3A11
:10E100005E0A567F5F72163529B265BD0EBFA8192B
:10E1100096298990B125D72797116EF8926D4D27D2
:10E12000B709F15BB7D10836010C396013002C290F
:10E130002B963B057C526C9CEEEBDB5D68C89EEE3B
:10E140003BAAC0502C177F52AC58EE19B0A970539F
:10E15000814FB161B9163C1EF829EDEC60D46847D7
:10E160007DEEE9C5DDE033999DE30F716CE0E7C515
:10E170008A4B3901FE4570779CA53357B3F2264A86
:10E18000197B7FD26B8DB99FDE2363F630F375D098
:10E190004E9BA2FC05FD6E2CBC895644DCE77E9E9E
:10E1A0006D780ABC857FD31BB469866FB242E4BA2E
:10E1B0005C093A120FED7CB526E84556BDF9F25FD1
:10E1C00077EABD4B8EE3DE58B739FDD4849DCA365D
:10E1D000D487D75EE3C00233E601B795A0D6F5B287
:10E1E00003C46B07AF47ED1AA667661774D7D9AE9D
:10E1F00079ED7AF62FE5772B6F9DBEBEB077F1A350
:10E20000655D2FFFFACF5F22EE46DD3A9823BE31DF
:10E210008EF129C828E686CAC6954783B78F299903
:10E220000758D8E7D95C0FD612A6F9E4712577868E
:10E2300052FEA56DAEFF91F6EF2F799E9005D2F0BC
:10E24000311A7F9586BFF088048987B5B22FA777EA
:10E25000775A0F4A03B8CCA9B614DF550AFF1D85BB
:10E26000FF6C21D801A77C369BF6EF2F687FBF4259
:10E27000C34651301DAFBEA5E3EF653AFE1E2EA783
:10E280006965B4DF81FDBF0A6AFF8F0FD7A66BC532
:10E2900037C8E833C54CEFF3309728FE0B14FF87DF
:10E2A00099D36CE948A6D7D2FE5B4BC7BFAF69F8DC
:10E2B000E0CDF2CCB1529164A6549C39133C0AF3E0
:10E2C000F47C4DE9F90FA5E7FD0B023DD368FEFF95
:10E2D000A6F47C45C335583B43ED451AAFAFC15F4B
:10E2E0000E3F4A5DE5D869F4F648C05714FE248510
:10E2F000AFA2744D11D25F3A4CC7CB9374FC68A4A3
:10E30000E3C37EC35029EBD76527F591DFA25454B0
:10E310004CA6F26815F597D140C3E54845BAC6CA80
:10E320003AE34EC6BD8C07740E7FC775880DD3B314
:10E330007C438A6FF42B22F0212B95169A6EB4DD64
:10E340003E1BFDCBEBC336E6B5156BFB405E8D8EF9
:10E35000E1760E618A9F83F7CD9B63C7E36DE70F7C
:10E36000F59A087D46714DD69AA5A6A1B21B1FC489
:10E37000A0458E9A5D322DDC5EACBC73A8A658AC6D
:10E38000843DC943B3B570067DC8CF0C14B2E29189
:10E390001923D55FB007152FDB880DDFD988A7CDEE
:10E3A0007DD6EAF36C7BAB5B7AB8D5FF33F5B9F277
:10E3B000A3BAF2C0A139AFF9A0BF33B1EC58CF7204
:10E3C0007565F7A1B8A5957AC8ADF41EDCB6ED6009
:10E3D000443E26C5733FA62E6DACE5BF5E3B02EF03
:10E3E00046AADDFF893092958DA0F5319A967F2758
:10E3F000AD0FBA1A63B6834D0DE49143ECBB5DAB30
:10E4000096457E12F9EB86C56F7CF4C6F0377F7DAA
:10E410007D71EC47B1C3E3E6E99D63A659C6C8D652
:10E42000430266C691B6B7C70A23BF22A7370D0EAF
:10E4300052FE799FF24F3E6D47350D17D0F81A1AEC
:10E44000CE05C98AC8123AF56AC6BF09A5288574DF
:10E45000FF2ECA15766EAB60AF901F9F0FD0F55799
:10E46000255D8FE8F95D88C8154357D17993CED9DA
:10E47000653974BCDE47C3196EABD3EF0F15FCE1F1
:10E48000BD4CFBE7519F2CF7B28C625DA728788AC0
:10E490007023EC55FEEE3CCE0ABB5F4F6FB35A358E
:10E4A0005477AA0E607A1ED4FD959C13E54AFD7739
:10E4B0009D031B70329E124F374AF3302AE710C873
:10E4C0009051D40FD9199088E454CEF90DE51C75FC
:10E4D000EC336B78EB0EF3DA79FB0E2FB71ACC9D89
:10E4E000B82621292B691E9590D2DE81CE8F3FD090
:10E4F00036610DEBA6313579E9E7283D6E3CECAD90
:10E5000053204D399CAFAB48576C90B77E945F9ABF
:10E510000567A26305D97AD5C7B84699077619E089
:10E52000AE21FFC5D727CB761E37345802BA4B4FE2
:10E5300077C81523ADC5C8A5BE9BE7057239F3584A
:10E5400038237F9AEB8896F0B9C84750B9BA01EEE4
:10E55000750F3F6AA45CF16F57A98C49AD730DDB51
:10E56000C578EE81BEA6E265908A462AD18FAFC9F2
:10E57000B20DE5B68EC63CFED5217D399BC637F877
:10E58000EA43E96DD6D63BD71315B28FFBF0B68EB2
:10E59000608742FC3ACE8EEEFD726D7529E403E78A
:10E5A000143CBFE758F8FDAE30A6CA1CF81DDED6F5
:10E5B00028CA6F99341CEE0536A6E1A65E29DC9EBA
:10E5C0008C84DB9391707B32026E4F727BAE51B9BB
:10E5D000D59EAEFFCE832E22E5F20A2A35A91EF87B
:10E5E000641DCCA2EF69BCAD18DD261E73C0AB3C28
:10E5F000ACCE8E8657D2F83769F865D1CF7C0E4DF8
:10E60000767C0E215FC1FE85E3863AB794D5CC2295
:10E61000661C93519C197D8C1963A57E56B44A3DA6
:10E62000E941845B2CFA7C077F991170EF2DE25A47
:10E63000A95AFA2082F6DBB7C69E2A36A3BE568EAA
:10E640004E7CFBE87D51C8502BF47C44C66203F736
:10E6500094CC99EE63A55AFAEBB770C50CFBE14C6C
:10E660009E9A55613C75E0679E0F2FA2FA7A49C2C7
:10E670004E76EB25B41D4BFA9515DD2D5FCCA7D159
:10E68000C4D3F00251E80765CA0E3811989AF52AEA
:10E690004D1F6F497F9EF2A988967F21AD8FD76865
:10E6A00038144A2B97F88922B2536B7372C07EF0EC
:10E6B000182B3CD7F9B288CE29EB675FCA8C4E97EE
:10E6C0009B523ABA24CFC8A887A7FAD5D4EE6D14C6
:10E6D0006DCF60E84B82BC46732AD3F2308D1C0D9F
:10E6E000CFC9D41DC3FD8828307C8BDF336BF59EEA
:10E6F00012CA6D27A7DDA367439C45FE6BA2E566A2
:10E7000084F414DF3F6978B628186E8046921BA007
:10E7100091700394831BA01CF0940EF893D747FBD1
:10E7200027B523F40A9F226D2648FFD3F87505C844
:10E73000077CF967371E458F9BB017F9865F137BFF
:10E74000087AACADB20347BF131BB8CDCD7263F6E8
:10E75000E67A43F6B2699CBE856AB9312F0975AB7A
:10E76000FA023D9A655678AE43284C8D900403CF4B
:10E77000AF5D7C1E8C1F4F87E7121A9E42E95B6AD1
:10E7800039C130D2FED2E350075EE45FF593ABC0EF
:10E79000727ED7507E4CF6ECEC593EC6CAFF0C9DFB
:10E7A000F53F41FEF4CDF396085EA7283F2CA0FC70
:10E7B000302E731A60203331A5E3575AFE09B43E58
:10E7C000E6D1F058C97480ECB4939ED6FBC8E88EAD
:10E7D000F4219F2C23CC91119A1A7637DD23030B59
:10E7E000586ED2DBB47D422DEDF33E6DEFDF687BDA
:10E7F0008CA1ED134CC3EA82C394FF3516FE3F4053
:10E800006883D2D1F2FE44F96774F751B4AD81B692
:10E81000457CA587037CA51D627EAF6EE10DDFA55B
:10E82000FBC5A2D19C7D8718F76BF9DD1A3ABEFFB4
:10E8300002BBB60DB8B767722B06F2619F47CB15C6
:10E84000E64805A9ACA2BDF42547CA3DF54FE1CD88
:10E850007F5C3BD2FE70FF48D6D440DA1E23D03214
:10E86000812894737946027F1D764929FEFB345E28
:10E8700089D8D5077202FA77B7885D09BEFC3FC90F
:10E88000C6D2FA7444BB01716043A1552C7C0B685D
:10E89000C46FA964768635FE2A521F4A580BF3DEF0
:10E8A000C538C7F0721DDEBEC45B98961B98D29E19
:10E8B00016B4EBA7AC255E663B30AD5AFA21B30F18
:10E8C00066653EDDAA558EE17F966A1C43BDA13D7B
:10E8D000E0ED02BEB4A6BCDD0FCE442B7F3E7DFB37
:10E8E000EC8D0BAD2F3FFC6747D4CFAFDDCEEE589C
:10E8F000F638A21D24C93EBCBD5CB305EF2F8B3496
:10E90000BE799E9209F9530AD0EE01A5EFA570C712
:10E910009AAC659B0D79DD6AC3905671C9AACCE6A5
:10E920008B6093502BBA54B82FBB83D1E7379E0628
:10E930000B85B0CAD38ACE932F608B43B42F5B4A2A
:10E940003CF9B5591799D469FF853B759589F294BF
:10E950005B9121319531F2D7AEBF31E7CDF237C5AA
:10E960001BAFC7CE89D3850B7DB54C6D597F67D35F
:10E970007A6DA1FC2CA1FCFD340DF7CAE673625B35
:10E98000B1DBAA5AD07BE47ABAC18FD003F006BCBF
:10E990008F051F8B7CBF5C229905BEA996736E8F75
:10E9A00098E244525F6B4D92A11D224D459D68FE39
:10E9B00079A369A84D2FA65E1E68BAEDFDDB3D2345
:10E9C000EE504EB8F15116EE28517E3497EB60D7D9
:10E9D000603A91137682A53B867FCF4EA57C7B0E55
:10E9E00076EEF9F6EDC6D6A6ED5F590EF65F04ABEE
:10E9F0000165B741B269A4E3A5131D2F1514FF03E8
:10EA0000B49D4ECBF915ED2FD4F25AA33D0DDF97EF
:10EA10009C90324E8EBE538101C96E72C570CA8FF2
:10EA2000BF942782CD1E6A6501FB0D5A3351EE401B
:10EA300039EC4677F10EB4501429768BDC63E2672B
:10EA40003AAF66BA3FDA053AFE764A27C2FF7A3A0B
:10EA5000066D04DB6537E9FB106803C23F69F143CB
:10EA6000578942F8B112FC57F3F4DCA5F4C96918D0
:10EA70007427A4228559C9383488CAF23617342835
:10EA8000E40F98220D9FEAA60BAD85BB0EFFE1DBDC
:10EA9000A03E305C6A72DED1C5F7217E6FB8B88CBB
:10EAA000602ABE0AFD83688A414BCAE9EDF5B28B44
:10EAB000234E656A1F300AFDF2DE4E254A1EA81F4E
:10EAC000BBA280E7EC156BBC1E1B2E4E63CA5B1706
:10EAD000B7A3653A3C5B432B7511E007B5C75116E8
:10EAE000AC7C07A8B0B17958BB6E07F36D5B31847D
:10EAF0000CF93E9D99461B4616AC3EF43B23ACC335
:10EB000015BB40357B9722B4BB0F214FDDC7534E59
:10EB1000D173B2D081300680F97297E114C2EC62F1
:10EB2000F69E432C0AB767987FEE564F7A0C27C69D
:10EB300043184EEF37C4E034D592E287225CDF6F92
:10EB40000BFF72277A2D839D1F7E1C0C8BD83CB641
:10EB50005A0239189453991F8AC156295FD2F61167
:10EB6000FF113D37F894ADFC7571ECCB7ADECEB475
:10EB70005C3ABE4EE13A95F96769A61FE495EB2D24
:10EB800019B88B20993E84E1F3F94E2FA339053C47
:10EB90008FE5C032C419A91D8CBB2FF5C8A593EB16
:10EBA000389721D2C1760965C16857706F9902689C
:10EBB000AAD5FFC4948483251D313764F4A05C84F6
:10EBC000B2D86A8479206233E88F07D3738C1B63D1
:10EBD0001FC8ADFF73582EF5855A5CF13BC91DEA7D
:10EBE000E63F4694A8519EC6B6F2C9F378887235BE
:10EBF0003DC7BB41F9E91AE5A77A3ADFBF4BC30D20
:10EC000034FE471AFE12CE89DF29825D37A18705BF
:10EC1000ECA1F5FA239D5FAFD2FEF1051DBF77D3BE
:10EC2000701D8DFF9E863F4FD76C78992B298213DC
:10EC3000C7036586E2698C22CB89395D9C66AAD5BB
:10EC40007F1C20605F554C77752FEBEE94EB5F32A5
:10EC50002A764C63E6EDC87C460A3DCA89E1D2BEFD
:10EC6000B5B15F55AE7710EA63463F5DF506DA9FB2
:10EC70002ED3F9F61B3A3E7C44E92AA2E1C334FEC6
:10EC80003C0D1F72BA91AEE97E894B030B1A2437F3
:10EC90001718A53E0B20F9599BA5989F9390DF6408
:10ECA0002F7DBAB0EFBCE53A8C07FD923A4AE8B541
:10ECB000ECE7016EAD83CA932FD8AE945D3BABB742
:10ECC00036F271C279695A2E95C49A471C1305878A
:10ECD00019CB751FD459CE78F9F63A45DBA389B61E
:10ECE0004785727F6F9F64EA8902DA6EF986B060A9
:10ECF000119CC0F1F36D15B523D940C3E5BC2C734D
:10ED0000338FB605BD339E36166E674861DF636785
:10ED10006FAAFAD3AE65F8CCFC247B19B7BD4BBC07
:10ED2000C92F9BD59961362FEA4D05FC6194FE7A77
:10ED3000C55427C6A10C76840113DC536FA65CB0C2
:10ED40009ECA43B4B5355F08DA25C54067E6C7C13A
:10ED5000C2FE7D86E1523F9D017BA83CFC190D97C8
:10ED6000D0757006FD7E8C627D1AA8E8934CD3BDE9
:10ED7000CDD3EB76CD319C7BB785411A537FAFA4C1
:10ED800075CC18719C8AD9D24F9DEE284D9F40D7E3
:10ED9000773F0976E1701463189FCC4F3264601797
:10EDA0003F821105A9CB23982999EA8F23E0ABFA7A
:10EDB000D3086642A6FA8B08C655D26E1721C13811
:10EDC0005B0267C7B48355D89A0CC93E90A293D50D
:10EDD00020FB487AD56562D8B5F4C93C98E9D0A43F
:10EDE0006692994DCE3289AE17BF589FCECC045B48
:10EDF0000EF49B5E16F7887E05815D6D9FCC6C706E
:10EE0000B696E4F57FDD87F64C939935CE0E92EDFC
:10EE1000FD5F6BD15E753213EEEC2ED94BBF1ECC6D
:10EE2000F4D9AA9E246132FD25E8774D6A9A97DCD1
:10EE3000EB2711811DEB0677F0E52535CD7F8BE4BF
:10EE4000FF9B3AE0817E61EDBB6F31B5BDF10C9760
:10EE5000338CE98E482E134FE232244031BC1F120E
:10EE60004F028B178CF02FD9DB7E6AC9F5646FD502
:10EE7000D4925BC9DE93A696DC557F813E13E4E80D
:10EE800033418CB10E6CB2BD726A32A39AA4F853AE
:10EE9000F864EF43534B7E49F62E9B5AF26B32E8EF
:10EEA000FC8C30C83697740D4E2982FA381C012725
:10EEB000E8F02CA34F197D32F479D883C6D3A78C00
:10EEC0003E190F6C37B75DBD7D53E1B7883EA54F46
:10EED000FCF01B9627714E42424A685C78B44EE5BE
:10EEE0003E5BB5306CFE7C5A4E5DD2DA184E973CD4
:10EEF0003102E227AE4E4E5E892F2BE9E7099C5086
:10EF00001FABC39352622255CFAA1604BEB87261DA
:10EF1000D882957303172F5D32207D42A22E3E3991
:10EF20002246783E896162786C4C78B22E59C0C70F
:10EF300025C42586A7C444C4EAF8B03A3C32324915
:10EF4000979C3C9ED3C5C602943A39E60D9D10802D
:10EF50007F63E2536363C732CCB3BAA4A484A4F141
:10EF6000A9F1F1E171BA487F263128352949179F67
:10EF7000B2209C5B1D13DF5FB8F0C4C4D8180E72BA
:10EF800048889F88B44F22654B4E094FD1AD8CE322
:10EF90006109692ACFE499AA98F8B5405EA48A4429
:10EFA000AB3C2355E355ABC3635362E2A36D047AD4
:10EFB000857C962048B02E991B5C8D7F8C1FEFCFEF
:10EFC000639B3D5BC50D88B2E09B1F9EFCA7C0897B
:10EFD00049BAB50320813ED5CC99AA573C9357A88E
:10EFE000C6FB93A70DFD3E66AC8A0B8F8DD501B98C
:10EFF000E35531D1F1094903084E9D3675253E751B
:10F00000D3289EB0782E01C8E052C2A1CE55A416D6
:10F01000A1E49EC99E9133F990CA33363655159EA8
:10F02000A2F24CB421F831668E264CA55B0BC403CA
:10F03000E8D469C936F05D05CF992A804EB5A1F5AF
:10F040000760CF3FBF7465C8FC40EDCA25CF852E51
:10F050005AF9FC22CDC2257342555109A9F19136C6
:10F06000423966CEB45E98A0423E54F18C98A48B8F
:10F070008E494ED125E900660C65307FD5A4B12AB2
:10F080002F2FD5180BC3052E5E1CF8D2CA25A12F31
:10F090006BC6C4254625AFC4889531F191BAF553A6
:10F0A0006222C78E659EE063810F1363C353A21271
:10F0B00092E2280392FC17D30CA19E54910971E1AE
:10F0C00031F12A0FCF640F3E33555C78F2EBAA4939
:10F0D000EB3DD78FB5E1F97D25D46DB42EE915D27E
:10F0E00023787A564C485817AF4BA2216CAF019148
:10F0F000984F4A7852B42E059963EE9225A493ACAA
:10F100000C442601DE4E8D4D013AB0613C5367AA96
:10F11000A2C263B0E9521254C9BAF848551CF03E75
:10F12000D4C9385572822A2A49A7139A92D0BD347D
:10F13000264E97909AA20A8F02E2B1E65531F0422C
:10F14000983BD986E92FDFA2A404A882642C1E92E2
:10F15000A58AC16A9E49CA28F0058183960D8FE76A
:10F160006262A14B266D504586A784F34D85AD8F15
:10F17000156043E196BC1E939888D8B8D5A9F1AF25
:10F180000363A822537548B2D0611275497131905A
:10F19000E11374FC653A5279C9AB6312A1930DE097
:10F1A0000B5A27386CC4C4C7A4D0BAE92F3FADD4DA
:10F1B00098649567EA38D580A10CBF24429D09F96F
:10F1C0004527A4244CB4A0414626E9431785AA024A
:10F1D000839E53FDBFAD471B9FFFEFFF6C7C54CB5D
:10F1E00003172F0C5DA89DC9F3BC8674B2F1AA94D5
:10F1F000A4F0F8E418CC1329864A090D9EAF51FDFE
:10F20000D93F9FFF5FE8A0E5129A8CB0BA65A08352
:10F210001E423952800B859A8B01C83790BA450B34
:10F2200016D18AD18484AA1601370BE3974ABB68AA
:10F23000A96AB52E3C122A1246AC18E401D21C93DE
:10F2400066AC57AD4D56E9D627C258030C8E1F6CDD
:10F2500006C3E3D0AE1AE3993A56858D911005CCDA
:10F260000ACCC76734102E687190EF94BF432AC050
:10F27000D30156357F4E200187861D040D852370EE
:10F2800050EC241CD50920E41B9E9414BE015F128F
:10F29000F13B36890AD024C5E892FF0A0D8F273E3C
:10F2A000356E919002791260389D2E32198690F554
:10F2B0003171A9712A4B7532AA6558EBE1981E533A
:10F2C000CEE54B3661C2049B01F58815F27C9405AE
:10F2D000A50668D8F0F7688574D1F1E129A9493A03
:10F2E000553C3058783FAD3630DE8447CE894DE00E
:10F2F0005E0F895F9492D43F590D9EEFA313538400
:10F30000F1312C9E4C0CC08F9854158169097B609B
:10F310005D4DEECFF76FE1B0CAC60CAECC0DF87103
:10F320006C7F7ABE51FFB2CEA161C7FD29FF0CAE42
:10F33000474B5DA9343431AD528C5D29C00EAA51C2
:10F3400000821953185A0694230A269301D460594F
:10F35000B461A1C124E7F19E93A65AFE4C9E1EBB48
:10F360005E2888EB2B53E6B9BE32D7F59549712458
:10F37000EC49259BE0E0C5A40B3116B84098C14389
:10F380002C031A1F5E149E9CAC23F30599C806CF6C
:10F390007230A84605A5242593A92D2E21323516B5
:10F3A0009A2B5217911A4D64188CE6529284761B50
:10F3B000432A3D2E796C7FFE30C2C490C105EA44D9
:10F3C000A003C59C10CB9413CEE13CA10A5AB258BD
:10F3D000E5A95E0F134E429C6AC178C84B37109E58
:10F3E0009FD5500C10060F2E39692530FF6C3A4915
:10F3F0003038AF45F3CFF0F86894EE04482ACEF1E8
:10F40000A35D2C19624982C89864ACF7488B9C0DA7
:10F4100023516A329F1F544C6202CC26D82E387377
:10F42000F233327005B2AE4D3F5D7F0EB71AF87FF2
:10F43000D02047A6180A8FA206F6550B32FA7D6037
:10F44000221E461501622A163076BD2A21093AEBA2
:10F450006CACDFA8D8F0E864FEABCD403A22138054
:10F46000F5B0F3AD0E5FAB034E4A8A5B179EA4A3C3
:10F47000A86CFAE1B884F8289047535411BA9475EF
:10F480003A5DBC85A031FF57766355E1C09EFF37DA
:10F49000D8E0FA89D7AD4F213200B201D431CC95F2
:10F4A000428BF048B8F078EF14E8653A2E354507FE
:10F4B00069C7D1F6F0A1CF31949F3650913D3E817E
:10F4C000F65FF20FF88C884F30832C04395C98B0CB
:10F4D000F8CC0925967832F79156A2F19183E33161
:10F4E0002A79407A0BFF7946629FB2C02D2615E635
:10F4F00039694AA4000905215D72BCF082693DB9F1
:10F50000057C7A2E943E17D3E772FA7C911994FF0A
:10F5100042ACA940BE6E0662A5F5F9045C52F4E463
:10F520002772FF53B805D093069787EF5D36CC124C
:10F53000FA0C139EF1AFC7835464191F2D78966C93
:10F54000485EAC4B06A96770BDE22B48D14909D093
:10F550006371A4A29FC9F7E47018783680D0A5E340
:10F560005E4F16044C1E483586CAF8919451FED859
:10F570003E30E2012CC70F10827846F0C624AFE47B
:10F58000D975A5858D491E421694A3681C8EDD2071
:10F590006523E33DD15F6859856187EFFFB8548CDF
:10F5A0004F04913C254A58CEAC8B49594DBA29CAD3
:10F5B0000789A928AE10911D3B82F005458818BE29
:10F5C000EBBDA14B4AE89F5F9281A393B01A12133F
:10F5D000809A0D643D05130CCE1BCF2F7D1EFADDE6
:10F5E0009A545D720A3FE411C987CA99FCFB4C0B1F
:10F5F000406252C2EA9888184C18212003C8C4956A
:10F60000D0BE20B0EB225746A44645E9929E58074B
:10F610005AE657228AE29FC12B6181D5B09269EFE9
:10F62000E3A5581BCBFCCA571219C27016E2E7FCBF
:10F6300049B8D698DC3F1F80D8CD4DC4E178B52EAF
:10F64000166604CB425DB378B165A04F4E4948E4DD
:10F65000F1BCE299BAA2BF1D08CCD2D53A3E2E0623
:10F6600047C02796C0FDF0941C66FCF8F1FCBA92E6
:10F6700086FF505FA442931352818350B0FC8BEA03
:10F68000EB5FE7CDFEBB85DE80D5175DE1D93C0F92
:10F69000EB3A5C53AEF58C9C60E14E321EAD847F3C
:10F6A0007F263EAF2411963F2B6D54AA89F0A67A8F
:10F6B000F58FA01309C44648A37A1571ADDC68A381
:10F6C000DA08FFF10FA6E6B1A9C8EB46D59895E494
:10F6D000B171E558D54678F483AABC11FB44C4C285
:10F6E000BFBE8A90AF12BCCFAA0450CC88A646B445
:10F6F00013557C10FE8D1D8015C9C5E42B276E5453
:10F700004D40280C6CC4A42B092C7C277FC93B20BE
:10F71000A6FF4826C23B7CB719309FC724ADE170D5
:10F72000ED35608DF5877181C025C6FC250CC6A717
:10F73000C446FC7D3C2CB392FE36173E1F61894EB9
:10F74000D7E2C964D56691D1062742F8014B661409
:10F75000E4F9352E995A3CFF729CC37474A90F7258
:10F760001EAE6B747F89DF420F81FCFB022C12609E
:10F7700007CE7FE41F3F54C3E6942E166423CFE4E4
:10F780007174FE8CD70D4A17A223927BF213E92CD9
:10F79000F1A45C41B0304AE98F4F1D108F6BDA60E5
:10F7A0001D0E2C7F9E7E2969840110442E0840691D
:10F7B00071EE1B03E082400A490041CA02F9241D90
:10F7C0004B16FC6D3E8B1684FD6DFC621D69A67E9A
:10F7D0009027E297AC4E4D89C4014F80E0E343048B
:10F7E000516A0E083E4FD4EF8069A51F6E09B6EC32
:10F7F00013ED10A97A6E0E855B0C150935A2C22196
:10F800006419EC41A0A4D70FD73FA268683BAB6056
:10F81000C381CC610B429704AA5E9CAF59C803F424
:10F820008B3330363F991FB44F7F3C3FC33EC917DF
:10F83000FDF18B9262D60E24858F1F384FC2181FA0
:10F840003E61C18BF36181C4254422319E16B9B952
:10F850001F0FA92024F22FF2C1280DCE59649BE678
:10F860004FE858B0E8493E8B7C325E0B527C6A6CA4
:10F87000389957670A5B7F4FD08170C2E4362726DC
:10F8800025F9493C0BE62E5A3030233EDE523D7FAF
:10F89000C0278C130B428335F335DA27642EF8AE7C
:10F8A000F9B3EF284FE0EC814B829529303191106C
:10F8B0009D64C6E15030DE5F583C9028BA704A59CA
:10F8C0001D9314898BC00D961DC4D89808DC4BB2CB
:10F8D000EC279139F6FFC0EF453280D51DACCC4105
:10F8E00044E8CF00C9D4A17CF37F8C8B31BAB8F047
:10F8F000A8C8355C6CC46B29896BE357BF9E90B474
:10F900006EFD8637A22DF3DD80FD53F813C3093356
:10F91000F7B8C15BC03C1CD90054A11489DBE503D6
:10F920007702554128C10109B84DD9BFA1D6BFF30F
:10F93000021B3489E3FD3D13C7CE44B18C83D61737
:10F9400056E37FBA1333303F5A384002ED3B78B765
:10F95000CEB29253ADE5D7E864C5DD2FA9CE25E33D
:10F960007A0CA95E15AE312DF4AD84016F2E48805E
:10F97000B1BA24103A40BCE05454004319103A1A6A
:10F98000AC7C719FE06FE0E936225D1C0A9B4F64FE
:10F99000E5DABFCF6F2197D6F79FD369D9335BA242
:10F9A0004B494D04D617D20BE12038DF88D5F5EF4F
:10F9B000F7BF0C42EAC07D8160E8E0B109E196FE44
:10F9C0004CC51B0BC8F270FE2534923F2121E31277
:10F9D0003C079ECE8C412AA6F2FCFB87EFBE7FF14E
:10F9E0007DCA5F7C9FCC7F5F3B79C2E449F4399943
:10F9F0003EA720DF2773095189715102BD38981243
:10FA0000791706B970F22492A32E5E9083935388DF
:10FA1000481A1E91000BE394D5302CAC4E888D64AF
:10FA20002274B109EB0684E327861378902261CA19
:10FA30004D4910F063A30EFCC6ADC66602F934262C
:10FA40001E268958383C21FB4F4C683C2C0E5239FD
:10FA5000D23E1C9CEBE86079AC0A5DBA40F587D3D6
:10FA60000E1E6FE8D2D005AAD44167219AA0A07ECD
:10FA700088F9D026880264679854964283CF8F8194
:10FA80002DEC88D4E48158A0FD70D39CCFF02F7169
:10FA90003D01F737B9C2F800FD6826E95D2A41AE9D
:10FAA000A5DFA7D075AD20EF92C3219570DEB5908C
:10FAB000F4EB05E1EB618CD77164D607019487996B
:10FAC000A9C2432698586381061A438FA97808B2C1
:10FAD000CF3FF9191CAA55937D61436122596DAA44
:10FAE000A6C02BF9366DD037D2CF81C169A664E9A3
:10FAF000A99AAF8B8F4E593D53454E8440D68731DE
:10FB0000D1C6B2EF39E0188274D381273EB43CF8F5
:10FB1000393935313121098713E8C7301227437D40
:10FB2000C7C44662EF4C818A832E3DC16689058633
:10FB3000E08CD32147C400DBCDE4C793F13C3D2FDB
:10FB40002C594416FE8BC23790EE458348772C54CF
:10FB50003D4EA29A050B8270B394E0A12B16CB8682
:10FB6000EC00B825C141818B832722F4982818B96D
:10FB700023C2B9D7C7FE55C23FA4FB0B407F7FDA33
:10FB8000BE71803181036937392515C5E9B5093062
:10FB90001A0FD817C643A0BF8CFD7FDAFB12F8A856
:10FBA0008AACDF7BBB3B5B03CAA20409A3CD9E6486
:10FBB00048C806041230FB82498859190876426702
:10FBC000A1214B9BEE86445103A41382B26884A00A
:10FBD00041C1A0880C228A1A30A8A022CB28A223D7
:10FBE000888E0B2220386AA283800ED2EF54D5B9BA
:10FBF0005BA71BE23CE67BEFFD5E17FC73BAAACE67
:10FC0000ADAA5BB7D6734EDD0BF164144B2D9E2469
:10FC10005B8030F9342A92F43479333E17AD140EF8
:10FC2000CB52E3FC12AAFB538493FC283B86C37699
:10FC3000DE6CAD2881990F960E1651E34736077A90
:10FC4000A2B1328B599370A95C541051525E0A22B2
:10FC50008352D2C941D668810C050669ABC67E9134
:10FC60004D954EA777B279D316083BB5B1BAB1C05E
:10FC7000E64F3646E4AFB8216397C1766B21DD9D30
:10FC8000D1ED9996ECBA7463C92E0C220AE9DE8A8A
:10FC90006DB884BD59A1B8AFA31B351241F74F050C
:10FCA000BA3C1DFC1F0BDBBB85B825434AB77CB8AB
:10FCB000C72399F9B38D1AD96715E8C716B0BDD90E
:10FCC00018B2392BA05B34B6492361F41AB2AF2CB9
:10FCD000601B36696FE6DC912DDDD86BF028ABC96F
:10FCE0005998966D54599DE8851A96C2F02F21E4D3
:10FCF00056D8C656AA54726BB45668FD8CC5EAC372
:10FD00002A2CD4495B5C1DC661A5CA2B98A4B010EF
:10FD1000F7B70574CF2DAF4D2186D60B8993EA5CDA
:10FD2000FAAD152B6E21AD16A18E7552FDEA176244
:10FD30009509B52DD5BCFEDA95EDACEAAFD28E6152
:10FD40004F286BC930224652B93BAC93E82F8B1138
:10FD5000846E01C23004FD0AF47B308798F554C9E3
:10FD6000A42702AB4992588D239AA0721073A53331
:10FD700036326ED0B5B199E854416A6E2C03D9077A
:10FD80000C6D286781911347BFECBF64E724A6EB95
:10FD9000926253D372B312C5F2E6924E3C49EB33F2
:10FDA000A7A4A6D85A6182257134DD24EB89D877BF
:10FDB0000AF196D3817A0ADEA2C0CF86283A76E984
:10FDC000A2452508D3AF135E32A8832C16FEE1B8F6
:10FDD000956BA2FB2823FA8B8B6A997D088C725451
:10FDE0005F61ACB492550F88E1AA2A8BC9FC10A6BA
:10FDF0008BA7D35F3EA8DAD26159C706EC0545B59B
:10FE0000C49343E6C299C659C1647DCAF4214666CB
:10FE10008602C59656DDDDF94DF92C40D457E842EF
:10FE200027B09D00DB199AA8F2ABBBA186289F33AF
:10FE300097155714B1BF72099D2083F457C630B18E
:10FE4000185540B3A57A373920149694D9411CC867
:10FE5000394B062479D9C909E9B17AA2F915DA032F
:10FE60000D01590594B8DA68B2905DC13D56D9DAF2
:10FE7000168D1460AB006DACBA642E9B6CA4F68A30
:10FE8000D7C3AC08FC82E2107488B204CB8D15B0E5
:10FE9000F5E8593A0EE530571B4005058B899E164B
:10FEA000C8453A64096DA65B4526417699862E3E83
:10FEB0002D15570F300155575B4D162A5782453B7C
:10FEC0009B6F736A4DB032484CCBA4EBF17258561D
:10FED00090E5029815551409BA64CAC764A143C5D0
:10FEE0007231D59BE4C7FE853636E275D06C6185EC
:10FEF0009660AC4E32D6D08ED92D1CD28DB7560915
:10FF000011180EAB3DE505B270728118C1F64B9920
:10FF100032AD23DA5F3085A0B8C5A6FACC24082418
:10FF2000FCD9503F55D5A98443A6CAA48EAA5565CD
:10FF3000ED5FE8DF866A03A85BAF351A407BCE81B0
:10FF40001546A5AC7FC083A835941B05AA2F32198E
:10FF500049FF90966123CD42654F427B1151194173
:10FF60009F1F8B2442A70AE8F986222B8829601B51
:10FF700006FDB782EAEF98FC2E58CB8A60B6CE56C3
:10FF8000CABF3171DD942923CDD1D130CA923196C7
:10FF900094D14C3B2051C5C0F2841A2699D15E877A
:10FFA00088A319A522CA5263292877C16C8CE9E17C
:10FFB000FC61274B76EF4C1AA81796A292BC51AE63
:10FFC0004EE1C038A6A48C0A01A5FDC51CB69D440F
:10FFD0007EC6476434E574B3AF23EBCD6E3CB27894
:10FFE000B6A5706000FDA8C959C2D64A1648923518
:10FFF000D072602F90C94F5351662F0811E81DC071
:020000042023B7
:10000000B0847AC252D870882A4B419F4BEAC88983
:100010009854115F411FD66451AD5661817C262BE7
:10002000155E0A7E121F26E727B5A6BC40C15F6297
:1000300032C8B8990AD8217DB38943BD72F7F28DD1
:100040009498E5BFE98516BCAE0CA939146908A3DC
:1000500045E82F12FCE148C390A2BD5C5104D209CF
:1000600048C7633AC86F467E33F29B91DF8CFC66CB
:10007000817F22D248A13CA14859012C581E0B96E1
:10008000C782E95B307D0BA66FC1F42DE3AF5A1F29
:10009000921CA3A8DA4C241F99541E57A49B5752B4
:1000A0004B554EA41991B1758C2E313B9E8AD2C10D
:1000B000760AAE2A2BAF9A5D544EC40F49D06CA875
:1000C000610B9966B165CAE74D328E584D0275B421
:1000D000F3647689D52005A9266D5E5CF0A44A52AA
:1000E000AF314427272F14AAE8E02A9AA85666477A
:1000F000172D99D111A3D3CCC4C4AC6C4E6E17612B
:100100003657CC1E0B7B12FA436F648394C20E8F5A
:10011000EDBF847AF1C788293203BDC471A14C15A3
:1001200025642A8BCB45110B51BA9A4D45B091836A
:10013000D90F345E56A2242B060159319B332ACCA9
:10014000657A0B9992A2095BE5B4D2549391991BFD
:1001500056D72AE261F2374A513385F059C1C22F8E
:10016000715F2C0D0B746E209D9B08FDC9A6982411
:10017000444CE1A8C25667282F2912047F823D090A
:1001800070EA0553DD69B939D939B11909608BA60F
:100190008F9F969E99969893982DC81B19FFE49E61
:1001A0005E40D81262736283C93ED080422E682AB4
:1001B000249959C156B3302EFACD8C479A20501D40
:1001C000F93DD66022E61E5C3195F64B370CC194A2
:1001D00056CD630BCA2A5CD955545883A45A81F171
:1001E00000F49EF3C71411E35E99DF5861361AA834
:1001F000A182D9580A6BF431243E2834382438447B
:10020000711D090EC1FBC6F1D41C242CE4989D324B
:10021000344268D125C54115251555ECD9313B1718
:1002200065700551DFC32462067D64CCC89A312312
:100230006B84F22AC2418E15545104639156615762
:1002400047640AB09BD791F5092CE4131364EB2F94
:100250002BB5CD1102B4B1164B4985C982B68220A7
:100260003E2A81FBD305CFA60A2D902359A9B9E7D1
:100270005FD2A725C0AEC03F3E272B2D88F66B303E
:10028000F000EB6951AE2CDA9041D7A4F6526C899C
:1002900028AE1F7439C4508788534162576D11C30B
:1002A000B5DA2C9665B124DF61BA5E328B88167A96
:1002B00064FC899C0EB969B12492AE4E28322DADF2
:1002C00099DD1D99956BE9C4EF707F60D1025BAD3C
:1002D0006A214B6A9AEA2F664CD2071BD7B2EAA270
:1002E0008A0A653572BA74E8B1E0D793EA00D13E64
:1002F000B54BD32F008D0591A2582B05817579AD93
:1003000072701A0AE64C7A10380B86E9323D0064A6
:1003100061BC87FD95ECE03D3C3494AAD45E94AA80
:10032000D5BD9CD84D927E7A271924CCB2D213E544
:100330009B290085384614F49235106D8F28E7AD5F
:1003400010F783388E5753FD19575CC53889D0B3E1
:10035000DC5859A218E7650156F3ECE20AB381B301
:1003600092D59E990AFB8AC9F89D436CC2881EAC3F
:10037000845A8771E90EF9380CE7DC1CBA3D85D246
:100380008821CCCD2EB12A421CCCFD39B26D93C749
:100390002F28AE2A9307906103AC01CA1D92E52C69
:1003A000D8FC841209CB4E810D1E2D1B7F3292A6E4
:1003B000A11D19A86B6B613486451E345990E5A3C5
:1003C00015287DC28298512680C4F5786A36B561B9
:1003D000A51B061A296E7A6913C8069D527C0E99D0
:1003E000EFE896986DF91D18A99E2A3197ED7F893F
:1003F0005D9E2E0EC4C34C73984BE6397C88243E18
:100400002531362D27257D5A06DE27E367B52BE7F4
:10041000CB4E97C7B37D229E5330E3B82B8B87E931
:1004200049D6C6C4F53F1947055D8D606809B23EDF
:100430001D1BB3D0E68CE59392383D2117D41642AC
:100440003D220B082D4182A0232204D44B30537E41
:10045000CC5730C2308B0714B2139339F9F330976D
:100460009489D56FA6FB9FF8D8F8944431BE3C8C94
:1004700009C3CD4CBD2A9E07C94CCC4A82C14BE46E
:1004800023568EB007B056623AF909D392E5F92C9B
:1004900028B218E640DBA24521E6466CF8E760D3B7
:1004A0004969ECF4D4087D765A6C5EA23E731ACC8E
:1004B000E3C23CE0181EEA223CCC4578B8606733C2
:1004C0002E549FCA6E8DC953880A459F2086307F5F
:1004D000AAC21FE6101FE6101FEE101FEE101FE14C
:1004E000101F218B27E5499095278ED9FE71F0B416
:1004F000884E4DD42B819FA89692AAAAE341FD2253
:100500008C3E543F4E4C46C938419F7C128CBCE512
:1005100040D9704EE38549C66A31961345300CD7F1
:10052000C5A8C502D32C94F24320C8068239722292
:1005300084A473A715FA430E7466B29F27FB39365D
:10054000FAB289A18CE894B173B1A30BA2BD6A562B
:100550006276620E1DAF88F632B30A1841D50FFAE3
:10056000FBAAF860D67ED3A8CE2D01DB83B05D0454
:1005700099750539D430560C2106527498A8AEA04E
:100580006A3C96451E2C2453A1570AD79B6BA1C5E4
:1005900056E8E6A33EBE1B7F6E26288E12A5FCAC55
:1005A000280673E44B488CCB4D96958BF59B6E6C6F
:1005B0005C7A623AACA972B8249809A934053B2048
:1005C000512907533D221D7F68DDCC3716E9885E2F
:1005D000838427E240E8185F02E1CEAE432586100F
:1005E000CD31BF2BBE602E33F62F69D36213BAC54F
:1005F0009B983E2558D2733A5CCF8A479E5B2EA9C2
:1006000027786EB03DC7931666AB19060E62C1C05F
:10061000813084D5131152121D18E9BFF0D8C98258
:100620003B35255E6CA7649DC946371644E2D3AAC4
:10063000CA441D2AF18318492FF7C755155517636A
:1006400000F1933E1157545949E63F665DA2CF86AB
:10065000C33F45E5FA0C6BC56C10D9C914B2841FB1
:100660001E43263144CC2E2903AB9852639943385C
:100670008C6564EC02C9A3598C070923ECEEF5687C
:10068000C701299656C99395CA950623A62C4221DF
:100690001724EBA020570E62406B07C2830A1D4D42
:1006A00048C7B2D4B11845CFD0256526831D088D23
:1006B00071951AAEEB66C2B284D0E09121A0E49BA2
:1006C000C54909F96705D0B4A82A3EBBAAD4C2CC53
:1006D0006B70FFA7F3873B22D23AA1A750E319F82A
:1006E0001F349F2EB78326069585959418C6858E50
:1006F000D3A6672665832D475A375EE89DA4C92790
:1007000054134D94146B86F07463509E0E1A82B38A
:100710006BE2A641139D9C911E1F363F5CEB6F0858
:10072000001993A91624E5732CBAB090D009416141
:100730002161E32001030C25C4CC8D5646223CE800
:10074000E2E2126A4F6B2192A7ECAA722B9DED4157
:10075000F264241A59106715D1E5A730B939DC5B6A
:10076000F79C26929CC274F92564920359A8B1CCD7
:10077000088325F0605AD0C945B91A2C0D88263354
:10078000356192A4CF15C32DCCD495E8384B614D7B
:1007900054B580AD82ABCA51A9C9F49A74EB124426
:1007A0000CC882401F11546630E8FC6B324119A915
:1007B0004BCEC8D565A566C7439589F7990C7DAA28
:1007C0002672BC7E7C4400E86F83C3824304FD280C
:1007D000E186A2F4F0DAB0E0887170173AF9024EBF
:1007E00027AD4E057B9D99D47660968ED230A4E1DC
:1007F000482324792A91B3A25A3A9EAAF2B13EA87C
:10080000D495D0F22A30566542BEAA79EC076854D6
:10081000C82603762E327F80A8A72D23E23F1DEB4A
:10082000895656EF62B571234323404202AB939140
:10083000C5D44CB5AAB4944C24544E12520E674CF5
:100840004C736A61CF58C4065FBA7DA1D213E53AF2
:100850005E6C8D7961E2F9B062C1DEC8345910BBBB
:10086000942B6D62C450929EB411A21A5952016C1D
:100870006D63A9A65B7A26DF54E89D984C07B62DD8
:10088000B120AAAE96999E803C571050FA33FDAF26
:10089000428E41D71C92512DC43A9364A03CCBE1C7
:1008A0007C6C6850C458F2C8E8CA0EB63BFE15B559
:1008B0002957CD418C779E87681F4C561BA42AC9A7
:1008C000BDC2802C17A85239AEA81F72FE2041EF7E
:1008D000A32F61477520A3D0F156C9EE172E0DCA7C
:1008E00036549385A0A98854992ECC0AEBC2DA918C
:1008F0000672B84C7787312E40665F06CC349F6B0A
:10090000F151CEB4D474177CA3F4788E1806471036
:10091000E58CD2EBCBC39817E54B5698284C966ADA
:10092000BD2580B192C39D50723026030B20C25C5E
:1009300042D4629CBF3FD1080257B1D9328DB5CDA8
:1009400051746CA59BD86CD8834CCBA2B6D041A176
:10095000010124A710AB527F5551612010E4F262CF
:100960007AA6F8EC6A03498BF8AB4A6979C2C320CE
:100970004299907002290945CE642B2D9FB774CA05
:100980007D396E874AC41DB7B8DF469B5D71532D14
:100990006DB5E9FEDADF408AF3671DCC57D070A24F
:1009A000750698BD2C9CA31DBB9E983998E97D5077
:1009B00006F905703DEBEF64E6D6B1997B924E2BBC
:1009C000E919ACE5C5E42C0B3D8EA6E0A2ED2B2188
:1009D000313B3539431C7FD10FCB3F1640C66302F4
:1009E00069BC8683A269897989692CDE217D9C7B1B
:1009F00053A5F59C302E80A0D544A570745D5C4253
:100A0000446354CA299C4B8BC700A817D11A8E9EE9
:100A10009D852B98211F08D1ADE45C249AD8111A2A
:100A2000A0D0A728AF6786377850F12A7C92351E70
:100A3000D3B9E1F899201691F64E2AD131D1A31FEE
:100A4000F42882EC16E8934411866427231D26239C
:100A50002253699B3D86489E8896504A40EB60B77A
:100A600048F4A30EE68A4C7FE4F46C38CB53392E5D
:100A7000CB18B144B210DA8C419E558B0F43593ECE
:100A8000BA5A1D29DE89D83E891888DEE255DA294E
:100A9000E9CFB04E37986AF5908ADE044B38413280
:100AA00024B55BC78458FB15FB276852FF487F9726
:100AB000F56B9AC1B53A36C99A19D932D1B943EA18
:100AC0002EE464A46D5F554CC6991C0C23453D3D36
:100AD00035249414F5CA7E608065139E2E640387C6
:100AE000A49FC88675842895217A3FEC099560F308
:100AF000575E4B6D56A5339954BC2C9E0FD68B6A0E
:100B0000D3D4E29C2A3877CA2A54D2E405A15414DB
:100B1000277D45FF7094A742A736CA4D5FFD85B675
:100B20001EA028AF589959C2C15AA5065630C6759D
:100B300071589998144A879695ED95540D595F0A06
:100B4000FDD7441BAE243684624A16EFB425D3EB9E
:100B5000B0FF335D9FE34961510F2CD9C3C216C565
:100B6000580A3613504CF93958F288C4479B53053C
:100B7000AB21BDFCCE74FF9BAE8F385F8FD4855BFD
:100B8000478E14EB73A6A02788888C1A17151A5A5B
:100B9000A1A3676967F511DA03B101A75A4A7A1F61
:100BA000C2D17D107BC35CCCAC4BC85A88AC26ABA1
:100BB000414A47CEF35B75385E6959FB74AEC9C2D2
:100BC000F4F3896818E60B7840994516BA90676B7C
:100BD000341D7DE988381FC096C86CA156039398D0
:100BE000CDB4AE049611542B2B1BFEC9FC448A7461
:100BF0004D46B2DC0C4AAB120FB0C1EB34E041A75A
:100C00001B85730AE9251539D0CFFD812D9C98EA03
:100C100052FE14634FF8C79395175DE3C07C9E5155
:100C2000551964C0DFC4497E5D7E7C1C9507D37D69
:100C30002759FDD23100AB86341762AB0CD20EB30C
:100C4000E0A736CDFACCB4D478B91F649E54E499A9
:100C50002BEECF59787A66AEB03F8F4F2D91EFCF04
:100C600073617745BCA55557ECC72A9590876D777A
:100C7000885F27F347E3EF476461F5F0FBB819F8A5
:100C80002C57EC1B004F0354CBE0DD37801440257C
:100C9000E051C06B801300CF07AFD8C700B200355A
:100CA000802701EF00BE03F47DE88A7D3CA000B000
:100CB00018B0197018701E3078F9157B0CA014F05C
:100CC00010E025C031C06F805B575CB1C7014A019D
:100CD00026C054FC1D0CA804B40136031EDF7DC5DC
:100CE000BE7617C306F8BD09B015F0126027E00DF7
:100CF000C03B80438023806380CF01270167013F91
:100D000002CE037E0370AFC3BD007A03FA0306016F
:100D10006E058C0004024200E301D1803840CAEB2A
:100D200052DE6EFC9F01F71A3C33406F407FC020BB
:100D3000C0AD801180404008603C201A1007480177
:100D40006400720033008580524039A01A5003B805
:100D50001F500F580658055803580768036C066C57
:100D600003BC0C780DB007F02EE03DC04780E38057
:100D70002F01A700DF01BA0017009701AA8E2B767A
:100D80006FC00D809B0083013AC028C01840182016
:100D90001230059000980AC804E4010A00B30173F8
:100DA0000095000BE01E401DA001F010E011C05A9C
:100DB000C09380A7015B00DB01AF027603DE021C5B
:100DC000001C067C0CF80CB061E715FBF457A1DFA2
:100DD00000DD0A7809B013F006E01DC021C011C083
:100DE00031C0E7809380B3801F01E701BF013878ED
:100DF0000E9E80DE80FE8041805B0123008180109A
:100E0000C0784034200E9002C800E4EC62EFD22299
:100E1000EE91D51C1D81B7FFC089733A71D3D728D5
:100E2000FD8EAEE090F3F803985ED76A65FCFC4D4A
:100E30004AFF6C4C3FF35965782986F73EAD0C8F1D
:100E4000799A779A5F4E00E3E3D1BFA781F1558E7F
:100E500071C81FFD2AF41F413E786D9A822F2B889E
:100E6000F9D5E83F8B7CAB7C1CCAB982F935E8BF69
:100E7000847C11C12CBC54C86F2CA31EC8E7DDC8EC
:100E8000F8DEC3F40687315A1CCAA827F20D42BE09
:100E90007A87F21D437E2FF41F17CAE7C0B715FDEE
:100EA000DEC2BC8EE9F9F752F245A0DF47B02B69EC
:100EB000745ECF1F87333EA2232DA9A09A393D39F6
:100EC000B64D0FAF3809A71A6B124EC595FA2A9383
:100ED00081D81380D004F576F4FC99B982BD058BD6
:100EE0001CF0E6A470C1B28DACF6C0D08F6C554436
:100EF000959F13CB37761D796700D961B0484E2C8A
:100F00000379CF07D9FF90576E8146651ECBB18814
:100F10002DF8A5F77784FC8AF78DF4C8254637208D
:100F200035218D41DA17E9898B8C6E475A875456E3
:100F30004EE1BC2E4D7E15D6EF5AA41B9012FB3A03
:100F40003D7B3F00E5DB8CE13B91EE417A00E971AE
:100F5000A4647D08F62BA20A4C51AFD55479211711
:100F6000EB388D87021ACD73A478A34C7E528EEF96
:100F700004D3931700302195525FCEC240B20A6B62
:100F800026A19E210357E3C65D27583BF27FCEF989
:100F9000F8A1829E4CFAA824FE7614E8733D7242B2
:100FA0003FA7FD0E2420DB772ADBF5AADF991FDEA1
:100FB000E1A08F277647E9D9A999B8BE232F589089
:100FC0001DBB13D79399EC8536FAE4124B0E1E1B0A
:100FD000E35C98B572647BA57C11526AA5A52A8E44
:100FE0009958E3758487BD4889FBBFCEAD77F0DBA8
:100FF000D1B9CBE32E4F4F9CB85DCF62C690A054C1
:101000002A11CF6B0A83071DBCA07BD448E34DF7A0
:1010100078E5869768C3413F49D91C8E82D5BA4C82
:10102000BFD2221AC0D17841DDAFA7EFF533CBB3E1
:10103000701A2F4B82C69337B5B0C4BB25E03C5E17
:101040004A40AC1750FAD27D66167BEF8870FF7469
:10105000FC14DE23012303CE717414EE162FC68A0E
:101060002F6FE4FA5EE615EBA10DFFE615EB9E107F
:10107000F40BEB9B3DBFF18A750C295F06E8F21D6E
:10108000C7BF551718DF52A475486B909A90CE4190
:101090000A7616544B86E73BB94B9FC03AFC38ACF6
:1010A0005501C300FD018300430027CE5FB19F01BE
:1010B0007C0FF81970097005A0F9E58A5D0BE80B43
:1010C000180818021806F007040322009300318064
:1010D00024401A200B301D7017A01830176002CC66
:1010E000072C042C063400DA00DE1760BD7D09F6FB
:1010F000B2BFC2DA1EE8623BA40F3D2712F00EFC1D
:10110000DE0620FF3E0784F9D8ED31800CC01C407C
:1011100025601BE067C010ADDD9E0238DECF6E1F7C
:1011200033D06ECFEA6FB70F06DA3580511256779B
:10113000B34417FBC1B58057016F00DE057CE66F35
:10114000B77F3FCA6ECF0CB0DB13009E01CC4FF0CF
:101150001AC6F5F797C2C8EF8271900660E778BBB0
:101160005D3BC16E3F136FB7F705BA02B01BFD05BB
:10117000919036E0E549CC4F30228AD18593210EFB
:10118000609922C5ADC0DF0B6FB7DB370196C6C2D1
:101190007D00E2E2241E0183917E49F2813477438F
:1011A000390A80AF1CF2FB1CF35F0B3810DFFD5ACD
:1011B000470C846BF24839E39463D6A575CED7A368
:1011C00093FEA15CF7734F38E7BB7F8D72DDEFEDC7
:1011D00082AFDE61BFE32ADF308D32DFBE2ED2FB6D
:1011E00031BA67E9E5A97B965EF4E89EA5B77D8DE7
:1011F000323D9D8BF44AB72BEBC5DF05DFA1579439
:10120000FBA110E40B798A853FFE2AA3CBBE53EEE7
:1012100087625CA4E77940B91FCA74C177788D7280
:101220003F34DD05DFC76B7AB64F9CEEF0DC742EE1
:10123000F63973353D4B2FA3B732BD392ECA775ED1
:10124000ADAC6757F97A6B94F56C7291DE184DCF9F
:10125000DAC1A39F2BCBE7AADD1F73E81FAEDADF4D
:1012600088969ED5CBF78F28F3AD71915E5CAF9ECB
:10127000DDC7FC353DBB8FCA930EFDFC49E77C4BB7
:101280009F677CF498005B3F24C18971B99F0ABDB8
:10129000534B956FBE90C527B0E58632DDAE51CA7F
:1012A00072AE7A58599E86DECAE72BF06B1CFC1E84
:1012B0000E7EA1FDCFD8A6DCF70BF1DE0E7E1F0758
:1012C000BF500917BE613F7B39F87B3BF0F771F0E7
:1012D000DF20DCA095F96F14C68BFB98BFAF037FAE
:1012E0003FF40F8E92EA399E1DC14FA527F08575F8
:1012F0001CD87A93177758F46CE345CF6318C95B11
:101300002560BF945345B515E9E6B2D44A6A3C4717
:10131000EDA84BCBF5922E562816D92DAAA1163D35
:10132000A0667CA0F4FDB85BB8A15C2817CB157152
:101330008BB8BD1CCF2FE27915AFE635BC27EFCDBA
:10134000F7E6FBF283781D1FC2C7F085621ABC4A1C
:1013500005AFDCD77878787A7A79797BFBF868B54D
:10136000BD7AF5EEDDA70F8769C3E715A1A689C889
:10137000A617E47123E43280F3E5FCB8DBE04B0010
:101380007FE6C2B9282E9ECBE60CF036FB25DC4664
:10139000EE6DEE1B4EC52BDB07CF935C483E24273A
:1013A0009297077DD47DFBF5E7BCBD7C3CB51EBDA7
:1013B00034BDD57D5437F037223F6B4B42FBD01202
:1013C000ED5A2EB358D58251934E3074A02F4D173D
:1013D00074CA4C09574CEDD1B4BAF060C1D415CFE2
:1013E0003E105EE11883CC70861E69D0EAC6B14417
:1013F00099420938A9F8A41B1FD12E11432F6688E2
:10140000A8D58D0FD651DB58B8E06E428981A75818
:10141000502DBE4E02CE4855328307A13D8E10E6B8
:1014200013ECA79148039F64ED4650B09930BC0679
:10143000E9E51D2C7E94D0CF307C2DD2EABFB27866
:10144000E10B083B317C0FD2AD2FB1F89B30FE048D
:101450008677212D7F86C5DF2C8C23EB51DE83F42C
:10146000912758FC40A11F607808D2E08D2CDE57F0
:10147000584F637826D2C1385F0E12C6470CAF139F
:10148000D2DF82724161FD8EE19B91DE8AE5F71326
:10149000D6EF187E00690D8ED34384FBC3F0B348AA
:1014A000DFDBCAE2FF24DCDF06BC3FA49F3DCDE2C8
:1014B0006F15EE0FC3439036E078BC8753B1EB70E5
:1014C000BF21EC3384FD85B0AFC844BEE92A464F46
:1014D000D871BF80348467E11CFA575D615487D4AA
:1014E000B9DD2A3D7FAF984FA73FC568215213D27F
:1014F000A54857215DFB94725ED880FECD4887FDDC
:101500004B398E1FC7F013488FEC578EEB83DAB040
:10151000BC48DF7B5A39CE4762780CD28FF729C797
:10152000FD1A0CAF436A6A51CE039B317C3BD263F8
:101530007F55CE0B4730FCB890CE7EE53C7109C399
:10154000B98D28FF7D51396F642E63E183303E727F
:10155000BD721E0911C291CE59AF9C47FCB1DF6428
:1015600062FC89F5CA79C784E13548A76F50CE3B44
:10157000AB307C2DD294F5CA79A810CBB753B87E86
:10158000BD721E3A82E1C7912E5DA39C87BA30FCE2
:1015900012D297B1FF589829BF9EBC0228A72ABE35
:1015A000A2988AEDF4E2F92147D18337AE7762D26F
:1015B00094ED671086DFEAA30CF7C7F0818394E10E
:1015C0009118FE518472FD9382E1874A94FCD331D5
:1015D0007C70B2327C8E509E1C65F8520C37DDE177
:1015E000D0CE31FC7C86327C0F864FC955869F1049
:1015F000CAAF558653FD387BE9834240C0ECC0E555
:10160000A79F1C04377D3966B8D6B72FA32148336E
:10161000919A90F6E5FC91CF1FF9FC91CF1FF9FC50
:10162000C572C0915FF68A343388529CC84F648279
:101630006C1A8ECA0826F6EE1E8EE6FD4EF4135284
:10164000C496BEECB939D28F5C84FFBF46B3265F27
:101650003D9EEA79C8BB451C1E2F0927EF00D0E349
:10166000BBC03271BEE0BC7915EBF7CCEF8D7E9339
:1016700030EFA07F29FA07A17F03FA75E8DF29CCB4
:1016800043E83F80FE48F41F477F0CFACFA23F0596
:10169000FD97D09F897E6F1CCFA7A37F90307FA03E
:1016A000DF1FFD73D01F29CC2BE84F41BF3FFA3914
:1016B0006E68DF389D21A43EE699CC770BBF357963
:1016C0002F0A7878EA53F35E7C68EFF31F1EFEBAA8
:1016D000F3A7D0FE7D55E6B0AC61AF643D1A77B19B
:1016E000FAD8EC89CD8396DCBB63C6C6D7FFBEEEC5
:1016F0006DFBBFBEFC66F688F8089D86BFE94CF11D
:101700007ECBD309B69CB9CFDCF18ABFCD67F58F0C
:10171000A73FF865EBBEE547B3C7578FEA3730C43C
:10172000F393F9174A57E7BD9C34B3FD9E676F6981
:10173000896CFCEAE2956F9FF864F7FE77524E4F92
:101740006F98F36C4D8C77D12095FFF0C8F70EFEA3
:10175000F0E98A732FFC9AD2647C4CFBDC9F77FD06
:1017600032E3E3A9EDF7AC997BF7E04C6DF8A4FE0A
:1017700081BFFFE3F3BFBDF9EF27FF59DB3AFDC19E
:10178000A88EC17FDD54DEB8F054DABE826163D426
:10179000D185BD63876CFB61E5EFDFBFFFFE17817D
:1017A000CFF77A7DCEF2D4275AEE7FB5F2E85DE727
:1017B00033064C090BBEF356D30DEBED6F747EF17F
:1017C000D5E50FFCDE9CF4C25FD6D7AC5CFAF073B3
:1017D0008B0EBDF8CFA77A7F18B437E3A7AAAFEB7B
:1017E000FA3EC5BD15F28D4E93393226C95456B80E
:1017F0006BC9DAE67F6FFC6CC7E4B787FCFD816FCD
:10180000EEFAD78BAA55FDFF35ECA3B071713765A1
:101810002D989D57FDDD2B7F7B66F3EA265BE52F38
:10182000D34E8F39DA67DFC988B7476CB86991A69C
:10183000D4925C3C22C723E11FCFFED6FE58E3CEF4
:1018400016FDB7F75FFCD3FEE84FFE3EEAE7F10F67
:101850007B6E1F985F3A7FFECD491179699F561CB8
:10186000BCE1D7B1E70E3C76AE69D9AEBF3E97304A
:10187000BD24C5B366F49C3D83BEF65E1CB9D1FFA2
:10188000BEBF15FCE3F67FDEFAEF5F1F3CDEDAF148
:10189000D7C73BAC5373664C983BF09E9FB447064A
:1018A000EF087C6452F0EF37FE50FE45FAFB5B5EBA
:1018B0007FF0F9B34F1C5C3E6AA157797141625ABF
:1018C0005BF492312786ECED7D5BE714FBAC0F16E1
:1018D0007ED5FAC26B6F7EBAF2D27ADFCAF1F7E731
:1018E0006658EE6A0E7E69CA873774DDEA1D61B7F5
:1018F0001F067C063803F819701E1002F2B9684002
:101900000A20076002D400EA01AB00EB00AF01DE61
:10191000021C067C06380398926DB7FF0830E580FC
:101920007C0EB016B00DF01BC033D76E5F0308CE2F
:101930000359196029E0A15976FB66C094BBECF607
:1019400042C040BDDDFE7131C8094B401E0978140C
:10195000B01D701E90560A723E8232C81F106384FA
:101960007C00758077B2ECF61BCAED767F4006608E
:101970002EC05401E505AC056C05EC011C001C07EC
:101980001C01BC01E5F42EFFCF807673E32656E8F8
:1019900014767421612C40F0478C53FA232395FE72
:1019A00089E315FEB09070A53F34C4C13FC1797A78
:1019B0000E66B10ABD5F1A1C2914CC27E92E89DAFC
:1019C0004F66D3A39ADDCC2A715CEC7CE3F92FFF40
:1019D0007FC66E7E47CACD7C78ED443EFC97DD7CA9
:1019E000B8F1392EAAC99F8FF239C845F5799FF30E
:1019F000CB5DC0F90D6CE1EF5CEE377D34EF37F075
:101A00005B2EBCD4930F5DEE9737810B5DFEDC132C
:101A1000512B4FF37EC7FAF3ADAB7FE6FC8E86F118
:101A2000E92B5A577FC41D5C1EB4A2F5A3366E473E
:101A30005C1E37617EE6D35137EAB91DFB3EE3FCFD
:101A40003C5F3D1CE5F901B7E39767F81DFB72F9B0
:101A5000286D12E035C8E179BE35B782F3BB79163F
:101A6000FF21A4FD3A97BAE2C5E57EB94F408EF753
:101A7000D1DF1D1E84EB1CEF372300B8A0AC730F21
:101A8000717E799F425CF854F8956B04CEE7D017CD
:101A90007E2608EE05307F0D9FBA224A0BF147E102
:101AA0002ED6B4D0BC3A9A7671772E6F5DFD2DE7B5
:101AB000776C3494376045EBD1095CD08AF6677E49
:101AC0007DA3D566BD3D687DE8FA8E5E0BE0AE6E07
:101AD000E3FD5AEC5CEBD1DBF93B57FAADF98A4BED
:101AE0005F11BAB2F5AB17B81DD32EF2E1FB37F197
:101AF0001D2BFFCD872F98C08F5BD9B14CCF77803E
:101B000080D56FCD73BCDF2746AE75F55FC835C78E
:101B100076B16B8E3EC6FBADA9A5BFA31A816BE063
:101B2000777CEB8C40AEF5E649FC8EEFC87D7C06F9
:101B3000713B0E1DE25A73E7C27D6C415F78692AE2
:101B4000BFC39A0AF7F12A94B363D9218EE4D1F185
:101B5000D0F790422BEF977F2F77E7CAD6DC3FC3B1
:101B600015FFA469FBCD8CE2C2EF28E32734DEFD2C
:101B7000AE9FD7E895BBD6773496F1AFAFF3F38538
:101B8000BBC887BBC9BB9D9FB5B2D5F72BEEC3952C
:101B90009357FAE95FE0C2A77DCB87274FE6A356AC
:101BA0009E823B6981DFCFF21D9E5F71BB9E6CFD03
:101BB000A49CF36BD90AE52EE03F5DE9F7C96EC836
:101BC0006B17DCD13AA89385F4F7EB4FFAB5C07DDB
:101BD0007C1208773D89F27C863C700F2D5BE8EF24
:101BE000F0B219507AC082D1501FBBD60F2BDBB593
:101BF0005E55F6CAFA21FB4F96752CCBE7DF5A30BB
:101C00007C543E1FB52C993FB960B87F321FD53444
:101C10009A7FAB6C78E068BE63793BBF784147C37D
:101C200017DC4D1F743CD4C2B72D181EDCC27734AC
:101C30004DE01BCA86EB26A8A3963FCB0F1FF6AC40
:101C40003AD0B2CC32D778C8183877D9DCD27BDF1B
:101C5000BD77D4C28685A515EF56A4C3B726DBBFD2
:101C6000F599DBDCB8A074C8BEF6F6B20EF8AEEBA0
:101C7000D9827DED172BA39B1B474F1872B0FDE255
:101C8000B4679A1B9FCD2E38D89E7FC39DCD8D17EC
:101C9000470F79BF7D81476B73E3FEA505EFB77FE3
:101CA000BBE4B6E6C6F6C7877CD8FEC98999CD8D58
:101CB0002D1F0ED7C13721877970051FC217880FD6
:101CC0004FBC7BD825F295D7ACB39E9733BECF3BA4
:101CD00035E3C490D82DF5C14D515E17B8417BC393
:101CE000EA07FC76516DB0EEE70A626DA30BF61AB7
:101CF0006ED4AA9A7D384D47536A6C6BA30F672840
:101D00003BAF5A7C4BF3B27A55F3A73EAA43B68C4D
:101D10008670DB54BE3393BB234A93C01FB38DB28E
:101D200075EEF9E0A29F467339E3317EEAA1A6A8D9
:101D30005E4D5CB3B64B3D71C3611A77E385E62611
:101D40001F4D8757147CCFF9B72BADF9C5E42BF3A2
:101D500097A33C2FA85A738BB9C73D0EAD1EFA64EA
:101D6000AB9727B7FCED38CB005BBDEAA4897D2992
:101D7000B56DAE6A5ED6EAB8B9AA81FC23438BAAD8
:101D800032B9849326E92BAA24967C4955FAC2726B
:101D90005F78FFCAB6FAD6FC637CEB9AF1DC516837
:101DA000C90D7CEB314F7EA3E643AEF95823D77CB7
:101DB000E1C28D6D5E7EBE246EF8CD3F412B6BE49B
:101DC000877B12EAC50F5DB2117E0D5870F1C666B1
:101DD000DF57E19BDDE47BDEC37DBFE606CCBFA021
:101DE0006EF632A903EB0DDFEEEFDFEC55A78E6A3E
:101DF000D81F33CCD692AB82AF90DA6EE9ECD27FAB
:101E000037861B661B9AD4D9F5E6B925C92F73C34B
:101E1000EBCE734BF29FE636021D92D0FA49233780
:101E20007C11F9B511FE2E493ECF0D5F4CE24F718A
:101E30001B8116B0F825E4D7C625243E821F5E4FCD
:101E4000E247F01B810E49A1F136F26BA38DC4AFBE
:101E50002B53EFF0D27CA3515F812F4C17B715C6DF
:101E6000F2AA25B1FD869DF03C35E4BEC0FAA6CEAF
:101E7000E8623E91F034AA0C7DD49CC4B3BB6C5D87
:101E8000D9EEB21FFEBEB8A5F68BB64255712CBF77
:101E9000B82EBA84A6A636A8D59C6A099FB8B8EE13
:101EA0004F77079F1FD3D7F3FBB04BE32FBF76E2EB
:101EB0008D536F9D7D17BEBCDD19D37FD4C9C291F0
:101EC00050D798535160FDEE690FEFF72FEA345564
:101ED0003D313C44A3892E5E5776391B42E6749A05
:101EE000A6AD1B1EA9D10C59D8F4C15A4364B6CF74
:101EF000B724E7CBF91057DE695AF9F8F0688D6618
:101F0000C9688DCF7D0BEEF3FD75655BE170FFF366
:101F1000DEAC34E4290ADF94CF3A1190537B70C9C8
:101F2000680F9F2DF57C82EDC173FB974CF4E08226
:101F30009B3ABBECE703EB737F98DA40BEE6DBC964
:101F400015F60EACEFF383BABD4935E09E5BB88061
:101F5000BF2D79D6C76BC7825FC9D7D60B777C9B5D
:101F6000CC3FF5F6289BAAA5CFFBAB8A5B5693E73F
:101F7000E511EFBB0FBECAEA616BEFEC7AE02748D0
:101F8000A1EB81EF03EBC7ED13E363317E37C4743C
:101F90003EBC79DDC227DE5E67D83DCF06E92C6EF8
:101FA00009ACE7C5944AA630CED3AF76767DF5FD71
:101FB00092677CBCC26B7771036A7D0AC38DA9BC32
:101FC000A18F0F4752BFFD87DFF3876F3DEFBDE461
:101FD000598DCFAFADC3379FF716BE0C4EBE51AF74
:101FE0009A2B7C1F9CDC33B9F7C8DA2D8DC14D1AB2
:101FF000C34B4D033CBC2E35D76B2E0DA8F7F26AB0
:10200000F6F2F0363CDAC8F18913371BB43EDC90A7
:102010002243E368FEF3C251B6E67AAF4BEFB71F37
:10202000869CF4DF977CCABEDC4D5226E9F2FD8621
:102030009D856FDAD77B5B9727691B5A7EA1EDD50B
:10204000DCC9D5A5F43B370CAEB8B16E71F290BDCA
:102050008F240FD9D7965CB097848C856FDFC61517
:10206000B3AF77B79D205FEC6E3835EA725617F93B
:102070006EF75DA7A24BB6352D82B615581FD65404
:102080006F80FA6920CF31B0A1D99353D91E7CEC6F
:10209000ED66CFEDF0CDF74D36DF4435F92EAF6A62
:1020A000ADE170BDEF54F8ADDDE2D119A3BABF05C3
:1020B0007E372F9BABF1BD03C27ACD53B7006D7E47
:1020C000709ECA7044A3E95DEC7B94D6FB19BF5B9C
:1020D0006EE13A6386DD3BA2C6163040A3F122755D
:1020E000D0DCA8F1360C39AF225FE0E69336D9A0F8
:1020F000ACDB7FCAD9D290D1F0916D86AD734356D7
:102100004AEB83B770590D34A64BFFDC974D9B6C9F
:10211000531B08173F7F4BFD7D1D6DD60CE0FA3930
:10212000D1F8FA4736F22B2BF1EB577EB4F996D063
:1021300072E61B96683992CACFF12CB63ADE167851
:102140004BFB8FB6529B109315C7623E8AB5058E26
:102150007CD3B03699CF83D4A15F74D91F6B2BB9D0
:102160008BE65454B5C5F658FBF4D8099E307BE590
:1021700035F2ADBE8D3C8C40031BB99F561C5DB93A
:10218000B7B4B9C1B3CB2FBF91B3AEFC74E562DF76
:1021900045CD53562FAE9B7837F9DAF696A6E06513
:1021A00061B616A835687F5BC9289D77CAF3F2B07F
:1021B0004B2F2D1BDFF45A7DE7AA9FB989A7F7960D
:1021C00066351CB605D677D685C14C6A83D46D308A
:1021D00087B5435E7EBE369A666C995FAE8D1BE016
:1021E000E5D555BB7CD6F2E1BAE7B88793D7ED5178
:1021F0007E77BA8D7E79BAE534C9E9747E9EAD7377
:10220000D5B07B03EB7DCEED2D9DDA40EF90FB68E2
:10221000C287C9E7DA1947621EE150D506D6F7939F
:1022200038625486662F4E35ABBDC583967726E15E
:10223000796BBE2295AEBDFDF726DFD97E5F4E6A73
:102240007BE8DDC37E1DF5CBD49F327EC83A9777FD
:102250007AC6D75F5E3E79E9CCF9EFBA7EFC7E7C28
:1022600093E7EF5BEAB735852DEBDCFE757160BD5A
:10227000EF3CD22A1E1CD8DC8B57F946C3EFDE692F
:10228000AF366B797573EFBDFC803E8B54CD7D40CE
:10229000EF1260B84BC37D9D6FF03CCF1DCDF7486A
:1022A00034DC7CFE065F23F0FAF8F8E56EE693DA9C
:1022B000C86CB3FDCEF0C0533348C92D6D65810D98
:1022C0009FD9A6C0EFB6CAA1E7EE6AA0F15D2F9C28
:1022D00036F87ADCB0D83A1B9EE84B238E35F89658
:1022E000420A9EA543D9D52F5AFB1C8CCB7F38D9E7
:1022F00030F0A26A48EC136FB35662D341FB18CAA0
:102300007EEFD375EEB9FD2BC61D3B33B0FE95F6BF
:10231000330D7331EDAA93B1A755F32B1B8F351CE9
:10232000B26581FFB693934F9F4CAE4E32DC76413F
:10233000D366257555CDA77FC1CA7CF0E6361B9FB5
:10234000445209F587912589CE95DBEF1EBDA56125
:10235000185C8DF90E86F638984FFCCE34D5B2C590
:10236000A2ADFDCE3875EE96B9DA7967EE4D5AB862
:1023700069A1E77D672A02E089627AFD12DF64BF06
:102380009EEB3FAB9DFD6AEA7337869DD3A6BE598F
:102390007B3708091BD85C39F56C60FDB6FACEAE08
:1023A000CEBFFDE97D3E69512269C32FDE16D824D8
:1023B000F6AF5BB7344C6D6829214FF9193B2BCD33
:1023C00048BE73C323FDF844619C21A34C5BA9AABA
:1023D00094F5BB07BE3EDD3EEBEE162BB9C2767A16
:1023E000D4E586536C0C61E3C796FACE3D7B79C386
:1023F0000C0F55E79EA111810D8CCFE31B96B247C0
:102400003FA8DF5E7C22E9E1272D71B56DB5AA7B7F
:102410004ECE8D9B57043904D66FC2DA18B9B1730A
:10242000839AE3BD40180EE2748D97A707076F9B50
:1024300022DA388DCA03D4616A15FDA3E1784F2FE3
:10244000B0FBF4E420402D2A9839F62D823AA47B83
:1024500090723CA33148EB90C6627C1CD278A409F0
:102460004813912E42BA18E912A4F5486D48F72294
:102470007D0BE9DB48DF41BA0F298FF9AB90AA91B8
:102480006A907A08E5431A87341E6902D244A48B05
:10249000902E46BA04693D521BA3BCDCF605F5112B
:1024A0002AD43BA851BFA0413D8207EA0B3C512FE3
:1024B000E085F27F6F94E3F742797C6F94BB33D968
:1024C000FB60D432F9C85217C206CB34543D73C4F2
:1024D000161164F6B7B9A99BFE4F50C93E8039B5B5
:1024E000DC1E5CA61F8343D5E2A9D12438E04B64EF
:1024F000385C0FDE9793B943D48BD4714A3FB589CA
:10250000982EF9F7704A3FD53DCF91FC4738A59FEB
:10251000EA866B7628F52E758EFE0768BE75D7EABB
:102520007726E42B74E0DFF929EA15D15E7333FADC
:10253000D7225D8AB406E91CA4D391A6208D44BAA3
:1025400019D339BE09ED49E90045C60C9E0C435E1E
:10255000A4DEA7D03012CDF7A22325F9451E8C8F1B
:1025600087C03759C942AD2868844A64A15750E3EF
:1025700009FA8BF71032F2A2CCDE74CC157E052B53
:10258000D3E3C552A93D04252E4D452DA6421B0C73
:10259000FB45C74D7A05190379327CF25E62C1BDF5
:1025A000C530121BE424232951DAFA546299995751
:1025B0002396940EB19E42CA2A31515E8A157FA994
:1025C000BD15B11EAE625D5EC1C29CA42CA5C73B09
:1025D000DC8C58611A65E5D0CE243D008D582F4E15
:1025E0006FC153AC355E51752C5F4FE52F6FA5D78A
:1025F000091F2F56187D28B2DC9C2525DD8CBA7B5F
:102600006B62B7E5E0151B97745BF45D99346595D3
:102610009798B297225F95D8543C9477A9E2955742
:10262000F838B9056F4584D3045CDDAAEB8CA43B74
:10263000D7289E16CF757F8CB207AA7652342923ED
:1026400065E3775D115ECAFBF016CAA7F2BE761D80
:1026500088D73A3481FFE0A6D58ACECE6B944D5907
:10266000D3BD65AB1D6E9576674F457B762886CAD0
:102670005999F93F7097B21AF2F9C38D5A25DE8243
:1026800087D2EBA48DAB9D743FD903F5BEF65D9266
:102690005F1A9FEE2D4275D5F6225DEBD0D01D92CC
:1026A00052F7A0A18BE9A994439507A768E8CEC685
:1026B0002BB5AB96A376D5B89C0D3CD2B52AE9567E
:1026C0004999359E42C41F1AAA643DDE6112E19405
:1026D0008396387FC8BAB3466CDED434DED59C47C7
:1026E0005934D2C4A77231F14D7236094BB3AE469C
:1026F000E093BC51AE66F65E84255A19EB6C69E036
:102700006CF217DEE7A97899BB787E0FD7439EDF7E
:1027100029ED68366078A183DDCA760C1FDF4B197E
:102720007E00C3070D56861FC7F0AD0EFC6731FC57
:10273000A15EDDED62C85BC3C010859E7BD127D64C
:10274000380D97EFD76E403B2662AB948B0ED67553
:10275000B06883ED2DA1F0E2D21042E1C8E5167415
:102760007E3343A3C2234097456818D270A4A18446
:102770009250A2D724A1921D1F7D298903D589FAE1
:102780004EC827382238247C9C783F1A5CA7928751
:1027900008AFD8E396AFBDDD56D75AFED3E3FF3876
:1027A00090D0B2F796975F7B65D336853D38E201CE
:1027B000F4AF2D579E43127EF0C837DDE19C5A8955
:1027C000CCA6EB7AB8CCECDC6C3915DCF88D2ECFCE
:1027D000B5FB6079284DC3F3EB35AB9DF327A6A776
:1027E000E6C8A9E036BFE99C3F279BBDF05FA04B40
:1027F0000F33BEE8C3CEF9E33392B2E454703FBF67
:10280000E59C3F173FDD28D0042CF7E59D573FC7D7
:10281000EFEDE03FFB9E73FED44CB3820AEEA1B510
:10282000CEF9D3B3531454708B5B9DF3F775A0A20C
:102830006B7538E7D343D757D6BE7A724EF87AA76E
:10284000ABFE2FA5ABF92FA5EB8D3CC2C30971716F
:102850004EE58FBAE9BB94E3C01CB40B76CC2FE5F0
:10286000BF945F5F17F915FE97F2DBF9ABF3FC6AD3
:10287000FE4BF915627EE4FC04BCA236A7A7E99CD6
:10288000B9573A9F914D0E09F4F0BA653E571F4F64
:10289000AAC53771FF676E7309B307DF89F45A4E13
:1028A000A8873A3CCF2F5052F7BC4C26AA71E8EFCC
:1028B000314B95CF433C77E5102EC88B5639840BAE
:1028C000F6D73B1DC205B9D289A5DD9F3729939064
:1028D000CFD227AE4F7BC8DCC7BB1C1F497EC2FDD1
:1028E000AEBD4EF91DE8617EDBAF537E83DEED5950
:1028F0007E7BAE537E75FB5DA743F213DAD191EB7D
:1029000094DF916BE427B49713D7293FD381ABE7CA
:1029100027D467D775CAEFEC81AB3F3FA1BF0C7AD4
:10292000F2FAE437E75DD7E9C87526C28E47ED3085
:10293000AF7A38F46F2FE4F346EA83B417522DD2FE
:10294000DE48FB2015D6B2FD1CCE49D4DF85FB8ABC
:102950002CB4AF9FC5E8DC4C46AFF85E7DDCB8F424
:10296000F4F5A9A7C8837F2C9D1807BFD735F88B2E
:10297000E801BFA00AF27581ABBDDE24EF51369F9E
:102980003C8DD48234268ED5E0A537D990ED2D1517
:1029900084D9733FA01CA37BBA3E14CA655E6074E1
:1029A0001AFF31E6DF5B5AF7AB1C2B00DB083DC298
:1029B000F21A277EDF497AC98EB3F916CF95A9F0AE
:1029C0003D58F4DC01F918938B6B1EC2FC8FB4B830
:1029D0005A8FA7EA73D2E25CE65778905D77FF637F
:1029E0008CEE44BA59A35250B7733BB7733BB773DD
:1029F0003BB7733BB7733BB7733BB7733BB7733BA3
:102A0000B7733BB7733BB7733BB7733BB7733BB716
:102A1000733BB7733BB7733BB7733BB7733BB7734A
:102A20003BB7733BB7733BB7733BB7733BB7733B72
:102A3000B7733BB7733BB7733BB7733BB7733BB7E6
:102A4000733BB7733BB7733BB7733BB7733BB7731A
:102A50003BB7733BB7733BB7733BB7733BB7FB9F56
:102A600073FF0B7F7211C3001300000013000000FE
:102A7000B385C50217D5DCE003354559AA9597D72C
:102A8000DCE023B5B7589727000083B7272763F307
:102A9000B7000145828082804111F32700C09387EF
:102AA000C7123EE4732700C0A267E36DF7FE410141
:102AB0008280B7270020D847C176FD16758FD8C70A
:102AC0001307D007D8C7D847C166558FD8C78280AB
:102AD00013170502019397270000938727EF93169A
:102AE0004700BE9694426383A60002901207BA97ED
:102AF000D847B727002093870708D443D98ED4C37B
:102B000094471347F7FF758F98C7828097D7DCE00B
:102B100083C7477C97E5FEFF83B545A3B9E78547A3
:102B20003785B8ED17D7DCE02306F77A13050532B1
:102B300097E8DCE0938808C31B8707002146BA8624
:102B40001313F7031358F3437D363378A8001B574C
:102B500017001376F60F3347E8007DF28A06C69613
:102B6000852798C293F7F70FE1FB7D5797D6DCE9ED
:102B70009386464917E6DCE01306C6BE99E917E5D9
:102B8000FEFF0325A59B1347F7FF198D133515008D
:102B9000828083C70600FD158506B98F93F7F70F6E
:102BA0008A07B2979C431B5787003D8FC1BF4111D5
:102BB000B727002006E422E0938707089847B70666
:102BC00000800544758FB7060040F91694C798C772
:102BD0007D57D8C3B727002080CB1305000297008C
:102BE0000000E78020EF1305100297000000E78047
:102BF00060EE1305200297000000E780A0ED1305AA
:102C0000300297000000E780E0ECA26022850264B9
:102C10004101828037050C0A828017D7DCE7130751
:102C2000673E97D7E4E79387E73D998F37070C0016
:102C30006373F7000290B70701022547A10798E3E5
:102C4000B727002023AA071617D7DCE91307873B0D
:102C5000B707000A6373F700029097D7E4E99387F8
:102C6000673AB706000C63E3D700029063F3E7000E
:102C70000290998F13D71701BE171377F70F81C7EB
:102C800005271377F70F994763F3E700029037178B
:102C90000102BD47130707801CE337170102130722
:102CA00087801CE337170102130707811CE33717DE
:102CB0000102130787811CE33717010213070782FC
:102CC0001CE337170102130707831CE337170102C0
:102CD000130787831CE337170102130707841CE3DC
:102CE00037170102130787841CE337170102130704
:102CF00007851CE337170102130787851CE3371785
:102D00000102130707861CE33717010213078786A2
:102D10001CE337170102130707871CE39725000000
:102D200083B545FDB71601024147B707000A9386F0
:102D300086823705020037060C0A98E20F00F00F72
:102D40003388A7008CE393870704E39D07FF0607FA
:102D50000F00F00FE393C7FEB71701023D479387BB
:102D6000878298E30F00F00F82809307F6FF63FAE3
:102D7000A500AE9763F6A7008147631AF60082802C
:102D800001A03307F5008147E369B7FE01A0B386D0
:102D9000F50083C606003307F50085072300D7003A
:102DA000E9BF2A96AA876313F60082802380B700C2
:102DB0008507D5BF4D715AEA3A8B137748003AE838
:102DC0007D5786E6A2E226FE4AFA4EF652F256EE0B
:102DD0005EE662E2E6FDEAF9EEF53AE413774800D2
:102DE00083BB070019E7330CDB401387FBFF6297B7
:102DF0003AE42267130317003377E30019E363769D
:102E0000DB0223B00700233006007555B660166458
:102E1000F2745279B279127AF26A526BB26B126C16
:102E2000EE7C4E7DAE7D716182803EF436EC3C617D
:102E3000146232F01041AE8C338DD5003EE0930524
:102E400050034041033A8503832D0502832945023F
:102E5000032C85022A89DA9BE3EFC566172500005B
:102E6000130585A593152600AA958C41AA95828500
:102E70000547232EE900233409002328E900337491
:102E8000E8001DECDA8AE684014C8149814D014A53
:102E9000894563F0A41903C604008504331686002F
:102EA0002124336ACA00E3F685FE91A20545937694
:102EB00028002320A900DA8AE684D1E6715561A0B2
:102EC000328CB289B28D3284014AE3F1ACFF03C681
:102ED0000C0093841C002324C90063FEA405032670
:102EE000890003C50400FD4E1B1E86003B0EAE008C
:102EF0003B7EDE032326A90093851400E3190E68A8
:102F000013750502E3150568C2679379F600E119A8
:102F1000B339300189EF1B564600212605453B1584
:102F2000C500216E6367AE003356C30019C2638BC0
:102F3000090A854979A80946937628002320C90003
:102F4000DA8A0545A5DE8267FD56B39686002330F2
:102F5000F90493C6F6FF8277B3F64601232289006F
:102F6000233CD9022320B9032322390323248903D4
:102F7000B384944184E3A277B38A6A4123B05701B2
:102F8000E34605E885669386065BB3F6DA02832797
:102F9000C90141661D43939E070393DE0E039BD731
:102FA00007014536E3980A5C9B970701BB87D70169
:102FB000232EF900E31C05E413781800E30808E465
:102FC00003270901E304F7E4795589B5E68431B7AD
:102FD000E6850290930640022320D900DA8AAE8467
:102FE0007D55A5AADA8AAE840946E37386EA13768C
:102FF0007A00232AC9001B561600232CC900135A35
:103000003A00753405CE8D456316B61E0290A9466A
:10301000BDA8937628000D462320C9001DB7DA8A83
:10302000E684BDB5E3FFAC3F03C60C0093841C00EF
:10303000DA8A33168600336ACA00212413767400B4
:103040006198335ACA000124814949C41D46637CF2
:103050008604939509028191CA950D662E962304E4
:1030600046936134135A8A0085290D46E37F36FD65
:103070000D664A96835986920356A6921346F6FF2A
:10308000421641926387C90802909306700223207A
:10309000D900B9B79376280099452320B900328426
:1030A0004DB5DA8AE68422865D55E3F5A4FF83C533
:1030B000040085041B048600B395C500336ABA007A
:1030C000E379C5F82126D5B7937628001D46A9B720
:1030D000DA8AE684E3FAA4FF9395090203C50400A3
:1030E0008191CA950D662E962304A6928504ADBFE4
:1030F000DA8AE68451BF1D46637B8602937DFA0F10
:103100006134135A8A0063F57A052380BA01FD39C8
:10311000850A6388090A65F063E67A07A5461DA853
:1031200093762800930530038DBFDA8AE6842286E1
:103130005D55E3F7A4FF83C5040085041B048600E6
:10314000B395C500336ABA00E37AC5FA2126D5B72C
:10315000930640032320D90009459D46E3F59CDEF4
:10316000E3F386DEFD146134D5BFDA8AE68461BFFD
:10317000DA8AE68455B7937628001306600269BDA3
:10318000DA8AE684E3F9A4FFB3855B4133069D4008
:1031900063F3C5002E8693950902819163F3C50000
:1031A0002E86A685568542FC32F897000000E780FF
:1031B00000BC42766278BB89C940B294B29AE39D62
:1031C00009F403264901058AE30006E26198012417
:1031D000E3FB9C26E315042613741800014AE3154B
:1031E000042E930620022320D9000145BDB7DA8AB8
:1031F000E68429BD85456312B61413060012232602
:10320000C9021305F97F130600021303890423285A
:10321000C90295451305955E42FC1AF89700000017
:10322000E78060B8627842731306890DA1450503F3
:10323000A30FB3FEE31DC3FE13068914A5450503C2
:10324000A30FB3FEE31DC3FE130609169D45050338
:10325000A30FB3FEE31DC3FE13068916A1450503A4
:10326000A30FB3FEE31DC3FE03238901634E035E78
:10327000130600048145A808C2E41AF8970000006C
:10328000E78060B242738565938505DA931803027F
:1032900093D80802338FB80205661306068081456D
:1032A0009AE046FC13058F164A957AF897000000BD
:1032B000E78060AF427F1306004881451305FF7F1A
:1032C000130595164A9597000000E780C0AD832747
:1032D0008901427FE278139607027982130606027B
:1032E0004A968322C60006632668B305E9012E8547
:1032F000014F930E81056391E217768502ED930EDF
:1033000081099303410D01468142832F4500910EAF
:103310001105BB825F00BB8FCF001B961F0023A24D
:10332000CE00E394D3FF4165630AA6220546637786
:10333000562202909306300299BB81499395090267
:103340008191171600001306E6552E9603460600D7
:103350001B050600636CC4068545BB95C500FD359D
:10336000B3F54501335ACA00139609020192099C2C
:103370001723000013030397131526000A061A9655
:103380001042130505024A952D9E50C58529094610
:10339000E37636FB0965130585B8130600128145EF
:1033A0004A9542F897000000E780E09F4278814903
:1033B0000326490363E5C9044D46232AC9026DB5B6
:1033C000937628002D4689B9DA8AE6841396090295
:1033D0000192971500009385E54CB295E3F2A4FFA6
:1033E00003C60400850433168600336ACA0003C688
:1033F000050021241B050600E362C4FEB1BF094697
:10340000637E8602139509020191172600001306B8
:10341000E68B2A9603450600096693757A004A955D
:103420002A9675342304B6B8135A3A00852949B749
:10343000937628003946CDB6DA8AE6848945E3F9E1
:10344000A4FF03C604008504331686002124336AD2
:10345000CA00E3F685FE7DB7034685040505052F02
:103460000A067696832F0600852F2320F60161B584
:10347000DA8AE6847DBD03CE85041B030E00630754
:103480000E04930F810913162E007E96832F0600DB
:103490009B821F00232056009A82014693F31F004F
:1034A0001B161600FD3233E6C3009BDF1F00E397B7
:1034B00002FE63E466041B1E9E00854F33EECE01C0
:1034C0003B936F00930FF03F63FBCF00852E850584
:1034D000E313DFFB0946639FC714814931A2931FA1
:1034E000060293DF0F02BA9F860F938F0F16CA9FB3
:1034F0002394CF013B06C300F1B7937FF63FC69FED
:10350000860FCA9F039E8F1663160E002394AF1674
:103510002A8E79351B5696001B561600937F16008F
:103520003B0EFE41AD4F134EFEFF631AF3013A9E70
:10353000130E0E4B060E4A9E2314DE0141BF469E1B
:10354000060E4A9E856FF29F039E8F9663160E00AD
:103550002394AF962A8E79357D337DBF02131306EF
:10356000006D13530302B388C802814E7D55A946EE
:103570003307C302B1BF39466368860233069D40F4
:10358000854563CAC5101376FA3F1306F67F130606
:10359000166506064A96031386006343030A1B5604
:1035A000934069C66364C40C1376FA3F1306F67F32
:1035B0001306166506064A9603168600634D060E28
:1035C0001B5596401376F61FBD45B28D335AAA009F
:1035D000099C63C5C510939509028191CA950D6632
:1035E0002E962306B69385290326C902832509034F
:1035F000B19DE3E2B9F86398351B8D659385C5925B
:103600000216CA9501921305890442FC2EF897F020
:10361000FFFFE780C0750365C902C2750366090331
:10362000AA951305F97F1305955E97F0FFFFE780D4
:1036300000746278032689017D36232CC9002DB1E0
:10364000A94563F585020565130505253356BA00BE
:103650001343F3FF058A1A962A9606064A96031321
:103660008600E35303F48525E312B4FE63FEA40150
:1036700003C60400850433168600336ACA00212479
:103680003946E37286F00DB793762800414669B259
:10369000DA8AE684E1BF03C614009B05840089042E
:1036A0003316B60083C5E4FFB39585004D8E336AAB
:1036B000CA004124D5BD8568294593880825B3559E
:1036C000AA0085891346F6FF2E96469606064A9668
:1036D000031686000525E34406FEFDB5930506FFA7
:1036E00091E963990900C14D0290C5464DB2DA8A4D
:1036F000E684DDBF4136021601921717000013075A
:10370000E71A3297034C0700636284091B850DFF9B
:1037100002150191971500009385C519AA950546D4
:1037200003C305003B1686017D36337646010D65E1
:103730003B03C3001305C5921396090201924A95F3
:1037400032954146335A8A013B0484418145639B4B
:10375000CD001B86F9FF021601928D654A962E96C2
:103760008345C69213160302019242FC1AF897F0A1
:10377000FFFFE780406342736278BB896900ADB5A3
:1037800093762800494649B8DA8AE684E3FAA4FF2A
:1037900003C60400850433168600336ACA00212458
:1037A000A5B7DA8AE6840290D546D5B0B94563E379
:1037B0008508854563D1C50603C614009B058400B2
:1037C00089043316B60083C5E4FFB39585004D8E9A
:1037D000336ACA004124B9A8A94563F1850233566A
:1037E000BA00058A098E1306F64A06064A9603159C
:1037F0008600635105048525E313B4FE63F5A4092F
:1038000003C60400850433168600336ACA002124E7
:103810003946636186021376FA3F060613060616DA
:103820004A9603158600E34905FA1B56954079D65A
:10383000E366C4FC1376FA3F0606130606164A969C
:103840008319860063C909049BD5994093F9F91F30
:103850001306F00F335ABA000D9C6344360F63FC15
:103860007A0523803A01850A0D43054EF54E33064D
:103870009D40E35DC3F233865B416343CE0439462A
:10388000E37C86F245BF937628005D466FF0CFF863
:10389000DA8AE684A5B7A9453356BA00058A330605
:1038A00036411306F64A06064A9683198600852590
:1038B000E3C409FE71BFE14671B8DA8AE68445B710
:1038C00063E78E0203C6140083C504009104220638
:1038D0004D8E83C5E4FFC205D18D03C6F4FF620699
:1038E0004D8E33168600336ACA001B040402137619
:1038F000FA3F0606130606164A9603158600634726
:1039000005149B55954013760510AA89335ABA00C1
:103910000D9C05EA1376FA3F0606130606164A962C
:10392000031F860063430F149B559F402380AA000A
:1039300013760F10335ABA000D9C63080614850ADB
:10394000FA8993F9F91F13060010E38CC9869B8945
:10395000F9EF821993D909021717000013070735E9
:103960004E97034C07008609171600001306063011
:103970004E968319060063000C02636384130546A8
:103980003B1686017D36337646013B048441335A2B
:103990008A01BB89C90039466367860233069D40A8
:1039A000854563C4C5161376FA3F130606780606E6
:1039B0004A9603158600634005101B569540630028
:1039C0000612636EC4101377FA3F130707780607D1
:1039D0004A9703168700634A06149B559640137650
:1039E000F61F0216019217170000130727263297B9
:1039F000034C0700335ABA000D9C060697150000C9
:103A00009385C5202E96831D060063000C02636615
:103A1000841505463B1686017D36337646013B0408
:103A20008441335A8A01BB8DCD00E26713960D02A3
:103A30000192B387FA403EE063FFC712C267638C0E
:103A400007120290930650026FF06FE4A9453356B7
:103A5000BA00058A098E1306F64A06064A96031529
:103A600086008525E34505FE79BDA9453356BA0094
:103A7000058A3306E6411306F64A06064A96031FF0
:103A800086008525E3440FFE55B5A380EA01890A27
:103A9000F9BB9376280065466FF00FD8DA8AE68482
:103AA000E3F9A4FF03C60400850433168600336AD5
:103AB000CA002124D9B5A94563F385023356BA005B
:103AC000058A098E1306F67F1306063806064A96FF
:103AD00003158600E35905EE8525E311B4FE63FE68
:103AE000A40103C60400850433168600336ACA00A5
:103AF00021243946E37986EAF9B5937628006946A8
:103B00006FF08FD1DA8AE684D9BF03C714001B0691
:103B1000840089043317C70003C6E4FF3316860008
:103B2000518F336AEA00412479BDA9453357BA0061
:103B3000058B118F1307F77F1307073806074A977E
:103B4000031687008525E34306FE61BD93762800B2
:103B50006D466FF06FCCDA8AE684E3F9A4FF03C602
:103B60000400850433168600336ACA00212445B553
:103B7000DA8AE684F9B58267D6853386C740A267BC
:103B80007D8EE2673E9663F3CA00B2851395090203
:103B90000191AA9563E0BB06894563E43507E38597
:103BA00009CC034506002380AA006396B9000346AA
:103BB0001600A380CA00139609020192B29A6DB151
:103BC000930650036FF00FD9DA8AE684E3FA7AFF9E
:103BD000826713960D0201923386C740A267850A59
:103BE0007D8EE2673E968267034606008507A38FB7
:103BF000CAFE3EE04E86FD59E30806C69B09F6FF65
:103C0000F1B7034506008D0A0D06A38EAAFE0345F3
:103C1000E6FFF539238FAAFE0345F6FFA38FAAFE20
:103C2000ADBF93762800DA8AE6846FF08FB1E3FAAD
:103C3000ACFF93841C002124DA8A6FF02FD9FD1485
:103C400061346FF0EFD8630904D801A025C81D4680
:103C5000637E860222869375FA0F1B0486FF135A31
:103C60008A000326090185291B1686004D8E23280C
:103C7000C9000D46E37C36FD6FF0AFD69376280081
:103C8000130690026FF04FB9DA8AE684DD55E3F748
:103C9000A4FF03C60400850433168600336ACA00F5
:103CA0001B068400E3F985FA2124D5B79376280012
:103CB0001306A0026FF04FB6DA8AE684E3F8A4FF99
:103CC00083C50400850471BF81490144C5BFDA8AF8
:103CD000E6846FF00FD1DA8AE6846FF06FB0834527
:103CE0000700834817002107BB85D501BB88B800B2
:103CF000AD9F8345A7FFBB871701834EF7FFBB85A9
:103D000015018348B7FFAD9FBB88B8008345C7FF47
:103D1000BB871701BB8515018348D7FFAD9FBB88C3
:103D2000B8008345E7FFBB871701BB851501AD9F31
:103D3000BB8EBE00BB87D701B305C701E3E1D5FA4F
:103D400013D736000E073A9BDA88BA8563E8D502A6
:103D5000B385E64033B7E6007D176D8FB38ADA404E
:103D60008566BBFECE023A9B9386065BBBF7C70215
:103D70006FF04FA35A87330E63417DBF03CE080017
:103D800085058508BB0EDE01BB87D701C1B7C267B9
:103D90008549638207986FF0CFA3157156F562E9E4
:103DA00066E5AE8A2A8CB28C8145130600070808A6
:103DB000CAE15AF1368986EDA2E9A6E54EFD52F92F
:103DC0005EED82E882EC82F097F0FFFFE780A0FDD5
:103DD00003BB0A00FD57819333672B0163EAE70CAD
:103DE000C667666A867B89E797F7FFFF938787C870
:103DF00063160A0017FAFFFF130A2ACA2D66130674
:103E000006B185455E858297AA84715451C1AD691A
:103E100023200500AA9905478D6723A6E9B0AA9734
:103E2000021723B0E7B03D4723A4E7B023BC07AE99
:103E3000931709028193021B3EE0135B0B02354886
:103E40003C006287E2860A86E6855AE497F0FFFF27
:103E5000E78080F623A6A9B0026B2A846348050494
:103E60000DC1FD5723A6F9B06D54A6855E85029A53
:103E7000ED576316F4000129012B631B690175548A
:103E800001A883678100A6855E8523B0FA00029AA7
:103E9000EE6022854E64AE640E69EA794A7AAA7AA7
:103EA0000A7BEA6B4A6CAA6C2D618280755475BFDF
:103EB00079741304048FE9BF8D476304F50463C666
:103EC000A702054797C7DCE09387C77B630DE50032
:103ED000094797D7DCE09387E7816316E50097C72A
:103EE000DCE0938727733E858280114797D7DCE01B
:103EF00093874780E319E5FE97C7DCE093878763E4
:103F0000DDB797C7DCE09387E769F1BF797106F405
:103F100022F026EC97F0FFFFE780E0B9B7A7080092
:103F200037070837938707081CC7B72700200547BE
:103F300023ACE708B7273F0037770020938707F0C7
:103F40001CC7372500201307F047B787002023AE92
:103F5000E7C0714697C5DCE0938545311305052020
:103F600097100000E780A08B37250020714697C589
:103F7000DCE09385A52D1305452397100000E7800D
:103F8000008A372500201306000397C5DCE09385DF
:103F9000E5281305452597100000E7804088B717EE
:103FA00008003734002013040418938777907CC0EE
:103FB0003CC47CC03CC48567938707F05CDC97F009
:103FC000FFFFE780A0AD8567938707805CDC97F0F3
:103FD000FFFFE780A0AC8967938707805CDC97F0E0
:103FE000FFFFE780A0AB9167938707805CDCB94453
:103FF000171400001304C49997C7DCE083A7472D6A
:1040000063EBF40697C7DCE083E7872C8A07A29767
:104010009C43A2978287054797C7DCE023A4E7FE6D
:10402000B7870020938707C09306101094C3B7F694
:10403000800898C39386F62FD4C3B776F03793865B
:104040000677D4C794CB89669386860CD4CBB756B3
:1040500000F09386C60C94CFB70600FFD4D3B70602
:1040600014809386161094C7B707403E98C397C72D
:10407000DCE023AFE72497C7DCE083A7A7F8ADFF18
:1040800097C7DCE09387C71317C7DCE01307471314
:1040900097C6DCE09386C612639CE7320D47B707EC
:1040A000013E98C3B717003E98C3370700011307B6
:1040B0006703D8C31307005098C7370700011307D9
:1040C000071098CB3707004B13070730D8CB05678D
:1040D0001307070298CF23A6070023A2070223A4F1
:1040E000070213070006D8D7054798DB11670D07AD
:1040F00098D3B727003E1307501598C70D671307CD
:1041000007C3B706203E98CA13078020D8C323AA46
:10411000070023AC070023AE070002C41307700C8E
:10412000A247637AF72AB707000193877703B71688
:10413000003EDCC2B7070001FD173EC23706000291
:10414000D842718F630D072837070540B727002035
:10415000150723ACE70A0F00F00F02C603A7870B71
:1041600013770704630607281307400298C7B72789
:10417000003E0D47D8C797F0FFFFE780C093A270BD
:104180000274E26401454561828097C7DCE083A741
:10419000E713852717C7DCE0232AF712B78700202B
:1041A00083A707C293F70704E38707EC97C7DCE010
:1041B00023AE0710894717C7DCE0232BF71065BD36
:1041C00097C7DCE083A78710394785276367F70027
:1041D00017C7DCE0232CF70E79BD97C7DCE023A7D7
:1041E000070E8D47C9BFB737002023A00710370738
:1041F000103E85471CC3370750361CC3370751365E
:104200001CC39306F04737870020232ED7C09306A0
:10421000F007232ED7C03707803E1CC3232007009A
:10422000914751BFB787002083A707C21397170391
:104230009547E34207F881B537870020832707C2F7
:10424000B7060040D58F2320F7C23707803E5C4376
:104250009166D58F5CC39947B9BF85473707203E24
:104260001CC33707083E1CC397C7DCE023A0070622
:104270009D4791B7B787002083A787C093F70708AA
:10428000E38B07DEA14705BFB787002083A747C19F
:1042900013978702A547E34007F2F1BB414597F02A
:1042A000FFFFE7802083454597F0FFFFE78080828E
:1042B000B707112094470567130707C0D98E94C725
:1042C000B72711209447558F98C7A947EDB5B787F1
:1042D000002003A747C183A687C263D5060205470E
:1042E00097C6DCE023A2E6FE370700DB23A2E7C285
:1042F0003777F0B71307077723A6E7C023A8E7C0EF
:10430000AD4755BD1B5707011377F707B14663EE5D
:10431000E600094797C6DCE023A8E6FA370700DB8A
:1043200023A2E7C23777B0B7F1B70D4797C6DCE0F5
:1043300023ACE6F8370700FF23A2E7C23777D0B7F0
:1043400055BF9967378700209387F707232EF7C05B
:104350009307F007232EF7C017C7DCE00327C7F643
:104360008547631CF70497C7DCE023A107F6B14734
:1043700099B597C7DCE083A767F5056779178527A7
:10438000E378F7E497C7DCE023A207F4B54725B547
:10439000B7870020938707C09857370700FFD8D307
:1043A0003777D0B713070777D8C798CB19671307A4
:1043B000F707D8CF1307F007D8CFB947EDBB97C79A
:1043C000DCE023A107C445B91043110790C391074E
:1043D000E3ECD7FEE1B1A24785273EC491B3124773
:1043E00009C712477D373AC2A1BB3EC2029089BBC2
:1043F000324705273AC69DB397C7DCE09387872FDE
:104400006311F514B70700201CE197C7DCE083C7F0
:1044100067EBF99B17C7DCE02306F7EA1C612382F0
:1044200007001C612384070018618347870093E716
:1044300027002304F70018618347870093E74700AC
:104440002304F70018618347870093E717002304CC
:10445000F70018618347070193F7F70E2308F70069
:1044600018618347070193F7F70D2308F7001861D8
:104470008347470393F7D70F230AF702186183474F
:10448000470393F7E70F230AF7021861834787036F
:1044900093F7D70F230CF70218618347070393F7AD
:1044A000F70D2308F70218618347070393F7F70B0B
:1044B0002308F70218618347070393F7F7072308D8
:1044C000F70218618347870393F7770F230CF702EE
:1044D0001C6137978647130707C0238207041C61B6
:1044E000238407041C6123860704939705028193A4
:1044F0003357F7020CC5C1679B56770063F1F61678
:10450000854703380500B68863E0D71C8347C80099
:1045100093E707F82306F8001C61238207001C615B
:104520002380D70018618347C70093F7F707230656
:10453000F70018618347070393F7F7072308F7028B
:1045400005A297C7DCE09387E713631BF500B70765
:1045500010201CE197C7DCE083C7C7D6F59B5DBD83
:1045600097C7DCE09387070B631BF500B727102084
:104570001CE197C7DCE083C7E7D4ED9B61BD97C71B
:10458000DCE093872702631BF500B74710201CE18E
:1045900097C7DCE083C707D3DD9BADBD97C7DCE0E1
:1045A000938747F9631BF500B76710201CE197C795
:1045B000DCE083C727D1BD9BB1BD97C7DCE0938703
:1045C00067F0631CF500B70700281CE197C7DCE023
:1045D00083C747CF93E7170035BD97C7DCE09387C4
:1045E00067E7631CF500B70710281CE197C7DCE0FC
:1045F00083C747CD93E7270031BD97C7DCE093879A
:1046000067DE631CF500B72710281CE197C7DCE0C4
:1046100083C747CB93E74700F5BB97C7DCE0938799
:1046200067D5631CF500B74710281CE197C7DCE08D
:1046300083C747C993E78700F1BB97C7DCE093873F
:1046400067CC631CF5003767102898E397C7DCE058
:1046500083C747C793E7070175BB0290C1B30290B8
:104660001C612386C70018610CC52306C5002338CA
:104670000500233C050023300502233405022338BE
:104680000502233C050223300504233405042338A6
:104690000504233C050423300506A30605008347D3
:1046A000070393F7770F2308F7021861834747033F
:1046B00093F7B70F230AF70218618347870393F72D
:1046C000E70F230CF70282801B9366009B571700AD
:1046D000BB8767409B9676001B931700959F834688
:1046E000C800B99F3D8393E606F82306D8001461FD
:1046F000BB8767402382E60018612300170114611D
:1047000003C7C6001377F7072386E600146103C7C3
:104710000603136707F82388E6021307F00F637395
:10472000F70002901861230EF7021DBF91C503C761
:104730000500814701E782800290828003380500EE
:10474000834648010346D500558EA306C50093F65F
:104750000602FDD69B860701106185272300E6002F
:104760001397070201932E970347070001C7E395AC
:10477000F6FEE9B782801C6103C747018347D50075
:10478000D98FA306F500137507068280000000008C
:104790002A83B682054323A06200014323A262005C
:1047A000328323B462002A8323B862002E8323BCA1
:1047B00062001B03F00F620323A262000D4323A0DB
:1047C00062000F00F00F8280AA8203A3020013731D
:1047D0002300E31C03FE23A0020082802A83AE8311
:1047E00011C6230073007D16050365FE82802A83AF
:1047F00009CA83830500230073007D160503850520
:104800006DFA82802A8309CA8393050023107300FE
:104810007916090389056DFA82802A8309CA83A360
:104820000500232073007116110391056DFA828033
:104830002A8309CA83B3050023307300611621035C
:10484000A1056DFA82802A83AE832A8E233003006D
:10485000833E030013030304E34A73FE370301029C
:104860002330C321130E0E04E34C7EFE82802A8384
:10487000F32340F1854EB39E7E00B3FE6E00638746
:104880000E00F96273A00230638203008280F96235
:1048900073B00230828013000000000000000000AE
:1048A00005050400000000000203070000000000EE
:1048B00003030B00BCE5FFFF16E6FFFF18E7FFFF51
:1048C0006AE7FFFF22F4FFFF70E7FFFFEEE7FFFF5D
:1048D0001CE8FFFF22F4FFFFBCE8FFFF3AE9FFFFFF
:1048E00014EBFFFF22F4FFFF22F4FFFF84EBFFFF36
:1048F00022F4FFFFDCEDFFFF3AEEFFFFD4EEFFFFF7
:1049000022F4FFFF22F4FFFFEEEEFFFF22F4FFFF91
:10491000DCEFFFFF06F0FFFFE8F1FFFF50F2FFFFC3
:10492000A2F2FFFF22F4FFFF22F4FFFF22F4FFFFB9
:1049300022F4FFFF7AF3FFFF22F4FFFF1AF4FFFFD8
:10494000BCEBFFFF1CE7FFFFBCF2FFFFCCE8FFFF63
:104950003CE8FFFF22F4FFFFD4F3FFFF04F4FFFF66
:1049600022F4FFFF22F4FFFF22F4FFFF22F4FFFFF7
:1049700022F4FFFF22F4FFFF22F4FFFF22F4FFFFE7
:1049800076E8FFFFB6E8FFFF14F3FFFF8AF6FFFFAC
:10499000FEF7FFFF34F8FFFF5AF8FFFF98F8FFFF1C
:1049A000ACF8FFFFCEF8FFFFE8F8FFFFFCF8FFFFD1
:1049B00010F9FFFF42F9FFFFB6F9FFFFE6F9FFFF2D
:1049C00004FAFFFF32FAFFFF0000000000000000C1
:1049D00001000000200000000100000000000000B5
:1049E0000200000040000000020000000000000083
:1049F0000400000080000000030000000000000030
:104A00000800000000010000040000000000000099
:104A1000100000000002000005000000000000007F
:104A20002000000000000000060000000000000060
:104A3000400000000000000007000000000000002F
:104A400080000000000000000800000000000000DE
:104A5000000100000000000009000000000000004C
:104A600000020000000000000A000000000000003A
:104A700000040000000400000B0000000000000023
:104A800000080000000800000C000000000000000A
:104A900000100000001000000D00000000000000E9
:104AA00000200000002000000E00000000000000B8
:104AB00000400000004000000F0000000000000067
:104AC00000800000008000001000000000000000D6
:104AD00000000100020000001100000000000000C2
:104AE00000000200040000001200000000000000AE
:104AF000000004001000000013000000000000008F
:104B00000000080000001000140000000000000079
:104B10000000100000002000150000000000000050
:104B2000000020000000400016000000000000000F
:104B3000000040000000040017000000000000001A
:104B400000008000000000001800000000000000CD
:104B5000000000010000001019000000000000002B
:104B600000000002000001001A0000000000000028
:104B700000000004000008001B000000000000000E
:104B800000000008000000101C00000000000000F1
:104B900000000040080000001D00000000000000B0
:104BA00000000040080000001E000000000000009F
:104BB00000000040080000001F000000000000008E
:104BC0000000008000000020200000000100000024
:104BD00001000000000000012100000001000000B1
:104BE000020000000000000222000000010000009E
:104BF0000400000000000004230000000100000089
:104C0000080000000000000801000200030004008A
:104C10000500070009000D001100190021003100F6
:104C2000410061008100C100010181010102010315
:104C3000010401060108010C0110011801200130D6
:104C400001400160000000000000000001010202BC
:104C500003030404050506060707080809090A0AEC
:104C60000B0B0C0C0D0D00000300040005000600EA
:104C70000700080009000A000B000D000F001100DA
:104C8000130017001B001F0023002B0033003B0004
:104C900043005300630073008300A300C300E300DC
:104CA0000201000000000000000000000000000001
:104CB00001010101020202020303030304040404CC
:104CC000050505050000000010111200080709067F
:104CD0000A050B040C030D020E010F00000000007A
:104CE00001010000010000000400000000000000BD
:104CF000000001C0BEEEFFC000400208000000003E
:104D0000040000001400000003000000474E55009E
:104D100061CC6FC9CFE2350E289182094DAD1F12CB
:104D2000AE269053000000000000000000000000CC
:104D30000000000000000000000000000000000073
:104D40000100000000000000004001080000000019
:104D50000000000000000000000000000000000053
:104D60000000000000000000000000000000000043
:104D70000000000000000000000000000000000033
:104D80001B5B324A1B5B481B5B306D0D0A4853535B
:104D90003A206465636F6D7072657373696E672026
:104DA00066726F6D20654E564D20746F204C322018
:104DB00053637261746368202E2E2E2000005061B0
:104DC000737365640D0A004661696C65640D0A00C1
:104DD000004853533A20654E564D20696D61676512
:104DE000206F726967696E616C496D6167654C65BA
:104DF0006E2065786365656473204C32207363723E
:104E000061746368706164202D2068616C74696EE0
:104E1000670D0A00004853533A206465636F6D7054
:104E200072657373696F6E206661696C6564202DAD
:104E30002068616C74696E670D0A00000000000054
:104E40000000000000000000000000000000000062
:104E50000000000000000000000000000000000052
:104E60000000000000000000000000000000000042
:104E70000000000000000000000000000000000032
:104E80000000000000000000000000000000000022
:104E9000000000000000000029082908290829084E
:104EA0002908290829082908290829082900290882
:104EB000290829082908290829082908290829086A
:104EC0002908290829082900290829082908290862
:104ED0002908290829082908290839083909290829
:104EE000290829080000000010000000111111110C
:104EF0008BB8BB005B555555353366772222223778
:104F000000000000000000000000000000000000A1
:00000001FF
