:020000042022B8
:100000006F000010D080010000012220000122209A
:100010000001222000012220000122200000000017
:1000200000000000000000000000000000000000D0
:1000300000000000000000000000000000000000C0
:1000400000000000000000000000000000000000B0
:1000500000000000000000000000000000000000A0
:100060000000000000000000000000000000000090
:100070000000000000000000000000000000000080
:100080000000000000000000000000000000000070
:100090000000000000000000000000000000000060
:1000A0000000000000000000000000000000000050
:1000B0000000000000000000000000000000000040
:1000C0000000000000000000000000000000000030
:1000D000FFFFFFFF424F4F54204D4F44452031203A
:1000E00044554D4D5920534249430000FFFFFFFF47
:1000F0000000000000000000000000000000000000
:10010000970200009382822E7390523081400F102C
:100110000000814101410142814201438143014488
:10012000814481460147814701488148014981490D
:10013000014A814A014B814B014C814C014D814D5B
:10014000014E814E014F814F735000340145970598
:10015000DEE09385250C88E1174CDEDF130C8CEA7A
:10016000732540F11702DEE71302C2E91302F2031E
:10017000137202FC85453306AC0232921741DEDF72
:10018000130141E81291731040307310403401C9DB
:100190009705DEE09385050888617DD911A4970055
:1001A0000000E780603397000000E780C03105451C
:1001B00097000000E780003497600100E78020D0BE
:1001C00097000000E780602E97000000E780A024E1
:1001D00097600100E780E0C797700100E780A0FD0D
:1001E0001705DEE013050551F1659B8505200D46D9
:1001F0001705DEE01305054997700100E780E04A26
:100200001705DEE01305054197700100E780E0491E
:100210001705DEE01305053997700100E780E04817
:100220001705DEE01305053197700100E780E04710
:100230001705DEE01305054C97700100E780E046E6
:100240001B05000097700100E780A0F19705DEE034
:10025000938545EB97700100E780607817050000F3
:100260001305452C4C410946638DC5061B0500004E
:1002700097700100E780E0EE9705DEE09385F5ECEE
:1002800097700100E780A0751B05000097700100C2
:10029000E78020ED9705DEE0938515F0977001006B
:1002A000E780E073D5B71B05000097700100E78079
:1002B00040EB9705DEE0938555E997700100E780F4
:1002C000007201A01B05000097700100E78060E943
:1002D0009705DEE0938575E797700100E780207051
:1002E00001A0147110652A9608759702E6E99382B9
:1002F00062D11703DEE91303E3D0B3826240E3E483
:10030000A2FA9705DEE09385E5EF88E11705DEE9BF
:10031000130545CF97700100E780C0D245F509A0CD
:1003200097600100E780C0A88545630AB5021705FC
:10033000DEE01305253C9705DEE0938515E1977017
:100340000100E780C0691705DEE01305A53A977044
:100350000100E780606D1375050475D501A01B05CC
:10036000000097700100E780C0DF9705DEE093850D
:1003700045DD97700100E78080661B0500009770DF
:100380000100E78000DE97700100E780E0691375E7
:10039000050465D505459705DEE09385A5E788E169
:1003A0000F100000010001009700DEE9E78080C522
:1003B0001705DEE9130505C57310153473104030B9
:1003C000732500301375F5F7F9759B85F57F6D8DF5
:1003D00089659B8505804D8D73100530732540F12F
:1003E000814573002030010001A0130000000000CF
:1003F0006306B500233005002105DDBF82806389D7
:10040000A5006387C500146194E12105A105D5BF4E
:100410008280411106E4178501001305A5BE9705EA
:10042000DEE0938525BE1706DEE01306A6BE970024
:100430000000E78000FD178501001305A5C09705A2
:10044000DEE0938525CC1706DEE01306A6E49700D0
:100450000000E78000FB1705DEE01305A5E6970521
:10046000DEE0938525E897000000E780A0F81705F7
:10047000DEE0130525E99705DEE09385A56EA26011
:100480004101170300006700E3F68147630CF600A3
:100490003387F500834607003307F50085072300FF
:1004A000D700EDB78280611106C097600100E78038
:1004B000A0A082402101AA871707DEE9130787B4AD
:1004C00015A01707DEE71307E7B39707FCE7938745
:1004D00067B309A81707DEE01307C7B29727DEE066
:1004E000938747B2233007002107E34DF7FE828050
:1004F0004605B707000A3E956301F50294639387AA
:100500000704E39DA7FEB707000AB706010223B060
:10051000F62093870704E39CA7FE82801300000067
:1005200055838BC002000000700000000000000036
:10053000194260D387272F686839A2520000000053
:10054000755701000000000080AC020000000000B0
:10055000000000000000000000000000000000009B
:10056000000000000000000000000000000000008B
:10057000000000000000000000000000000000007B
:10058000000000000000000000000000000000006B
:1005900078DAACBD7D5C54D5D638BECF99397318A6
:1005A000F2051C617CC1428617A5E29AA8A4960FA9
:1005B0002833A354DEF28694590F7604D4B234441F
:1005C000B3F2060C67C6414D71C083828518A054F2
:1005D000DE92747CC9C01798D434EB8694BD5C64F9
:1005E00080D144C302464DF4BBF6CBA0DEE79FDFCB
:1005F0001F3F3F1FD79EBDCF7E597BEDB5D75E7B9A
:10060000EFB5360A42C8918D9002A1273B3B442F9B
:10061000F24827DAC65B5E1105FD93A847D7EFC9FC
:100620005B9911F157F563D548C7E72ED6F17FA83E
:10063000746FF0376563ACE6635E7A3E4B3B76A33E
:100640003E01F27187FF1A54A07F194AF36147E512
:1006500069DCB4CC80F831F07F1C4D6B392C67D449
:10066000D8AAF8291B3303F871B8C6FEF57A1141F0
:100670005B2E81B65DA6CA7C1A0D1969CA0C304181
:1006800039CD98DF97048ECB444F0774D7B27CC125
:10069000345F280779C668C6BC9E1A3820332065A7
:1006A000CC9F514F8F7187786FE566EBE03B2DC192
:1006B000A1CC41FC38C3B859EA3FC3D018C777BBB7
:1006C00091E38FB1C871642C926C3CAAE139A4E328
:1006D00072AF8C2EA3BF72AE045FB08CCD5507777E
:1006E000E1527F86058C0B6EC1E582DBF9DF34AD0C
:1006F000033A06750EBB76FFCDF2E6CAD6EA0BBB0F
:100700003A7677EEED3A70EDCB9B53CF9BDA922E93
:10071000CEBC3CEBEAECEE39D75FEA6D39DFDEF6B2
:10072000DBC52B97FFB8DAD37DE3FAADDECC88D0FA
:10073000715C8464169092CD01DE48D65E8C1538CB
:10074000F467041AA774929EF496A7B6CCE3DF98D8
:100750009AD992A9995F39DF94D69EA6595EB9DCE1
:10076000B4A27D85FF82EA05490B7F5BE8FF56F561
:100770005B496FFFF6F6805777BD3A73F195C50375
:10078000FEB9EB9F33DFBDF2EEC69733370C1AB7D5
:100790001B203FA6FC8DA9F33251E818DCFF810134
:1007A00008E5247009DCD49CA9DCB49C695C624E29
:1007B000628E8933E798B9E939D3B9193933B8A4C6
:1007C0009C24EE899C27B827739EE49ECA798A9B55
:1007D000993393FB7BCEDF81FAE372B329FD24CDFD
:1007E0001E641823A091C22FB5B9D992BD02E85654
:1007F0008F06CF2B3C3F52D82634425A42A0A655F2
:100800006F8491158CFB14081D72BD536F82B8C69E
:10081000F4251D27D4CBBE7FC9BE1FD2A793EFDB23
:10082000D8F7BFF47BC8F732650FF9EE627C708DA4
:10083000A6D73728E3D5906E9C569E9AC0E95508F6
:100840006520778F1285BC0E9B58A48710F8B45092
:100850007ACF83944848B33638A4D54D2860DA86D9
:10086000A30562A0E8EE68028ED06B80733491DF3E
:100870000107DDD28955DF4AEA765E11FD6E396CDB
:100880009E33DA1D900A7598CFD03A5DEB0D634424
:100890003452743FE5E325F68FF7FD08A0C1720CD2
:1008A000B2E7F2FEFF959E8D43E0273CA3F402AF32
:1008B0006B74714E7D68E894224B4A5A4042C64A96
:1008C000FDF5F5065D77406EF6FFFDDAA0AF7738EF
:1008D0003C7AC4BE07C3777D3B7F3D57F79CA87227
:1008E00058357C1CE4CC314F504AAC22925A342A01
:1008F000C78A86DB3A45E4F920CEB132E740914E13
:1009000010489E6845FACD85A0864D5168D7A6C28D
:10091000A9B238F8E855A7A5414072942C18501395
:10092000AA77FE57EB51C650D2725877686EB63030
:100930005D0AD4F4E702351D6117225B753D11286D
:10094000F008BF4157ACE175B3BFE29C83018B88CF
:10095000C84D86F0BDA1BAC1026F37721BA4614EAB
:10096000B54E9F8822154B724680B040E73724BBB6
:10097000A64DE00C3A67004E99F7A6E077775CBB8E
:10098000E04EDC10D913BACD35757E4B6AF9FC09FF
:10099000B2308F8EB1D4C3F8E30AAB372523A077EA
:1009A000B9C3DAF36EF77A4A236F004EBBBEBC3789
:1009B000F84E4A4BEAD4F9E5F38579B9D9F7D2175D
:1009C00078057A393761A3C6D1A319F8CB7BCF1E3E
:1009D0009E9B50521484860747A25FD63D09B117EB
:1009E000DF7B1AA0C323A6CE3D3CA41EFFB2A1B953
:1009F00087E9285CCFF551BFE4B948746704825594
:100A00007C101E839539B97A1FED731CD1F4EBE588
:100A1000061801D52811D151E04619CA349C2CFE84
:100A2000E85419455463ED46B268C8AE44DFD6EACF
:100A3000E354489562BEA24068385045C36A270D0A
:100A400077887DE1019BF4671BDA65C3F90D31DE20
:100A50000E9C6EA9122F059A2505B8BF8A4786ED10
:100A6000E23BB9D9DD254124C56ED6E3B4D1DEB76A
:100A700072B377D902CFF31B48C989553F9070B440
:100A8000978651625F98F38D3201EA3C6B6D9C60F2
:100A9000932E35F13866D8D97EB65A263846D9BE57
:100AA00027DF2B4DFFD643A832557EA71F0F618449
:100AB000FC2D9B973F939A42BDDF5F7712AC3F10AE
:100AC000BF22E15AF1AB7566F26D94F7AB02FAEB17
:100AD00041EFAF985EE4BB4DFCCA62D6237D059E14
:100AE000F115AF6F331658E4350E971E110C3EEC1E
:100AF0006960343847C2752CFC98859F8A3F3B4417
:100B0000A42679DFEFF9014B2CFADD79CE208AC8D3
:100B1000305444C02988F108A2B8AA2EBEB8747611
:100B2000C74BADD6D6F2E6C89B49D76676CDEA9CD0
:100B300073C1E1ED46D5F9BBD66C3D8AE969717A9E
:100B4000D28A5748C3C46195A99AF92DCBA6AE2C79
:100B50005FC9BFD5B268EA2BE5AFCC031ED30D0346
:100B60000E9BE3CF3BF449286E7868E83945F5637E
:100B70004680324E851C79895FE8560E45D260ADBD
:100B8000C6A15F842A95E2177E7E4192BCC13A8855
:100B9000452A212F3CF982EA39919B2C3BE3ABADEE
:100BA00052E60E74C43ACC3F564EE406FFC71023FB
:100BB000F0AA47655E337FC853CF1A55A60A5499E9
:100BC0007A6FDB7E09B9413905478AE6F9E64ABD05
:100BD0006E30D45A68317D882C3FDA020418FF76D3
:100BE000BFE7122D6733021CB094E738749B4CAA00
:100BF0008DA2F4B4460338569943579618CA3DA1BE
:100C00007486353B2D19C750BF651B453C4BCE291B
:100C1000A5E6751FCCFD415AAF45B9FA1CC79745EB
:100C200033ADB3652693BF99FBDC415B1C37F707F7
:100C30005F4AFC6E37A7FD4336BB03AE5FB9BE8784
:100C4000CCB21243E4646E12FB8E0E68677C5B2BA1
:100C5000E568794B46A2AADFB299D62F8B58AB270D
:100C6000E63E678819A7A2F5511A15FE5D6B964AF4
:100C7000DAF9AFFF2E98BE7FA1F80569433D2F5DDD
:100C80006F47AA9D2E95A549E462275E47CF3BDDBD
:100C9000B9EDD7F80DDC8C3DB5EE75ED3DEE8EF679
:100CA0005BA76A7FF85FFCDDDDEDE9F9C5C96F5828
:100CB0007AC8A1C0A89CADE2301F386CB6ED9AF995
:100CC0007B953B549CFACA99177E9567CBE5AFB4E8
:100CD0002C9A378FB7613EB4989DC0215168BBE014
:100CE00045B454D4FB3F4C2B760D35FF7034379B05
:100CF000A6885B8B698CF0465462E9EBEB8EE215BB
:100D000030C60A3384F06EDBB45CA53C958B581575
:100D1000A41B1F8412B8DC6CCE083204B8531ADC52
:100D200083F80DB9D9B239DA26BDDFAD7104097C7B
:100D30004E01964DBA62239A526C491915E0F08A19
:100D4000F13B4FD2B6CC1FEB8AD21048E651F59C4E
:100D5000F4811F6F1925A8A4357EBC2A59E00E5EC8
:100D6000DBC14B45F8F7A800C1BEB8778BB04B5933
:100D7000BBE2A0BC37FEEB9F286E19934A331B8F52
:100D8000EE9627C9B9365233E6FDC06BB0AAFCD83F
:100D9000B67269582796DBDC86C80E877E3E62FCF9
:100DA0005AA0E94ABA50A97CFDF78AF36B5FF8ECC8
:100DB00094EA07913BD82DA8765E2C5EB15B8EB687
:100DC0006F7E1FCB619D28067CFF13C6FA80626987
:100DD000CA403AC5AC92A68B686C2BE38782F2348A
:100DE0008A81796CE98ACD2787A9CB0BF965679E43
:100DF0002B5FD2323F499EBAD0382FD756BE845F80
:100E0000D6329FFC06298D5719839E43B84E900316
:100E1000884A9A8CD2911E05648B658FF1FDADA72F
:100E20002C4D368E333ABC5ED1A0BF8A54B3CF333B
:100E30003DB5AC5295721E5139682BDDFF01912BE7
:100E40007FF36EB1402AF9FDB0774B4B2A5E0D70EF
:100E50002B8E15E391FC0D919307C5516C7E479540
:100E6000BE5B703457613269A477D336231D496362
:100E7000142E49E7D7B4CA68D6BFEC6E8A5F956373
:100E8000AB392C4D1AE2F5A7AD5715D2748F432A12
:100E9000F1F08C3FC268DD7D3DC32D4F114303CD82
:100EA00044527DD4FE9E4ECC561B367BD052A73387
:100EB000383454BAEA51EB3408521A1091AFB335B2
:100EC000EB467C5022C05AB2AC1D95081A44A4EDE2
:100ED000F88875785E5219EA5C4B65B9B8764A5164
:100EE0004E2DE9DB217118EB4DB47735709EC6B0FD
:100EF000B907512AF01BDA6A2955DB561FAFA798AC
:100F00009B6D87DDA4B5C8CAD509819C51D3AA744D
:100F1000DEBE0D3D7D93F6C86CA3B2D76365EB8D45
:100F200095D1F9416F1EEB73EE66B3A4F72299AE2B
:100F30003723BD83E92A916E61B4CAC51490FE823D
:100F400079DC14C5E932A210EE33D6E672B3479BC2
:100F50001B6BF551646DF9E73DB5C478072891B86E
:100F600016CDBBF4BBF99FA496EBF7D6826B68ABAA
:100F7000C573F0AED1FD42F4A72320FA97BECD464B
:100F800017EA308479DF2C4FED1B5FAD4F9B9456F1
:100F9000D3163296030683604449BBD6154A14EE35
:100FA000AF6BB9F4578F5A0F69AAF486E524679C92
:100FB0009855F4C15805A719C6B62F23DF669BDEE6
:100FC000986293327BD0581B2E67D8E57983841FB3
:100FD0008B6FD07ACCAF6FF3DCD160551718FFDD83
:100FE000A61892BC9F8A4B7C21C378B4F755D2A334
:100FF0001AF1968F8B1EAFA594E302C32E683AF8C0
:1010000056BEAEBF5D1FAE423A75F8C2FE870BCC2E
:1010100073BF22250E88377C3DADB84147B479E5D2
:10102000B66AB6773ACE68BE709B590AF6BE8CF3A4
:10103000A98C11D78AA0B46385A0910AC597087EB0
:101040002E6FCFC36669A177AABE8AC3733F395F8B
:101050003CA0944E3BA0E4DA680D514FDACDD27536
:101060004FBC2E250B498218BFCA2E050BC3487DE5
:10107000C9C63F879A4B5264D41BE7D824AA0E6F87
:1010800094D29AA6D07A6CFF7080B2EEAB4997D515
:101090003D50D20B8F91169BC44EA940A4BF9DB664
:1010A000CBA592942F4EF2977395E8D6BBE7912A81
:1010B000A5EAB214223EC71FF1CD21A5124A34F48D
:1010C0005CC21428324B053DBC9CC11F71D8563CF4
:1010D0003AC82CF5789E25F89A3DF1A4966C0F5AE3
:1010E000677697F674B0BA2ED8CDEE206FC75D251F
:1010F000AE7A66317C3C7613E8D82A478A4D25E5DE
:10110000373DDDDF04ABEB5AD7D3D2260F9159DB45
:101110006D4D086B9D787EB179DF52FA8AB45E8C92
:10112000C99771CF7295CD4E925E15D50C748D21F5
:10113000BD0D106268ED51E7A52DE243B45CD5AF5B
:10114000A51992457C481F81752A635C3EF47AB4E8
:1011500093C9F35FA04E598C66BC39DEDF0A5AB7DB
:101160003157B9BC87D69D714EDA248E22750F1285
:10117000A86C6BCAF8492A152359F91F49F9485632
:10118000FE117FEB56E37127F464701B9356E6263D
:10119000C89127862B30769646B989E66C8FF1B7D1
:1011A0006ECB99572BE9BBC3E897B6468722A81C9C
:1011B0008D408D7542281BA77F4359AB184ACB54ED
:1011C0003E08B53B19F5FE5D64C2729B70B39F7714
:1011D00014E51AD728B77F53CB3A9334AC09B965D5
:1011E000B185717BB437F291434BF5EE10B1D9BDA7
:1011F000456C2673A1AC2972E41E3A833222FA9B15
:10120000DDEF797EA5DC9A768AD659150EFAEF269F
:101210000FEFE6845F8B683D91DE3036FF4F944AD6
:1012200050FFCF0A50D452111196AB641D2C32B925
:101230004B9BCEB1EF5FA55D2DCDC0581B3E6EBF61
:10124000DF9D2D9ECB55161E64D47351DE105D3F7D
:10125000AE773BC41F087F9D353508E6BD3677491C
:10126000FB59DC924E8C1A31A9754ADDD61A36C765
:101270008717986829D751A9A4494D6B721DA1659C
:10128000D38F34AE77BF2F7EA735956844E41EEA2E
:10129000FA6E951D46406C43D28046E40E14BE3B68
:1012A00060C3A5619ED51A02BC6852ABDD9CEC24DC
:1012B00035BB6C0FD5C475A2534EC07E6BD3695A33
:1012C000AFF9905B114FB3DA06B94E93DA06406D71
:1012D0006223EF1E267C4D4B9A75258A1EFDB8FEB3
:1012E0004527C5427380CE849400F75B4DD7B23E4C
:1012F000A37555ED1BAED8B8E129B604E979D8B18C
:10130000C0886D11CB158B2B8A9BE7DC22B2BE0EF9
:101310003CA0F4B27175ED29F89DFEF27C2E9B86FF
:10132000E3FD8EA58907EDAD7FBBFFBA6FFAA490F0
:1013300053DC4D341CB20A79D0F9FDABEC59579906
:10134000ECF1831978D373938CB2CDE5C76F103E5F
:101350005B6577EBDA6ED27A6DFFD279BD035FFC05
:101360008948D7C84A21086668FB8D3E2C9F1579AD
:101370008CA54EC940618A41DB84368A71442B8139
:10138000D5214097217286024FC0F5BDBA1EEFC02D
:10139000611A86BF6AEC7FE5CC809C7ADEE0F004BF
:1013A00024EF5D651FDD4D659EA76ADB9FCF7CC97D
:1013B000685C55F417C3B717F0EDF2FCC1B0ABC8C9
:1013C000F9460009E2E9049C070B7B492FF2C49B14
:1013D0009F7DB9CA0EB26478F7E76C7E6FC7BD70A7
:1013E000ABC4CFEFA2EF3D988BF7607E38FD507015
:1013F000D67A8C3BEB873AA2D6017DD8C2FAE0E9D7
:1014000099F05F6532A00CEC8A7BB3D6435F10EE97
:101410000BEB975F846FACB6E0B2DB55DE3F567DD9
:1014200081F174D89AAE4E6995CDDB6A605C78D054
:101430005750BE3C0AD135A26E969B175A9FFF02A9
:10144000BEA8DD5B3D2D77BE843E8335EB117B0668
:101450009985A84947B23EA7E18F5FE0F10D346F4F
:10146000B779D065F2FB975A5C964864DCBACDB583
:1014700011F4A46F45CD66E009B207A5F3A320D708
:101480002C2D031EAF3B600B2333D07236F256C8AF
:101490000F43BAC80C7E58BCE50B6127FA67139A54
:1014A0004257D5ED9E5B4C16DC706F127750CCE244
:1014B00033133EDF6ACE35CEFD6AE401527B94D908
:1014C0002E9BA5002F0F3BE0381E6D47DE5B9C591D
:1014D000E787F81CD0BCE08CC9AAE915764478B639
:1014E0005EE9FB7E632BFD759FF706A6C9A4D50AAE
:1014F000C460DF7083E5BFF6C845AD512AA8501B14
:101500004235DC5EDB14194EC38A7AEED47FADAF70
:101510007CD73DE5BB126A61A782CFDCCC39A6AC93
:10152000DAAD266953232A70F31B861CC9AACD3174
:10153000A7D5628AC178A1C3E9DD78DC1D1ED06A17
:10154000C40043B508A9365F6A21A496406A3948A9
:101550005885C8DB37BFC8C83989B51EBCDB108CBD
:10156000581F10609F6149312290F901AA94082404
:101570000D1503E8098EC51C049CD33C505AEB8121
:10158000B073A094E751E798F19A354526AB96825F
:10159000713567164B43DE0D04DC4A257D21482159
:1015A00075EBD2D277ED27C7B6C634E72A61E9B921
:1015B00069ABC61BD087A09F851CC93E2F9B0F3BE4
:1015C000552969701662BC8DCB1B7681EE82C31DD6
:1015D0002C2C87106800FA4F0B092BC51699D0C820
:1015E00010E16DE935B2BCAFE2B50E74B17A32BA32
:1015F00095E231127EC8C2721696B170977884E96E
:101600005434AC6661310B650871BD9F8A0B48F894
:10161000B998CE74D9CE1CA0361EB502B36CD2E3F5
:101620006F61DE742A799ACED131880A245263B36D
:10163000278070DE7D4DC7605C02897C28F1C0BECA
:1016400009CE2F70B948EFCB325D65FCBD67C9BECE
:1016500031252A104E8D38C350EF9D5C066F2ACB82
:10166000257AEB68AE0CC805750DC7B960B758048C
:101670007C3A5E7E51A6F91FF4CED5FF79FB369CED
:10168000A0B47166A7B084D369EA06149974434084
:1016900056A44CE77629D0271EFA83365C12A2DCCA
:1016A000414DB760140EE3DD93D38578E087DB21ED
:1016B000DDB9D98F65A93C2252F478867BDE19000A
:1016C0009A9A602E760F444F0B30C6C1906AB5BE11
:1016D000BD217D202AF32F5E8461E96B18AE7D0366
:1016E000C3D8B8665433A10E65ADC7EBCCF5F59BF6
:1016F0004F161C673D98E82DC7756C232D92D9E7CE
:1017000014CB7099CD47ED240DE3A0C238648D58F9
:10171000EFD44F83D6E35AF6C25982F75DA90BEB9B
:1017200059388FBDAF34ECAB4B8A5FC1E5879E2C37
:101730007E9D84AED215B43EDAAB9004392AE4F033
:1017400036681DEF97BCB3703F75A047EA5678071F
:1017500096E8656EAAF8E3FAE12932979083F59D41
:101760001FD787092FAEE32280FBE18C5D05BC5EAD
:101770008225AD5EE47E5CAF328FC77A2DAC7EC32E
:1017800083644473395664A16F3D098161CD9AD653
:10179000E83CAA0FD7DD748A03CE805CBC220DED35
:1017A00056EB84448EED66FF12CC3FA6486F55F190
:1017B0003A218FA5A11B469C968AD312D93EB4EE3E
:1017C0005A9C88B27566CFED6AD80354A1F329E517
:1017D000A93CCC2E3C2FE3C43FFE066B4FE02F29E3
:1017E000EEE0B65B5086F7ED24DB525EEC3D5FBB6E
:1017F0002705F3E5CAA5911DD5792385A40B335B95
:1018000063EC9AAEB0CE59CDBBEDECA4E48FC962C7
:1018100004272DA8D294A45CE72A3C93FDE320F68C
:101820009B3A3A4F27FB3028EBCC314BAF19559000
:10183000C2F0CCFEFDB059EAACE20F6A2772F0ADFF
:101840007934FEC6DAAEBB0C2919E3397E30B721F4
:10185000A9B0C696877C7BF2F285FCA22932DE997C
:10186000E798BB9D13972675CEBA30A7597333EC12
:101870005A64D7CC8ED9ADE753C6E6871C093445E8
:10188000AF8961D8D575059DF24B60B4696F4C295D
:101890001166C009E00D34D25C2276DFAECE8BC972
:1018A000935EF3227C4AED48F17054FF3717F974C8
:1018B000FF8AC496255397F12B5B164E5D54BE8864
:1018C0007F25522E5F36125A174CE5F21CDFA9D342
:1018D0009585BFE0B115C22F7B276BC2134EF47DF7
:1018E0004197E77DDB3F7C69B121341FA5D5069A7E
:1018F0007CE9D9978C8D7E0925DAE3BEFBAC9FABE2
:10190000F327ABC7733AE109469DB25FB69ADD375C
:1019100052FED28D17B8E4C69AEBD791DBA2BD1167
:10192000186E74E291E402FB8B9A8E98861A6F1BF4
:10193000B2BB9626D3DD734EC412565FF31538F151
:101940000AEABE35D6F8CBFFB7FC97D6F5E59FB8C7
:1019500014D35273B33AAF7FE212BF4839869D2C3D
:10196000945D2C4F93B432AA30FF6194867723E9BB
:10197000A8801A933175CA97C5C898260566B75FBF
:10198000F7CDDEE46E27E596040173093EB5019EAE
:10199000C91B9BCF6872C6212EE1A5AE2A4DB45D4E
:1019A00027E7F9F8E374B57DB210CE0989D2959D89
:1019B000BC4E3EC6D2434F4543FA244E92706A1F36
:1019C0003F9FC4BCA5E67D277593B53B51ECB8702D
:1019D000AE7C49987C874F30970889DD4EBA138DCD
:1019E000EC9B4DF127A404E1AE59D4DC509D77D88F
:1019F000F87CB2D453C4DFC5FFF5D1D6C3C630DFFF
:101A000039E29FDCE57AB3247721A78802E77E7567
:101A1000E71CFF99E4C65ABAEA5589EB60DE2A9BB7
:101A2000389064E999FA1EE0244DBAD321A007F456
:101A3000451CDEE766C2D9C5D3E48EEDC1C2CC47F2
:101A4000B3F62A2197E0EE07CAAAE23CAAFE7D651A
:101A50002B5FA7652B3F720801A369D9B6D77D65B7
:101A6000E3A3C665E934D9834AA7F6C6E173961A9B
:101A70009B8B9FA284ACD87CD4B04BC3E766C36E6B
:101A8000637915EFABABFD357D3BAEABFD0587D084
:101A90002CD0BA22FAEACA0EABB671C6CD2E2AED08
:101AA00023AEEF16A714D13B33251E7F2FCBD04793
:101AB000E01DBADCAB64139A1C56BAA15659D84B38
:101AC0006B1216D374748CE613FE62F15ADFAABF50
:101AD0007269D2052C2D223B66B6EA37431EED8C87
:101AE0006E4B9C166D7533FC52695FDBCB1C42D983
:101AF0004886DF3C8A5DD990F02CD83D0FAAB667A6
:101B0000C7AF1A876541ACBA952F574ADFFDC4C5E8
:101B1000F07B91E1F727C3CFA99AA085D3232DE7C6
:101B200010D5C2944D8CEEF3E9D7B2FD347745273A
:101B30008B7FAE024C1C9A6C3EE475C3176A588FBB
:101B4000D53CCCFBD630E55129566C22BFEFC81DE1
:101B5000CC4D983261CDC047A4F5BAE4FE46259439
:101B60008C674FBF05B4ADB4545A77F36EDA56DBC9
:101B70004516FFC419854205F30F27B79A43EAB00B
:101B8000F4C5D4A1736D66C7AC0BB35B61C6E52722
:101B9000752A5D40953C752997C8198B6604269572
:101BA000260AE1079B6E20794DC137AAFD6A648938
:101BB000D2C27910C8D713D7F9EE92A24B86502D16
:101BC000128C87D5EE90C45E580F616D353CEE1DCA
:101BD00083D7433A337D920BCFCF9166B71DF6334F
:101BE000047794E4C33DFE374B84168559199FCD85
:101BF00063F85632FC7F61F16DCFD7DEE18B501375
:101C00001BEF9FD97897D1D232EB3DDACEBE9F63DE
:101C1000F1F77DFC909B3D6269F985CAD659D7E6FC
:101C200074BED461ED38D13CF3E6ECAE972FA4B787
:101C30002E6A56069373DE515C629CFF124EFF20A3
:101C4000D470DF25B3FC842E44CDEBE6F6835B8CA9
:101C5000AFD1778A6ABFC85BF6DB60B53D3E40BA5C
:101C60004F1CA45B61F79BF14DE92B3B5DA5A9924D
:101C7000234E60FD7BACAF7F3F3F5E1766558A0801
:101C8000DF3E37D37682F5D4F81CC52DBE98E26AC4
:101C9000FC86C51D4E11F41B680B6655263ED55DAE
:101CA000E10DF9B344ECBADDDF2CA579F9BE95C29C
:101CB00083578A8C9DBE9582B690364B302DAD15DC
:101CC0008C4A33A1DAE6725B60B36C1EBE0EF49EE2
:101CD0002DF03D7FD1D3DA63F457D2DFC7F6531E20
:101CE00002CD76ED436367955AAAFAA1D894EB48E2
:101CF0005833F21B95B31F57A3FC851C2EEF6D4183
:101D000034ECEB00F9D08F875BD931377946FF1877
:101D10005FEF524F5BF6AE458BAC6765367E4FB1D9
:101D2000F1CA67E37798C5E5F3FDDCF7975C377C8C
:101D30003A8E13C28BCCDBD4EEA0AEDFDA534D70FB
:101D40009FAF59D8B272EA5BE56FF16FB7BC32F55D
:101D5000D5F257F9C511C02D5AE3F8DAFEC688DA74
:101D60004063506DEF783853E1B94047A387C337DC
:101D7000AE9A8E58F51E342AF170A224162125152C
:101D800063D2EC083F76472A52CE4EEAC4BC8DD7C8
:101D900012FD45C04E6B7F4D81D061D7BE212426F8
:101DA000245922ECA8C4D67D3B577FDD027717EA81
:101DB0004A65B5591A68E460C52135A6DACBD3A2C5
:101DC000F302EB237DABE9B504AD3B7862AF6AA7C4
:101DD0005A757886C44F5425C934679D75E15ADD1C
:101DE000B2AE81DC57BE14B4C6B0639CAA05D683DC
:101DF0003BB300CF017CB7A0E98AECC06BD21DBD1C
:101E0000503551D644E78176681E08FA9FD720FDE9
:101E1000E1F1A394CED6FB285DE71CB3C037CB8598
:101E2000894A2B9EA779F3942504B3658CDF3F6222
:101E3000F1D7693FEDD2DAC424F9B09AE1DFE1DEEF
:101E4000BCF9962A42AB02BAF9F9E8969A6D18B530
:101E500099AFC052E11E5993245BC2B53EFDE052DA
:101E6000D6B7BDE372073B401AE66CA8C9EBE2D9CE
:101E70003EABAC12CE40F4AA6D6B361FDD6A5E55E8
:101E8000BBCEBCB896E9D757A80EBBF26429D16186
:101E9000AFBBE83A93B1F5CE6A38E3289649B04B28
:101EA000413E2D3D3C0BA4E1A090EED278DFDAD28A
:101EB000046B0BDC7CAAE0E647BDF524A549BC26F3
:101EC00088D124BBB24FEE45D39EA74A9412695BDA
:101ED00058FCA57E0B6095573189FE2968D075772F
:101EE000B884D5C7F9689CBDCD575F5B94AF3CAB58
:101EF000AF88C59FAF807EFAF80BF316E6B1D9AD77
:101F0000739AF1181E36EBB7406E7FFFF5AA07B53E
:101F100070977B9DC7141BAEFEEB365E3D6AC42EE8
:101F2000DE32C11F55E771A6BD4AF1BB9C6BC38A67
:101F300058D85338FCB207C50A83554A1B9EC1C600
:101F400044BD1B30501D3527CC9C50546A2C79CF92
:101F50000B360C0378CEA11B1285747E7EEAA46238
:101F600043F857DCC30DB1A25E3541514DD7AB7478
:101F70006FFAA9A5017E83747ED962EC6A5185E56A
:101F800030E8D49F4D550C61A2C6102E6A40762CC5
:101F90006B52D1352F3284AEC9951361CD1BCEFA69
:101FA0007B3FA550EA4E1D9879285178C71BF5FB59
:101FB0000165554AF1D1C3827B444D8F749F26D869
:101FC000A1CD1E54A31DA73ABDC9E20A2663226D06
:101FD000108329159B3B28A5EA7329A5EA4C2AE81A
:101FE000AB2572866AED029871C24CB61A1A87B197
:101FF000EFD3F54124FFBB2C3ECD3249AB960AFD11
:10200000D5AC3E4F201B95D0D56B17E827609B18A9
:10201000EB5AC6FF436999EC445A87FC368BFF8F15
:10202000320930CFF7CF07BA8B35E25F3C95E979BB
:10203000655F16DE7C5A5A9F21500A58F59402D6E5
:10204000071D42DD03BD8724F12FA47AD4C60FC932
:10205000720FBBD0A91A3543259827C35D4B2CDEE0
:10206000F1465FE475B8369B87A774AD2AC13B473C
:10207000437986B8CF0B7B748D618DA8B97A088FB0
:1020800074AC1A4678BC3F528D9EA1D2693A5591E4
:10209000323F54F7BC968F295425A955AAC979BC5B
:1020A0002A71B0EA7491524764E20E47CAB32830ED
:1020B0005B5E23AC367C3A5F307CFEAC60D8172E7A
:1020C00018CA1245437E97667B7E9EE6DE55947F56
:1020D00005CB1076E7F6030D8F36718149CDD4120A
:1020E0002534EBB039DA3EE43929C4EBAF8E87539F
:1020F000FE4298A954CFB98FF6387D08E883B3988B
:102100005EF21D1DF3D07C9DA056515A3767739720
:102110006909933F2D610A720863665D77FA3D078E
:10212000B651704AA33555CA4C7B8B197991AD07CE
:10213000A7E8380812933F51956C3D48D3D094E6F8
:10214000D134475B2A8B87FB3D472D5AF885708B2E
:10215000F80F0EF724CE6E36845E47747EE2742A42
:102160002F87E775DFC6FA1BD6E4F9C1789E711B8D
:10217000AAF37441E178E4D54945BBEC4A00C12299
:102180006BC47936BEB7D8F8F63A84334C83AD3F8A
:10219000CA66FBDB0E7D38BEAB569F0079EF1B3560
:1021A000BD15A4D304EB3F403754876DB29834AAD1
:1021B00021CB55A660956EB9463DF2F444D369D65D
:1021C000E7F807822E33FE3C045283B6FBD2DA05D1
:1021D00033D9AA9E7683F56F18EBEF332C1E54612A
:1021E0002EFD2F09FBB869B1536FC352517C926A1F
:1021F000762398566A7532FC7F77084B1E62F83B4F
:1022000019FEAF8712FDDB324A0DABD7B5DB444E6A
:102210005A5DFC814D96FA60D536FBE6F385FFDC0E
:1022200079026BE570FAB9CFC64B2A3FF5DCB9707D
:1022300097E0EE51C33D13EF686AE09476A2E7F7AA
:10224000EE55D69AA5EC7D3C5D05EFE8F252F035EF
:1022500026F9532FCC9D2B47CDFDD9A7316E861380
:1022600088C6DA3B5AB5DE8E756A6DFCDD3A75E5D7
:10227000474CBE9C07CE8961F2E5238A7DAAF468AB
:1022800056755EC0341D918B3DB7EFD2AAE1369CE6
:102290005F86EFC1A72EDC0D3B6C76F7D83C96E944
:1022A0007CA0115279F1189317C802BA7658FADA5D
:1022B00005130A872C63FA5F2BE33F95AF26261F91
:1022C00026427D99A4BE5ECC51187BCC51E159D1F8
:1022D00079980356C70FD776DFD6E9B520656345F1
:1022E0002FAFD8C87E6A2CE8562B722EE518D9EA93
:1022F0003178AB796159DFAABD0CD6EB9427F17A1E
:102300005D73D77A5DEAE38ABAC7EE5AAFFFC3F4CA
:102310008F7686DF75365FC6B078175BAF2F609D0E
:1023200024524ED0B21BC925EEE2D1B7573F9730A9
:1023300043F28BE09884160C3BC255FF77BD062D07
:10234000859E502F496B8C8B4370A7600E183C4DB7
:10235000361F54A2B8C6F547F4871D2147739C8FDA
:1023600065ADFE5F3ADBDCB31ECB928DABA7B1B996
:10237000F7FDC4A5F41483EA4CB35B95F78006BB64
:102380005E0BCD8C8CBFCA45EE96B9E99C592F9354
:10239000FDCBFFE854D97E817F0F9A29F12ECDC164
:1023A000A62BB03BD8F9CD2E9BB4CC857C9CE4B059
:1023B000DA1ECED7546FB2ECB00247B862C8EF7FD6
:1023C0005991647F4065F83098ABB166F0D8D292ED
:1023D000A55A062261943C0A5B91B98B2FDCAEB101
:1023E00065F0D50A9C736A85E9425441843BC47503
:1023F000FDCFF0F8ABD27D7EEA9CF0483B97A8CFAA
:1024000027EB6C9CC33FDBAF6886B4268F3F01EDA2
:1024100017A212F13AE3E414D5770A583DF8D9BF70
:10242000F904EFA229ED1A76F6FD2EAB17C2034789
:10243000BB75E37AFFEF4E05AE33F13DA5843597CA
:10244000752E7C1696638ECEC3D28F33D51B056353
:10245000DF5EF813F9AEDDD41DED2E3A0F4ED2A992
:102460003E7E64A42956EC42169388626D4E387FF6
:10247000839BA0DFDB87498B9B86C9A2DBE1BA1572
:102480009298902E595C6A650CE19F37FBF867487B
:102490003FF8C2F8A796AD6F8D8C9FFBB1F819CEAF
:1024A00048B90073C0D3890E317ED870D17443EA25
:1024B000061B0B5A5F665F7DBA2713D9FEF6102DF7
:1024C0005D76E6A95AF5743ED8009284DB582E73E7
:1024D000466509A1D21EF55792E5431E6C3AC650D7
:1024E00089E3AB237B60795AA46FFF72708F33E46A
:1024F00055C12481ECA1F9EA5EF5E543FDFBC11766
:1025000026B70EB2F97ABCC0F9D87CAD49CAEDCB7A
:10251000BFB02FBF7FBF57B5265FBD876B1F9B0E18
:10252000761E7E602DC0728666F872A68A0F916F45
:102530008C2E87DAF6BC335D4AEF61D42B9BCFE853
:10254000C3A470F6974C2EB01E671F66DFAFB1F8BC
:102550001716B37A9E6024D63F7E5DA9C987587B43
:10256000A97DEDA157EF6EEF6005CB815EF2E588A6
:10257000BFC5FAF905AD33FEE06787A834CF048EF6
:102580001598EC686ED4E9D5205DB064817B8F0E20
:1025900090CD2E113D7309F408B86B079BE2499961
:1025A0004F874E026B142DDE47E0154969E2B01EDD
:1025B000FD52B952FC4A668038B9F8F5CC00FDE40A
:1025C000E2CCCC80A8C9C52B3203E22617BF9D19E7
:1025D000609E5CFC2E58774FDE276506644CDE97C4
:1025E0009119B062F23EC86F9BBC0FF22B93F7417A
:1025F000FEAAC9FB20BF73F23EC8EF9ABC0FF237A8
:102600004DFE01F27B26FF00F9BD934BA5CC0DE2F8
:1026100024A28B97897E989BE95E79C452A3897224
:10262000B17C6014B276E07D33DE2FCFBA36BB8B3F
:10263000CDA127195DFEC5E8F9D14388C9FB5D4CE2
:102640005FAED6D793F84416DFD99B42EB347E3287
:102650001D4D39C2F4076F913146A6DC573783F31D
:10266000716C7074DE9FE1A82ECEEE50C11AB3E4F7
:1026700044A102AB8DC3BEB32930A928C9B16230D1
:10268000DAFF4D8E31C8A85D4D4B869A3626CE387E
:10269000E6C3C0B8838D4779249BF175AA81688C05
:1026A0008A5A9987FAC16905CC72C3246F383EAD46
:1026B000B877270AFB4E7C76E71BE101804714AA16
:1026C000737B946B16A716C94669FE0D5423DF88E9
:1026D0000F6233267B0A49170D9F5E4718E3138567
:1026E000EB9CBE56536FFA308A28A318856EEE4DC8
:1026F0009140BF3B6496BA14A69FA57FA03F4BCEE6
:10270000A140270F10FBF253EA74C26AC9C7DA5A14
:1027100079C54BF472E980B236B3F4F5ADEB60EDF8
:102720009A02947CA0A6B19B67747F9FE91B1B292A
:10273000DDD3C258BCE0F2A11CE3E1DA7BA53CE6A4
:10274000D06DC763D83CAF1B4367474503930FF970
:10275000E5696C7C4BD9F8AE63F3E7188BAFBE5BD1
:102760007672462C3BB970A199D5F760DFFCFE3A32
:10277000C7C8F0DBF262ED04FBD616A6E794D25E82
:102780006B46C3E9A0868DDB5676BA053257367D97
:1027900062ACCEDB6D9F941F6D855B4223D30492A8
:1027A00081B67464BE05694EF58A990E51F07B2E90
:1027B00041D228185F1E6E986FCD4D7017283D8648
:1027C00050B076A5F884B1FEED535249FFDE39C111
:1027D000B454A198A664BFCBFAB797C5DFFA133CEF
:1027E00030D6997322245BB7BF54EFD4C0BD697E45
:1027F000B7C68EA19F8F6EF12368A9881A5A2A74D2
:10280000858F6E72214D416FB1F5FE3316CFA2FD5B
:10281000D714B2FE83561EAF66FD77704E38C9DE00
:10282000D87D034E7A79D85FA0D165E457391CFC76
:102830003269820A1C9BB47CCEC624EB773250A04E
:102840008CF0F91492EB43115DAC25BF2A4574B8A6
:1028500076FCD2B08B49E77FED686FD55C8E6C3B20
:102860007DF3BB6B67BBCE75B65CF8ADF9B59BD19C
:10287000F6B15D135A0FACF9722DD31C72A3F3A4F9
:102880001982BA5A4E62BA4499CD21DAD1940B0E0C
:10289000F1389AD2E110B5BCB3FF803371FDFEF878
:1028A000DB946687388303ED69DD2F5774FD1E0ABC
:1028B0009CD299F094F4841A95F7956DCE969E1358
:1028C000D053CF4AB6FB0618CAD6A05FCAA6A6291F
:1028D000CDE44B8A63A8C03B7ED4F2E59B4F6C9657
:1028E000E4FBFAA92A6620F6ED1F86B28F10D441C8
:1028F000626529D16BA444C14F5561F77D7F263AAB
:10290000FF65564FEA3F0EAAAB91D4355F9C7C5FC2
:1029100049BC63D87D7C92EC38E7CFD3AFD9CF48A0
:10292000217B44C9E8AFE6B358FEA7A5373EE1795D
:10293000563AFBEFD28A6A7E3288BAEA7C29F323C0
:10294000742E3F77182EAD2B02395D905454BDA5DF
:10295000DA8665F42327619D2E4DB94D7AD64CEF6A
:10296000D3A3F3DC46E18FEABE9450D023B54E7773
:1029700091B62B674641997BB8DCEB7EDEFF269F44
:1029800036D93F3E81F564BA3BD5D8EB7E63D15F43
:10299000DFE5AFAC0DCBB07FE02EF6DC486E0C4B24
:1029A0002FCFA2BBC1BAB5CFF74A79FDE036772D5C
:1029B000FA2D35697EF57CFF85A6B72ADFD2BCDD0E
:1029C000FE8AE9D5CA57358B5B56CD94DB57F6277F
:1029D000BBA27710D6BE355DD5EC4EA1F93C9C1F4D
:1029E000D593DB2DDA5E024897B62A7EB7F93371AC
:1029F000EB1AF9E8F47846BFC7B7823D5A154A503A
:102A0000FBEE2AB0E6F088FA54AD344DE33F71692D
:102A100024D4F88880654452E7D8BC183B96127BD2
:102A2000EDA00DD29E3F169D4FEE3D283D27D78845
:102A30009BE3CB95C942358A75DAE07E74337280A8
:102A4000C577F27A4CC7477E972EDF504FB6ED44DC
:102A50005753A4576CFCE47C7BFC64FF6A446E51C2
:102A600068F9B8EE14B893E36A043B8AB53ECBF537
:102A70007F2F5698C8299F126E5E0137F0F7E865E0
:102A800053C81DCF55721B7835A5D189752D7C8E05
:102A9000A6E98ACE1BDBBA97D1017545DB475C0CF2
:102AA0004BC7F72805A5ACCF6322B6D25F2866FADC
:102AB000199D70CCD7FEDF7CE9D90F4D3F46F52834
:102AC00066830B14A6FB9BA40BB0A7B4E2B9DA3063
:102AD00097CED586B130575570CD8AE7F38BECB4DD
:102AE00077937AA1BD55C9C3677289CF072448FF80
:102AF000ABE1C7322998FA1348414456CBB7F97471
:102B0000D81793926D2F504990FA2838616039FD9B
:102B10003A8BC77265838DEE59676FEAD420F3D57F
:102B200056FEB1C5530AB90E8A83E6058A8335DAA3
:102B3000216C50EFA91D122FF57721FACDC4BE35B7
:102B40008C82531DB5EC74D6C33E65BF7CBB5FD68B
:102B500073099BCF1BC645A80C8F46A824D1A59608
:102B60009E1479694E138F6F1E6A344DFC5EA570FA
:102B70009AB4AE9DD5D3F03CADC714EE10B285919A
:102B8000B5A5AFE7B8A2C1C2814F0B59D0F72BC191
:102B9000F0A8A09E7B3864892FE5B1854356C9E231
:102BA00063177D277935B6A884C7DAA42C2F0AE9E4
:102BB0000D4978EC30DC4F6A0E1D9D9B303841CAC0
:102BC0006ED240CD7C8D752FFFE8E21A9B13F6A9DB
:102BD00013940D198333C6B64E60340BFD6A28A3D7
:102BE00059EA82DCF4B03EAAC9B398FC8CE8DBDF7A
:102BF00011EAC92FC0FE4E22FBBB07EEB69EFE6F48
:102C00000FA28880552B5661FFA240EC3FF454FD83
:102C1000AED5BF1CF6E9ECC234907E41E99A3E6F16
:102C20009E4D1ADEF16C03170796C739A376171A63
:102C30003E1C3CD26E94863879ACC9E99E757163AE
:102C40000B5529E10142FA33505F6B80A1B22B94FE
:102C5000623501EF5EFF8DAD150C5F84C9135AA775
:102C600036B353542FBFA03CDD50A91E79BE76AABF
:102C700055394324C7E70E5CDBF70CC7420BD44839
:102C80006DD1BB02EE68F6D0136F04DAE6C6BE362D
:102C9000391BB1DE02BBBB2F1C4A3AD888AABEAA98
:102CA00042A0850FFD8AB7B4BB10B6A5001F1EABAE
:102CB00026748232C45CB822E8831F7E2A7D41B22A
:102CC00078C0B65E598177B5AE24B07C3F996B531E
:102CD000EDB0A9CEBCA0DA6EE3C06E443559A3E1D5
:102CE000CEFC649FEEBE5FD76BD921AAA4C5C19C60
:102CF0001414AC3DF3F755C1F37ADC2ABF9BC47FB3
:102D0000E0F56B3768AB1B5E80523C786C6462AB5D
:102D10007DDDA674346953C89C27E7589ED3709311
:102D2000573BE3A7CAD29F7E9C49A65FFC7E1DEE5F
:102D30002720BFA9CE2160EB067D589A0B6B5EC0A1
:102D4000EE62D5D951489BBFF8D6164DACA60959AD
:102D50001EB5F243663E6BCA0D02CF199453D05094
:102D6000C4BC66DAF80D0B9DF8CE5BD1C0BEACA139
:102D7000FD53A2B98D76EE26E1C3AE5D247CBC8AFC
:102D8000A6FF4DBC27041BDC7FF506EFB239F60623
:102D900023BB71F726E97E27D26BB045B2F5E3DDA0
:102DA00056E965D86368B06D4DCFAE1165EB8CD236
:102DB00003BEAFA68F0E6ACEF2EE96A65B386E8883
:102DC0003CFBF1D032B7CA754BEF075F475DF8881F
:102DD000E05259B983E436697654CB8291E17B0E97
:102DE000EC9E80D6E0E733565B4FD3B67761DF8643
:102DF00075343DDC3B668F91E90CDBD9F73FC8E8C1
:102E000054796202CDEE54EF04BD8BD801F7A3F6DE
:102E1000C4581A1D50A83C02CBE215D886CBF61038
:102E2000D8D1857807F482B56D37F665D243CD5198
:102E3000DEF799CC3B7AEA13DA7B570ED9CDBABCD0
:102E400039A3139560C8B3ADBD54E9E1B1EDEABB58
:102E5000712953E1242665BCF4417B30496B58FE4F
:102E60002EA9DD1C150ED6C8C17A2FFE6DFEE721F6
:102E7000D3AA386C5D225D6A1F8CDB019A16071E8F
:102E80008571173B79693EDC4989A1BCB4C8AB9E0A
:102E900061A63537BC25E57BFCA5795E0DD8EBCE68
:102EA00081B3276BD35499F63DCC7B3FEEA9E14B20
:102EB000918695E2FD4514777FEF06D8BFF2E4B71F
:102EC000D6BB419BD85656626BEA055BC0818F9892
:102ED000DDF3BC37194D6EDEB1B15E687617796EE1
:102EE0000866653994A9681F42BD72A30C247EA8A8
:102EF0007D4820FDF261FB10AC39030D9632DAE912
:102F0000E1266D00FDED0A06FBEC7E43133FD9C1BF
:102F100030C4F6F92B889F000D2B20F4125BDDD70F
:102F20001CDFDBB0F50C3A544A526CB6574B0AD54D
:102F3000DCF01FD5DC893CE92BB863C3F93F890A73
:102F40000C4A1C5F1698281546AA68BBE6459B5D8F
:102F50003AC50B36D25E554462CE493A13A3067C7D
:102F600021ADBBD43F91E4A9B265AC1A87F77EA42A
:102F7000FF23BDB9705B9A6E6B511A889EDCE9AF76
:102F80008653AEF8090A6FD37763EBDEEEF90FA133
:102F90005C65E9B7A4C57D55FEE566E9421447DBEB
:102FA00057FC84C42C27E94B94D76F44A2D129271E
:102FB000922F9F8B7E24FC58D4D05051D37E88A969
:102FC000FC11FE18EEC1364A8307BDEAF1B58C66E6
:102FD0002F4524CA6B3EBB4D71F6F0FD134B33F603
:102FE00037512C8AE68E414F021E944F9C2F3C6233
:102FF000DC68AA11AB78A51B7BAA46CCEE9D30FC01
:10300000AC155B6765BBD0F0B31A6E3B84DB739A7B
:10301000E0B7155966E720438E0B2C1775102BD996
:1030200064451336959B0C0E172A740DFFC1CA9583
:10303000407E43AEC86DCF6DA274DDE3B9C9B07BED
:10304000C87B63622D1B93648CF95DE342B0B45D71
:103050003B32F8F08652B001A47806CDA2785A52DD
:1030600012D020F38844C7599AFFCB4DC367DB3891
:10307000BAAB32CF1C9E825BF380F52560E66842D6
:10308000865C1772CCB6A1E17A1B9AA058666F4392
:1030900086220F12CCDBF30023CC575FF4FCF1192E
:1030A000E5B0ED3D7F1499150DFCB2F5CC875D3C84
:1030B0004F7E5B7BE6D3596DEB647C78C5FD9BD27C
:1030C0004CD3CCBFBB5BBB9A371F227DAB153B807B
:1030D000FB08AEC9B48F31DEDF1E31C78A6D6CCFFD
:1030E0009791A08799A5329D35F2ADC383AD20811C
:1030F000D79A29D5AB28FFB8F489D8A60BDB76FD83
:10310000B89E7E899A0656CDEFF1C1F8EE34C7C15C
:103110006DAC51F7F0946A55093E0A1C7A9F522C07
:10312000A3B5649386D07CB27D2F8F7D4B095E4E14
:10313000A5857288E771B08C71310EFF184CEC18C0
:10314000D7463D2659A2B8C0445A8B78BE34535A4C
:103150002B0E013BEB61AD434E5823AD984BCB3367
:10316000A45C7108E955ACB7597A3B82F2E9CEAA62
:103170005F49F899F26BEF7EF2AB2CEA3F603F4D6E
:103180007A131587B90EECCA4F83D4279269C2040B
:10319000250BDB4DD69FD36B887FF44C123F507FBD
:1031A0006EAFADA09D9617CF690FBADF6DFA99B4D7
:1031B00035BAE987873F63E33FF63393DD5CA36964
:1031C000E4995C3E8B290476E40F91721F8A67D9DB
:1031D000FCA0E13EF17BFE18C5C31943E96E8AC12C
:1031E0003C6DA96F7C788242F0399BFEF010B3727F
:1031F0000D7E7DB5E321C7F79483F750C96AD53CAE
:1032000088E542C9F76AEE605E2B0F946BD2508E50
:10321000F9D7A6D340392223ADA324CB2604948327
:1032200074CBDEF453AA7D561EEEF0D4B2490AF9EF
:103230005E5D12AC2163D9B8BEC6A3E74A8A64F0CA
:10324000C2CD0DE2F5390570426D6FE3C7A01332B0
:103250005F1C544FF0FD34EA24C5BFEA04C801AF37
:103260008268FFBD5FBDB897F64FF96AE997FDA97F
:103270000CD8253630F94BC3DD6243C25E26E78E9B
:10328000D1F1605F768AC7DC6B3507021365DFF723
:1032900023ECFB31F6FD08E501CF70F76A71DFF929
:1032A0005A304CC0F27C02E56F572DF655F4203DA4
:1032B0008C922A22AD8EEA3B752FEFDC01DCF10106
:1032C000583F43BAA5A2ED4BF27D7C1BF386AF5B62
:1032D000FBF00EF06F0963B70FEBC697C19A89EB4D
:1032E0008DF68E61F3E600D4BB19CE37E97A79A06A
:1032F000FE4F5A73EA73585F2298ED80056205B15C
:10330000B13DE0D30405EC031142CB5439AF37CDC6
:1033100070D2DF197BA0B68DBEDAC4BDB05E0DB32E
:10332000D316477AA3998E96FCA2939427EB0BD8D9
:10333000E78E5AE994C12F4BA033FE93F6C843FFA2
:1033400061EBC17DEE13620FEBE933154EBAC24457
:10335000FD0B4E3D835C3C5B6FFE35D42D9B57D6F9
:10336000D2986797FBA2E79A4C5B1CE50D3B7E0861
:10337000C65F0F9EC5982B2A359F5C3F477FA57F70
:103380002C7941EAE05C15AED0894EF2ABCC13BA91
:10339000F810F9F551D3FD14830C95F49378AB77BD
:1033A0008FDD5C504B4B9AAA6533DCFE96F404E04B
:1033B0009C302E219283F617E854C9F89D865F88C9
:1033C0001F92DA3E148765EDB9EEA6F96D4329A682
:1033D000E60FA5F31E355B3FB76FFE8060FCB0378C
:1033E00018D3C05219A997DB197F9531FE2A63FCC7
:1033F0005546EAAC16078FDFC36F385ECBE4CDFBD2
:10340000AA7DB00B11FCBAD838BC8F6B067B96AD89
:1034100001123EBFDFAD84B803243A7BC7F73C847A
:10342000F8628A4D550058EE81C61978A83C837021
:103430007964D516CA49C62D243ED6BB85601626AA
:103440000E982267D5B84B9A6E325E2866F8D07017
:10345000AFB8E97C0D6D3BAAD83DC47B436B7723A5
:10346000E1E717D998556D82339E11E0634769A053
:1034700005CF1A9BA7E3BC87C6CD7E3497E8905A48
:103480003DFE8C3E1B194D0C5E0DABB7405906B28C
:103490003BEFC3F5A5A9A56F83C753AB7E19B61B38
:1034A0000F5FDF2F95AD9F17F43046AA48EB7BE006
:1034B000E146FBC7BBD789BFB1F2EB86A4F2C730A8
:1034C000350E2821CDA5A99C116EA34EFACA36B699
:1034D0008E41BE52E6DB616669A9978EEA279ED5CA
:1034E000547FA95A4D28FF897873CF7E7EC31E274B
:1034F0005B57ACA7809BDD5B3C5F33FDCBCAE841EB
:10350000C30362DE339FD11E65580BCCBFEC61F361
:103510004C861950EAF1233D0CF75E63FC934BE5B2
:103520008F98DB6BC458C1D9DA392C590D23451A51
:10353000FE0D7CE771F8300B1F64E1681646B13070
:1035400082853A162208097F899D248C123B950CAE
:10355000E2E7F70E09C18F5FA9237AAE7AF46738E4
:1035600005F8FA6D18A30F3C5FC238F613BEC4A568
:10357000607CAE80867C20A106FCA732C8FC7AF372
:10358000F5CEBF9D869D500691676F92F05FE27207
:103590006A5987F75831F2E66FE0BCCF48F2877B73
:1035A00097B3733093CF7E0CE6BD93E6ED26790B8F
:1035B000CCBB6592F721EF1BECDC6B9A2FAF1DF2B1
:1035C0007281AC8D2524DCC9C2ED10D2B1692161B4
:1035D00015B1FEC75F62C457E95D7E5233E9798C4D
:1035E000B799506494788C84912C0C6761180B43C4
:1035F0005918231E21E1432C1CC64211425CFF587E
:103600007101092788E9524177A4A206DA7D3FFFBC
:103610003F845EE694FF107E72797E2D071B72B2A6
:10362000F24536D4C926ECB122A9CFC2FC44A1E4AC
:10363000ED86746FF8702518E9BB303F7F585BB397
:10364000B71D7F0B300C6E5593D6FC58AB112C5424
:10365000B370320B1F16EB6423DE9169CD065D97C4
:10366000DA30A44BFD688781FF5EFD509D017DAE81
:10367000C1BB58C370F0D3989D119890B63868E1DB
:103680007B4FBD6718EE62719DD0FDD7FF49E9BD44
:103690003B6569D6AA7BCAACFAAFF8BCAC98A21954
:1036A00024166BDD8B0EBA5CFC0893F44C0F6F1084
:1036B0009D689D057C617AF448EAAF1956B2C984C9
:1036C00092D7132FC61C8F86D1E373EE34D3A23E5C
:1036D000C75EC9065B039431C0B3195463106B64B1
:1036E00013C65FDAD034C4325B1C775071114BBA09
:1036F000EEF5E0B3368ECCDD08F953AA43683EC33D
:103700002714398E9187B79ED6799723AA6B547E5A
:103710002A5C5A6596D25D60EB6746CEA0D0D01881
:10372000C530480C5835C13008E36F0E88D1F87E9B
:103730007DFB9E61505300783B0D0D0D3DE1F3D8AC
:10374000F2C35E4E747EC457D33A35B00A48C3E024
:103750009E8CEA1E3B88365321EFD49A1D20C0AFC1
:103760005A4E285241DB005C5E4E73C841D94FADC2
:10377000F7794AD9D37617D1D8A3CF52ECD32AE020
:10378000469CD6FE05ADDDBA1D53C2D26445D86E47
:10379000C605FE0486C21E1451567099F19793F126
:1037A0009793F1D75E630DBF015EDC312F3DC86F8B
:1037B000F0C98EB64DB4D63217C53272B36C269CA2
:1037C00097D74339CFA6465226A04BE62FEC9F262B
:1037D000954A9B8F622FCF3E8B1123B619912D42B4
:1037E000D4E387367B2C2940FD4D0DA871FDF3B045
:1037F000F23CBF07F766D5729DA6E7DDA5F7F88214
:10380000AD5CBE2AF84E0A671A594BF93ABC125AF7
:103810001D53B209D281AF6B2A9B10E15D7F71C746
:103820003DE1236235090DE20EC144799AF2F29826
:103830003A83AE1078BB50BDE498011DA35C0D5EC9
:103840004796E428C2D517D719863A59ECF17B621E
:10385000989FEFC43137D3588DDC00DCEAE4B71A07
:10386000A5EFBB815B5D887ADEC6A918CF0ED00CB0
:10387000BAC3B3863E9EB56EF5F16CC6D6BB7876FC
:10388000A38F675D258C670B9A022CB3A3EEE6D954
:10389000401FCF1A37535E9D789CD439DBB499EA28
:1038A000E50D9B752B96235D9C1EC53E7A06C5AE25
:1038B000803D88AC41C249CCC1CEBB3938400CE810
:1038C0009D6008C02D8801BB34BE5FC9EF19025C42
:1038D00001E4DC4AA43E7E94A7DA3762EF3EECE9CD
:1038E000072B8FAE9D716EFA462D7EBB4383F3C9C5
:1038F000E99023DEE70B984CBC021F7D96E57B8F99
:10390000625DF19ECC7835BB80D6DBB096F26AFA68
:103910001D5E75F4A05535986BB208D74431AE09D9
:10392000047FBE4027F53A040FC25AEA77C8EE4A30
:103930000E70A667C00EF0CFA8F8AB60F1BE00D63F
:10394000FCBDC4B6EE5ABE08B67DD356D9E13EB52D
:103950001FDEAF179A713B553026C52EF0C1A9B4B2
:10396000F9F9E2860F3D7E2465C85D294348CAA85F
:10397000BB5246919447EF4A7914AF578A079FE5A7
:1039800088E978A435AD864211613F399D902A08B7
:103990006BB09F1CD3A07B74C212DFCB61DD74DEE1
:1039A00054F9976614B8CA537542E74058A76C7724
:1039B000FCE5B165AD1E2CC0C1B76D09B5046F5DE6
:1039C000C16EF05ED77793736BB5F234B96FF82A96
:1039D0006041BFF9FA2C624776631E4BCD3E4973B6
:1039E000C93C8B37B8030B6FDEB1B7C43E784A1AB7
:1039F0008FDF57B8E97B3D29A979EB79259DD06EFA
:103A000081BE019F3C4756C2F9B0419F46EE2F1739
:103A100030BBB40742896D2858B7C59788DEDB3EB6
:103A2000EBD05D4AE1BB92553368F0AB5F64485719
:103A30009A02D4F337BC2AF96B024AE3C12BD42B88
:103A40006D68F70F598657A611EF49992E34C95A58
:103A50003C7FF5822F8B0E144D2962161C02E4F474
:103A60008A7E3B5D8FA5EE77B35BC554DA8B881EEB
:103A7000DA8BD003850B025EB58CD772ACBF1D34D8
:103A8000BDEC0B9AAFE24F1677962E78AC396419DD
:103A9000D89605847415BF2A5DF2A090570DE3D423
:103AA000BC2C867484CC877B7F3EA4F56EEB36D825
:103AB00007F18CBECFC32D0179ED2CFE3A6E09AC17
:103AC0002C485B691718BDF730FAB3B69B3F35D663
:103AD000320B85E44056B2ACBB30FEEEB211AC6C9A
:103AE000E8EE6F9D45C4B2EE19E756780D02BFB8F7
:103AF0004239C1E6A6960A60B9B59CDC2F5CD0EFCE
:103B000025F70BB31D42687F5A8BF102B33F165560
:103B100013E4D4E8BCDDE075AF3D0E7747F3C96B25
:103B20000D6EE2957786E252F6A4AF17600D4A4A11
:103B3000B7B5317C7732FC9B59FC436C67C0113DB3
:103B400009BF3374EF2B43CA226CC559FDA3C5E9E5
:103B50008F7CB8997EA5B835243984D401B476F920
:103B600057E6FF706BEC1A8C5D4CBE432D84D60873
:103B70007BF9D4199689B23ADA1E298F6DC5DE9980
:103B800013DB9805CB541F86752D73E0F694D6236E
:103B9000FCCAF8F503C6BF67597C0B67FCEF978D2D
:103BA000F0BB46C49A573B29A1C67E9C574DB0A78F
:103BB000C6AAE7AB62D5E312A4578F2187300C6CFD
:103BC00003EA798C7B2CF811E52ACF7F1B0B7E460C
:103BD00069B594E6E6AF5F5C7A776F6777F87A1835
:103BE0007986F6307232582D86B2F13FC3F8FF77EE
:103BF000559C302F3A6F579E43EF55E99ABCAAB1B6
:103C0000E0C31BE861A7BDFBE0AE324E3DCF11EC37
:103C1000816F3DD3AEAFCF89DAF63BBC6037C3923C
:103C2000A116A4976FF47BEC49A9246E20E3EFB1B1
:103C30008CBFBF62FCB196F14B238BAF67DF1B5883
:103C40003C1F5BC9E0B77FB08D0CB3CD79B96790ED
:103C5000E5801A39172E183974116702DBB5C13A9D
:103C6000FF2D89A4BD853D83A462FF018C3F1FF415
:103C700051BCECA43363E6B238B3116642CA6C7827
:103C8000114C54E66F4D1F9AEE4C5B30728A021253
:103C9000B65DA7D99408D62683193EDFB2F6AD33B8
:103CA00076C0EB48822A2E2FF5A1F93536B36A96F5
:103CB000354CAE69F2F0BEB792E27FAE961FA957BF
:103CC000A5270A3365C19FDDC92DACB66B9DCC42DB
:103CD000D3E0C321F5E898274FB351AF38C2EACFFC
:103CE00066FD050B4B127F9BD99F3CE02B85EA18A4
:103CF000BFD5D31C68152D217CCEE26FFE379F60A7
:103D00002E61FD1FDED7FF83CC76894836E3525AF9
:103D100036FECDE4DABB7BE7E2C38067EFEE5DEA17
:103D2000E9B07469FE6C2124412A8813880FF35688
:103D3000B30A7B176FCD00EBC37678A184772ACFC7
:103D40000C8A4B494B73D89420B81BF2E4EB0F2834
:103D500043D2A4A15E24A9C1127DCC4EB4A1593096
:103D60007E562B68F61F529CB7B3E0BCF3DF3926B2
:103D7000E9956EA477DEBE0D76F9EA034A8DB30AA3
:103D800039F6C29B629002F744A053DCF55D45BF53
:103D9000EB9CB0CEB7B523EC6D27F5103F2F22BBBF
:103DA000D30328EFB6DF02DE55D31E5604809D1CD8
:103DB0009D9FC7689DB6DBCADEDBB7E13CFB24D91B
:103DC000838CF16ED1E11BBA643357AD68CDFB2E05
:103DD000E99B6EDF06EC4B8B6F17BAF54EE2DF7294
:103DE000BBF82F366FE09499BCB1B23D687DB552F7
:103DF000ECA1A91945F64B8A135B4AB9AED1FD8DEA
:103E0000B710AF650B105E5D18DD6BC62652DB6523
:103E1000C19483EDFF084E652FE79887B6F9626875
:103E2000496FCA1D8FEF17979637CFEAB4B6D239CC
:103E3000CA9F8ECE1F9B27FD082FF92546CC906781
:103E4000FC615CE2370BFB2512BD223455EA5F04AE
:103E500056B611827BF0F8DBE569DAAF43E2C13F89
:103E6000B74EBB837E4F5D1C7DBA5A76FF43B8794F
:103E70003787C4C898435EFC21043C1D42EADC4DF0
:103E8000E28D3F8CF54EF06C3C2BA079371D361936
:103E90005DFCAB37F9BAF3F9A5951D272E9C6EFD95
:103EA000AED9DA55DE39FBE69C6B2F75BDDC196D9A
:103EB0008F691D9BBFD7CEB470B09191A609FD60EC
:103EC00055392D273DFEC41FE6584F177204C3F91C
:103ED000CA590D92CE8AFEBDCFBE58263952FA83FA
:103EE000BD02C579AAF4A4E05F29F7C525B0B2F0F8
:103EF000D7C13D3C8DD73DCEDEBF2A4C2AD40933F5
:103F0000B840356BE931E9E58F803F950D949FC34B
:103F10008A1C7003A402DF53E98D0F35D2FD5EB514
:103F20004E1D84FABEEF87773DA78F1766522B157B
:103F30009296FACF119767C23B6C6A54702256333F
:103F400089FBCE4634FCFB7B78C9D1CE572ED12CD1
:103F5000332DAC5CA859D4F2D6D4B7CBDFE6DF89D9
:103F600094DBE7A701A560FF56EBE6BD372AE52500
:103F70007E493E7F9CF6EABCC05A4B3DBCEE21B761
:103F8000DD92C5C5B5F77AFD44E7C7D877E7F9A84C
:103F9000D43C16EE774D0202DBABD22EB4EAD9FF49
:103FA000EB9BC3373CF56C8E71B759722808BC7215
:103FB00087EE47521ECC9D32F07D3DA7DCBCEE5C07
:103FC0008266B196537F85117D67E7CDAB29AB52F1
:103FD000A6E4B95F68BB91FC2CF89EDE88CE5B0C32
:103FE0007609CBE0E233AC33A6155B2630EB8C9E32
:103FF000F234EE388C117A2A199F52E213C9378CA9
:10400000EE27845BC335DDB7B11D46F9921C93CF13
:10401000E659D585EFA485446ADF11D6B004F93C92
:10402000909AE1A541E92901018E733A91BBD076BE
:104030008BDE11C7108FE4DEE45360993DB3B5DA2F
:104040001E2353EB90A40B317994EECD65D57933D3
:10405000D968C78761FF5395598D72C2F1F89517DA
:10406000724609793561F647CA5466F0EF8317DE68
:1040700004ADBB24FCB692862DF52ADE99E9F31B2C
:10408000BE01EDCF11D0E2E47B6D8F39F3418D3D60
:104090003ECC3A93D9C3A4029E4B7FF1950AF526F4
:1040A000E5E9B49DFCE36582C69D77ECA6C5AC410D
:1040B000EE3551B7C7E6E1D6A50D797CB57C5073D6
:1040C0002CBE2FFFB7EE04E186FBDDC26B61D66F1D
:1040D0006B319E6E78A14250FF588BE902D61EB21A
:1040E000A62BA663C205B00C277D0B7594680484CB
:1040F000A93835232CBD25AD7C095092EA25A7B8F7
:10410000C06508FB1BB171BB3936913B0592EB8151
:104110002E043ED994D7FB490B3E44D1792DA9C03A
:104120000F444B9DF16C632DF6129CDD35A7D3DA5D
:10413000E1B379ACCE8739B786CD17B0088471E08A
:1041400061544DBE97FE420F45DB7B9F9792B49A18
:10415000657EFA74B28E2F3A21FBBED6C148BE915D
:104160001878597A7E1CD81A86C9F7FABD616BC3D4
:10417000396C86C45B87FB0B68B8260849F189AAAD
:104180004AF0E5F6F5B32CA9FFF1B0F458F046AFCC
:10419000B4C1CB6A884BD4250E46FD9B93F256C121
:1041A000DBA522DA7C4416DB9C35E01DBA6A9C5004
:1041B000EAC8D3A355B542E2D5DA13F21D2CEB764B
:1041C00047DB3F03ABB0C8B6A4F3D81A4C7339EC45
:1041D00022B608FBB5A3E5427B2BB60A038FF47C1D
:1041E000B0C4E838C0E64DF6B868FB336D6169D4F9
:1041F0008F2FF51DE255CF314EFA0BAC8C3AAAD079
:104200008F2953CEEE86B920E57AFCE00DA7615CDC
:10421000E2E6B2B0F4120D7098F9CD80EFE448C632
:1042200017D94A74DEBC5FC6CE2EB14E043DA91E1E
:10423000F58FBCBA65E916DFD7F8A3D21021B88F85
:104240004BFF9C5E27E56B514BDA4C2BB1D9A13E5D
:10425000B359D436AA7DE57FDB4625C9FE0BB16D87
:1042600014698D8E6C105876250A03883737ADB3E4
:10427000D3315CE0C3D21C3FDDC7C7AE5BC6D13AC9
:10428000435F77D8D4FCF0FB82D01479CA05760658
:1042900071B9A67F5A42745E74FE6F5B17AD95FECE
:1042A0005C771FD6F95E2A8C2C3C67E5C0F7DE8769
:1042B00033FA24F9F2D434F94956FF6F93858F7C91
:1042C0006D79CAD3569F99039A0AF3415D04B66883
:1042D0007EC4E39CD2D54365ECEC424C8DC8C2ABA6
:1042E0005B3E8BBCBBE6D4DDD5F98F1C068B30DE84
:1042F00047FBB2F9D179604347F173AF1ACF6D65CF
:10430000BF9B579F996D6FDB539E36C7FA32E3A26E
:10431000E6A8EAB5230E0BFD363BC1165015523701
:104320008BD1A4F917BF632B0FCDB22F3E34C5FE3E
:104330002270EC538726FB7F9CB0D53962E98966F1
:10434000B007942B5B6777614B5FCCF131ADBBF36A
:1043500019EE2F56E7F9D68A6C5D725B79DAF07C3C
:1043600035FACE3ADBEA93C5CD4560EDE7DF9B0237
:104370003EFAFA6E3F22A32915AE44E7C9E6A7929A
:10438000A5902ECD1F3370FA69F6A5AC236BBC7BCC
:10439000C587B7EEAC3AA96729450AC267165E2DF4
:1043A0004E2ADC165E4968DD6777B7ADFF45E80D3C
:1043B0001752E71093D0D512FCBE4498AD5C81B77C
:1043C0005CF959E081CA7CB0FF115948EC1F63BA0F
:1043D0006E81BDDC3D76BD789E19781109E255E706
:1043E000CAE446E7D0A5E5D72ABB4E779C6DB5DE7B
:1043F0003CD1F9DD8573CD2FDD7CF95A7AD7A2CE79
:10440000D7E0FD805D76E83F9DEFDFC07C7F4218FE
:10441000AC5B9B885EF6D1E1247E3F40CD6642D9FD
:10442000098A7BF59AC8C2E8355C922F57E8717803
:1044300001577F1F5814E6381282A4F4EE0143E6B8
:10444000E33B65474FCF4087DEA63A12DCB81EE259
:104450002A0C450EA796434A09DC4AE7922FE0AFA3
:1044600003692D1A928BFC4E701CD1605B8CC6F5D3
:104470006170467BF8D29DD9987A045EB4F056F903
:1044800091772C28F50F47E70DF24F880EB3DE9990
:1044900015655792DBA463FE037CF1D4C33047EE6D
:1044A000EFC3F74BA9BDBA1FB6D1E13656CA337D6B
:1044B000ABF62DFCEA80A1FA3A5EDB69A9FD86F233
:1044C0009DFC6C1F2DF6410CE451FF1D090F0AD114
:1044D000096AF7D2B7AFCE9BB3D5F9FCB3524037D8
:1044E000CF374424EE3692558CE446A7DC43E55B97
:1044F0006313DDFF50F7B4C32A6C5A56B94CB3B2FC
:104500007DA16951E522CD2B2D6F4F7DA7FC1D7E2E
:1045100055CB622D7E4156C63333DFD79FCF0FF682
:104520005B830EAEFD1855AF938E6C5151EFBA1AE6
:10453000DB662E72B374B30B493746736093C8C5FC
:10454000DA9EE7B0ED59D6B346E7CCBB4629FE5319
:10455000FAAAE82C6B25BC056DE769EFB23BA177A1
:10456000A3C05B13DD999D659FD09C619033565825
:10457000C8B15975798EAFFF3B0DE13BFBA891BDEA
:10458000C310C65E8DA09267E764C013D710ABB6A8
:10459000733905AF412D7D5AD1C53E5A5718227740
:1045A00022624F49EBAC646D6F4FB79E900DA13BFB
:1045B000F93EFAB73BF5B72EC3B9C22F581BF151DC
:1045C0003D749B6F549CF8EC1D46C0F031EEC33136
:1045D0001F3F6C63F5BD6FD8B513ADDB031EB7E0AD
:1045E0009940D7A6744EE37B91F4BDC07AD08982FE
:1045F000BA91D618583623999E06F9F2B5DFF6E53A
:10460000AB5B03B974DDE0ED4F73FCFFF7E2CC2345
:104610004B93AEFED6A9E90DBB1ED90DEFC45F9C2E
:10462000DD36E7FCAF375BAEB5775DE9886E8DE9C7
:10463000E066E84FC1796CFF4F625F4E0F4B3BE184
:104640007B11C31A6D979E11F8DF96242DAB5EE6A1
:10465000BFF2B785498BAA17F9BFD2FEB6E99DCA4A
:104660007734ABDA178F06FEC15E43A40CBDC74991
:1046700007CBDD990268312053A946F07B74BE3B1D
:10468000B9EC46585AB96F85ECAC5EE37E52B8E699
:1046900080A36BC7F74DDC6F85A5A961699F234691
:1046A0008FDF4FE03582BE9AB4A23AFFF1C64AB31B
:1046B000DD52D194332327D1A18C466795D5D3649D
:1046C0006DEE60A6135C8197C70B4A6C5A747CAD83
:1046D000FB30DCD2F5B5D2ECA9B64BB3CAFADD4952
:1046E00089BF18BD16ACAFFDC3D2BA585B9517CBC6
:1046F0007DB6D44B80DF7961F05EB3F4BF9D83C09B
:1047000012FE09477014BAB269F5D4499DFC70D6FF
:10471000130FBF02B72688F8BDBBD857D238F7E9C8
:1047200009BD3A45CBEB9EF37047B6BE66C53B204C
:10473000BFA9B9C1819AA937275D9BD035B693F53A
:10474000D83D7545F97252368A5FFEF29BC7DF731A
:104750006FBD78B3C6DE9F83964CD2035FFB496D75
:10476000F3B948455A7CC99FEEECE466BA77CD5E52
:10477000DB9E073D370F871E4A4FADB8CF9DAD6E0C
:1047800077BF27B61EC958075EA267A42932DD612C
:10479000C3218E4E682DCFD0C966DF0B2ABFC21A47
:1047A000A211F8181FD5ABDC838416B66F64AF3A3C
:1047B00094750F17613791467798A69F28551A7EF2
:1047C000F28D265A567F5055A14560C5DEE9182165
:1047D000FA5E63391B46FA92BB3C36630F274416D8
:1047E000681FAFADB1CD4FA801AB1D426D5AD604C5
:1047F0009C304DE8AA5CBB678FAE50E46BC4495C4B
:10480000BE48478FD1F33B5C4B4D868CFA3B33A3BC
:1048100002C604B9E0BD9EBFF07B796D26E9420374
:10482000CC83C9306756120E862FD7F117774FC346
:104830002D7CBA06DE22E34ADFEEFDE98BD74B572B
:10484000B4FD940B56F49D532457951AC247A4C344
:1048500078D71C6D552AB06EDDD64DFBDC765AC379
:104860007C17EBBE2C1185D36059D7CFBDD87BF315
:10487000DE77816C0E9FE55BEF8A129BF8F4CE0F1A
:104880005699DD8BE04DB67B7245D5FB72656E1097
:1048900026C1DF2AD81044600481E3093412984C01
:1048A000601A815904CA0416115841E01E02EB092E
:1048B0006C24B08DC06E0285C9A47E0223081C4FF3
:1048C000A091C06402D308CC225026B088C00A024E
:1048D000F710584F6023816D047613283C46EA2771
:1048E0003082C0F1041A094C26308DC02C026502BA
:1048F0008B08AC20700F81F5043612D846603781E2
:10490000C2E3A47E0223081C4FA091C06402D30816
:10491000CC225026B088C00A02F710584F6023817D
:104920006D047613284C21F5131841E078028D04AC
:1049300026139846601681328145045610B887C008
:104940007A021B096C23B09B40E153523381E30987
:104950003412984C601A815904CA0416115841E067
:104960001E02EB096C24B08DC06E0285CF08E604F0
:104970004610389E402381C904A6119845A04C607A
:1049800011811504EE21B09EC04602DB08EC2650D2
:10499000184BEA24D0486032816904661128135804
:1049A000446005817B08AC27B091C03602BB091476
:1049B0006209CE044610389E402381C904A611988E
:1049C00045A04C6011811504EE21B09EC04602DB6B
:1049D00008EC8EC5A74A3120C3A674B464FC2BAE84
:1049E0007BC0940B53D3C81B12666217F9BAEF3E13
:1049F000034E736733795549ECE84738844F1FD02D
:104A00002713B9F9133BED778467652F0859B0D3A5
:104A10003524BE345E7AC0CBFBCD672B5483703E09
:104A20006081DFFC1CDFFB2A3F972E382F965EB893
:104A3000EBCD8A26D2DE7EF2AAC65F6DCE79EAEC95
:104A40000BA7C06328E4F0D55A8AC39004A74BFC97
:104A5000147C07FBC3AE5E4DEDE8D1BFE114F20C50
:104A6000596732D9F9A35D1943E263F48D249EC1DD
:104A7000E20F7246DF7BBDD532ECF634285D5F4F26
:104A80006C3B0CEC459B5390A6051B09926A7C5726
:104A900071113B9230F6F5DBB9F1B8CC6637C079CD
:104AA0004A3DB6041542C1778B7A680E0C992E6D7B
:104AB000AC6258951DA76DCBFF4BDBCE363884BC5E
:104AC00027297EF5390C9F4886DF8B2C3E5230CA51
:104AD0004EFCDE3839CFAFF7F5AB2E6DC8F4F2746B
:104AE0009D469D5E2E536A57BC4B4B8486D11A223D
:104AF0009E67F111B46CDD615F59F4325BD772BA15
:104B0000F78C583AF3A6CFD7117B3AE27782F0FBC5
:104B100040CA0CEC7BB8F019ECE9B7F312C3FF9074
:104B2000AF86E617699B6DFFA46D80FF3F6913FC9C
:104B3000FF693C884BBAB317B9F3D6CD2C792AD983
:104B4000950CD70AB0FB64E75AAD421BABDFD957CF
:104B50007FCA09D62BE35BB4C6BAC12B6177CF25D8
:104B600085AD553E067E5BFBB51A7CA10785AD2958
:104B70007AA246BF16D578A3B89CA81F8F9668BAAC
:104B80006E634F066E63AC66B64A05B8EB2B085EE3
:104B9000BDDCF4499BFA19A55CF92EEFFF1438E54A
:104BA000B5C09B0121CBA54DD7D0C1A08328F682EB
:104BB000C02508EE90A2DEDCE09C8D35D6D9AA8314
:104BC00083D7A09A563597133E81BCCC026FBFB8ED
:104BD00043DE2D3809DAFDA7442B7D2136CDC8E10F
:104BE000330CC7B1AEDBB1D7E14DB570B77E995785
:104BF0000BB630F87E310CBCC990DFDE3C69784FD3
:104C0000BF82D313D87A1CAA70C78967107DB1748C
:104C1000D3C8F36C7CABFAC6D74CFB5FFF2AEBBF63
:104C20009A52B87E328BDFA67C4B6749767C7F2315
:104C30007E3349CAEAE6694DCDE5BE9A42A7F93806
:104C4000447885964528B996AEA12EB6867A2EC1AF
:104C50001A2A05998B8FE2BFCE03F6898F8C6CA33D
:104C6000F3BAE11536AFBF837BA847593DEF336CEC
:104C700093A16FFD62F2DCC13D374B1715A7AF8ED4
:104C800097C1637CBFCF97F80417B1BF165EE5E804
:104C9000DF05DA432CE8BFF4050CDF2BFA477F6011
:104CA000E37F4C60BD2F53FAC63FCE8773FDFCCF28
:104CB0009CB8E770B7FD20A5384A4C73E23908F676
:104CC000B72BB154283A893DD6E10DC23C98A3E4F4
:104CD0006F0B09E1BE93F854E5BA596F26EF74865D
:104CE000DDEBBBFEF0D2B3DD9A2B61BF45B627B535
:104CF0009CEEFDEEFAB9ABBF5E6EB9087FABE9FC86
:104D00006BBDBBF23347C75F1D0E3709DB4E3179F0
:104D1000F25E9F3C89996DF5E126BFC4E879898EE2
:104D20008D10C6E2ED7FA4CE9ABF7BFEA0855756BC
:104D3000CE7C6BD75B03DEBEF2CA4CF84B4D03163C
:104D4000FFB68A3306E19B61DF7C5EDD37DEA300C0
:104D50007B3A8FBDB496B2B6C5CE1C337884DAC721
:104D6000E64F58136D954D07F238236766377B9FE2
:104D7000C36E89D2EA6F61CC3F147DE2F30A8DE302
:104D8000EEF20ADD12E7255EA164461F0FC4335A16
:104D9000A73F0636D5E0073D0EC7F861F8AF961C71
:104DA000500C5F6470864FCD2AF0EDA2EF2D852B5D
:104DB0005E7CD760034B85BC4BA0E58DD90A7F870D
:104DC000054A8DC97C3A7E4C183BA7A87B0D4E182E
:104DD000BB6C3CE397A7F59B08BF3C073723218CAE
:104DE0005F76B0DE8EC5EFD4106F6F17B6F2162760
:104DF00094E3570F34AACFB528333AFE2AE88B62E2
:104E000089DA1F49E715787D0C34F91FCD5C52A172
:104E100065A25A45F6E6545FFC2DDAAEADA77E5189
:104E20007543439680B584DD83C0E233DFA3B9ECDC
:104E3000D5094F0B43CB74C21881D92DFCE391CB1C
:104E40005281D69FAE5A2287F9055E004FC2BB1D24
:104E50005D5313A738091E2F1EC0EF9CC18EDD3293
:104E6000DE2E505DBFEE9C5B2F4CA1BAB87527EDCE
:104E700093F54598032399BCFE683CE5C2AAAA387D
:104E8000BD8BD850FEEDF10F688A3805FE26024929
:104E9000F324FAD25C4FECFFE0D05F180FA0E735A7
:104EA00061C6DFF6470DD44D84BF08B31A5ED073D8
:104EB000DA056CDB93AB08DDEEFBB45DAAC7E07DE1
:104EC0009AE789FCD5713366AE71F4437E2582166C
:104ED0009FC5503FE473FDDBEE8ED79D0D7987EEC5
:104EE000DF93E0B6DAF0E94E0414027F7AC3BFA282
:104EF0006E0BDA6D5AF7A0CDBDFDE6FBA52AB3F126
:104F0000EBC5957F7126CB646881EE694EE9812FF0
:104F1000E0059F8BF39E52E692F7D19A7541F032ED
:104F20004841AC50A15A645592F18A9676AD443B03
:104F30001AA5B357A1E21F2AD10C45B82F865D717F
:104F40006DB9C1B943733662FFD61AFB4ED508530B
:104F50006F3270E98C1A6BA5AA7DD3E95276C7E847
:104F6000327CDA0F119C762ACF862C7068E15E10B5
:104F7000C726789F0D7995FC1A0FBF96905FE3BC0A
:104F8000CF9E905FF2F5ED64E0458A4345239C8C0B
:104F9000519C0F0AA3DD0F4CECA5E911DFB3F56EB0
:104FA00006C32E09DE4EFF75A491BD35D28FE0B940
:104FB000B7AAD9AD117ED609E0AB4069E8CFD27F60
:104FC00076FB0BE7B00FA02A5203EFA0E237637421
:104FD0004D67B939CA10497BB2465305EF5874C5BD
:104FE000637B1F412C6E91A3DC4B7A6E49FEFD90D2
:104FF000256EAD509A6177818D87E21E2A9CD50976
:10500000D96AB64F7E487B5C31E379234E26FD1981
:10501000E3BD005F79DF5B2DCA1380F59A938D861F
:105020004F3F4260BBF95D18EB553CBC11277CA794
:10503000F5BD067018D2A957F669A8FF4CC89B9B0E
:105040005D5FBCFE057827427B81C219FCB7F24246
:10505000DEC4EBA81DA767E0BF1A6171DE07BEC4FE
:10506000F0B6CC3F86DBE2D0A928C5846D31DB4F9A
:10507000130938DA7B9A61B01F8F2F96DC788C6128
:10508000BD48C13CE97A486B9A52D49B92AB07EB7E
:105090008DF301F58F2D90D714B9652693DA82A987
:1050A0004C4A2DA5F1343D8B97F8BD29334AA77E94
:1050B000126D0D3C455F3B688B60F9A2983E50BC79
:1050C000FF3319DF45D21701FE829CC7D9BB080602
:1050D000B6CE47FD584B72D0BD30786B0F3D1EEDFC
:1050E0007B4770249323514FD58E34AA30EFD29151
:1050F000BE42C6F0F3AA23D5F6674E91D28492CD74
:10510000AD30027A84FD48BA49DFFFC7FB65F96616
:10511000C3A7B06BF7BF0F466E8DF0331BB9686B3A
:10512000441B7BFF69A0BE18DAF0FB4AC7F4AF87C7
:105130004B5F76DBC5311B5E5FFB8A3B6DEF98E210
:10514000156E5E1C83C75315677B501A54A52E85B8
:10515000E7DE03328ADDDB341B3C212D211EF79074
:105160001F6E86BCB9F5773A8BBE6E500E41B8EE15
:1051700029FDE21D3A4DE861F63ECA60469790B6B9
:105180003D96476D9CD4BE0FFC00C1D37059F0838F
:1051900043A4C54E1849E9FCBF01AF354FFDE2EB12
:1051A0007D853F5B1786337D2E6F0EFB220F64EBF0
:1051B00050E8C243AA4FEC1A2C3FC10B5AB0ECB1D5
:1051C0000B8B7C5CF59E704AA7EF0F6B7D13770508
:1051D000D678A9085E6993EDA8EFFB5AEE9465AF07
:1051E0005D94940FFF36B8035603BF904E8062C89B
:1051F000856DFD2CFBFBC1AD9BF606BC0C81A9980F
:105200005F5529E9FA8D01E924E8DE09415270BFB2
:10521000303216C9641C3B24F57D70CBB106B175E4
:105220003B440925F5AFD4F5E75439D8B2D14FE264
:10523000EFF3ABD1F42243B6065E8F7097786EC160
:1052400058A8A575628CFC64CE0CFB53F026BB5F9E
:10525000BAADA647E1761E71583B6E175DA16B8A09
:1052600066987E36793760D841E1D18458E1716E15
:105270004A2B9D1BCDB5D2DF0574D0BE135E95EBD6
:1052800014E1C4056A8015E1D8A3A3ADFDA40F2ED7
:1052900047C25FAD1AE5B069FD87F8D5C02AB17D78
:1052A000BDB6E7379F5E19CCF07B3DC78831B74468
:1052B000DC27303AB32F658BE9AA11554C7B58F1A6
:1052C0006BC1D12F59E9349627F5159A276313CD71
:1052D00093F6738E4BF585C87F29BF6C657408A261
:1052E00039EB16D09CE6429AB3FEC73BB509ACB683
:1052F000EC74B64E29348FDC74278FAF9EF8F9AC6E
:105300007CE3BDFDA87B39075EEA61B7569B59F97E
:105310007F071EAEFEEFF2A939F09742D82B95FF1A
:105320008FB0EF8F8BA25AFF9FD9DDD9D945D0C559
:10533000051604BB082C2899113FFC895C54609524
:10534000CA6B2692FDFA2C0E883F5343322B0A84F7
:10535000615D1585165CD0B58812CC7BEB42A49BB1
:105360009A022A9275FD994A76B38B2EB0629818EC
:10537000AC888A7C9F33736617415EDF3F4A76E6CE
:105380009967CE79E69CE7FC7A9EF71B979A3AEFED
:10539000908B15CAFB0644DE7357D4823D5E8708A6
:1053A00038BEBDA9BECCCA52637DAF91717AEC25DF
:1053B000584FFE1AF12ACE5F6EC3BF17216FA2B7F6
:1053C000E2D9D1DB691045082D8752BEEF4D30D2AE
:1053D000618A1184420CF1E03C2F6436D76343BBF1
:1053E00037E267EFA3510362FE0DCCC3C459787E48
:1053F0009785AD7F1FDB2BDB351670638070A6D8D9
:105400008267BFABECDE33D66D8D6225A022BA3B3E
:10541000C19886AF8D422D1C5607B2E5B95C840455
:105420008F63313B780B8C11E78275865C3DB91C2C
:10543000F7B1FA0BD87EADB8BE2FCCA9E27CFF0A3B
:10544000CB56FA0CF22016197506F7C7CBF87BDE9F
:105450001C77807D517D188D7273AAAB29D4E25BD5
:10546000508BDFD8F04B18F0C32054A455DDBB0F90
:10547000036A12DFBE6FA13899AB66C4CDE698957A
:1054800054FC0CB392EF69A21376E31803ADE077F6
:10549000D9F4B77B179D11DA8D04DB68D6EA8E113B
:1054A000B761F7ED7D1BF88E7D7ACBBC90BE72E1C3
:1054B000BB8BF1F78C36505B49FC9DF073997F47AD
:1054C00023861C9722B0AACCF8DBACDE49CC4A017B
:1054D0009FBB915419B9189413878C858C61182936
:1054E00056C571FD107411B237B1DD4A75BF0BE5B9
:1054F000217179A61A9C4932250EF79B8025787E6A
:105500005AFA0B8AE0094AF5F7BC035C09CCA61EDF
:10551000A73C0D93D3234111F7216203901C301B4C
:10552000AF38CDC596571FC5FDB117C72D7D001CDF
:10553000AC21CACF4584549C2B32940163AB7E319D
:1055400061D1CBFFCC1A37C59C079A55FEFE5E771A
:105550001006A5D8DFE98EA8680EF982D28590558D
:10556000EBB692D9A769E22DBCF6CAFC2649E375D1
:10557000CA003BC580DBA5A39DDC64072063D3DCA8
:10558000C38E63BCDA45CCE62FC51BBDD06CC6E12B
:1055900037FC33E5F79EDBABA4B550C668B1BFFC62
:1055A0009AE873F91D51C19C5833E56C29F8F281D2
:1055B000507FD6669C82666DF257B07DC7657F2F9F
:1055C0002778DF5766AACE7DD0DFF399B712903BDC
:1055D000E8A6DA0D4FBAACAA84B282EF72D7A0EB7C
:1055E000D5C06FC66EC93B9B3DDD856036BB880E5E
:1055F000536367FC99CBFBC093A7C2D8A749BCCF24
:10560000BCE62D56C0BBA1C621546E770DE701C77D
:105610008F71B1F8B4DF679CE5C301C5046A1186D8
:10562000BCDF08F95DA1A41057C9F7A0BFA1F93FDD
:10563000B6F3AD32E3D6E7F9EB4DA31DD7D57FC264
:10564000F5D558DEA7DFF5DB65C6FF08F2A3FAE95A
:1056500081EB5B5FC6F25E8EB938B10B663BB59DE0
:105660008121217C4D026FE3F6711BEBEBE09FF192
:10567000F5E80CF4C532ADEDD8AFDEC27EF7367E6C
:105680009FF2CE81B0DC15A43F7197A08659A8FF88
:10569000FE554DFF81B211885BDDCFD5A81251AB0D
:1056A000AD301BA057B59899AC05629E6B967D03F3
:1056B000CE92F8F9888F6BFD42DC7EA3A56CF0DA00
:1056C000A3060A21D1610FE52DBFC5F789D6DBFC02
:1056D000CCBF7537C4E88E59DDB1BA363B480F7C74
:1056E000584629EAA39027B45E65E6E6F9AB619EC9
:1056F000CF5DD17C28CCFD8358FB7A60EBC14F99FC
:105700008F690F2E02894774E886F64FDA448023AA
:1057100048032AB62C7BA29E0EECE78BB47DCCDF2F
:10572000A84A588586B0D0AE759969A59A105504D7
:10573000E71F9FC36D6B2F9496AB957A1E9E17380B
:10574000F112EA670509C4B401F1CFCF000E94E865
:1057500056037EFE197CF70BFEE9D817845AD7CA88
:10576000F1F34F0B12698A3921029A47AD27F2DA19
:105770008F7B289DFE907113538ECB5CDBC6C45289
:10578000E5051A6338CA028B09623C6C4E26AD9758
:10579000A6CCF8EC01DA83712F27FE7DC03ACA76D9
:1057A0001F8E56F8794D0E33B25CC297D11A94D53C
:1057B000C0B3E3F9E13314DFBF314F51A5FD9F6F53
:1057C00085E769EE79460E7CBDFC7C6A236ECFBF0F
:1057D000ACEED87E05B114EFD98FFE0F71EAE1CAA5
:1057E000C6497062A752A4FCB7E58849CBE38A6931
:1057F000424CAB0DDD41A2B47C4DB82BAE99EFB05D
:105800009E437CBFD53F855A3164EFEE3469C5B005
:10581000EA2C337606468750A970129199E6AB09B7
:10582000916BF2398C3C6654EBF0B4FCB810C609AD
:10583000D66E93F4DC3A00E56530EED40E3F6C4D45
:10584000AD06CA5F28C7EF689208F52A750546AE0F
:1058500042744EE7CD4A083C8BE943283CFD66E4A0
:10586000DC2AB1222D2BD6312307C68C7AD9BBD89E
:10587000D27781312CBFDFC815079124DBB2ECF35E
:10588000EBDAD9707F1B6FD9060530A66DF57CB7B2
:105890000C7186105E0D91AB7F4B456B08685F9B6A
:1058A000EDE55F612FFF6664013FD63E9AF23DE46D
:1058B000FCF923C8AA7273FA4223CBCDEF53717F50
:1058C0003C0123CF3114D5481A10B63D69056E51FD
:1058D0005863A13C8D19062FCB0C755D36623CF2E6
:1058E000B28C517F86FE22BC2CAEEA02F86B12FC11
:1058F0002557EB613FA1C042A9ED58EF3A40AE00F9
:1059000024D9B01C5B346305CEB6E39E0CF462C9A7
:10591000EE4F7A13AB1B1B89301BACF5EBF0BE517D
:105920004F706199164566A31D1D19B3CA3606311D
:10593000963E3C6F9E90D362E6193D20AEEDC303C8
:105940001243E21242B94EFA701BAD7CE7AE789F6B
:10595000312B8F3A56CC642484B9D7C389169C3D29
:105960008999B7CDA2312D9FD1301702241A89A46D
:105970005AFA2DE2C681721C8866169B4525A73609
:10598000312872CFE553540E2B919127BF35A1DFFB
:10599000DB373172FC3430DDF267A1B7830B815500
:1059A000199E39ACB189B6D1478B4C49619700BB80
:1059B00044BF31D32DC52789D22873EFF65503EAAA
:1059C000EEA6946F8CF94961909BA184E8B850636E
:1059D000186497551F2827506ECD9D6D611136A212
:1059E0007A129CEDE71920163523CF91B980A2A336
:1059F000F1D9DD03B28D8BA4C1516BAEF5B2A5A672
:105A0000A5A3F310E768BF9D74C09380F6F07F3CB8
:105A1000AE84E6FF18C8EEE759700A573029978818
:105A2000C2D596FBE58F4C4C0B9CFF11E1903FD506
:105A3000649660BEA33F4C8B612EB25703F2CC2B11
:105A400004D919A40D214FA6056AB577B6EBDB0A78
:105A5000174F34BE328B79AD89480BD22A7AB60BF8
:105A6000B5EC4DBC0A2C3BA76B3212F7E95064072A
:105A7000E45F8899E6BBC0229B113B231B703488EE
:105A80001911C7E88C44141F82AE274594D1AEDCAF
:105A9000F5B5111FC37539F7F78688CD34739C2689
:105AA00032220009184A0EFB2C7FF98740C64D9020
:105AB00048451A983B2D4ED5B4391AB511A6EB2E90
:105AC000ACD52F1159712EA70DBFA400CFF264627F
:105AD000DF8EC22590BB288EDA547DF92E91779CFB
:105AE000C9978964CBE01B1A21FA04327EDAB643E7
:105AF0006B954CA3A819D5C60AE2EAB6AF75EC6C53
:105B0000D52C11C2A37E00B9AE043ADD44F82E6153
:105B1000C532322CFD170230A73E819A24FC4E8EEE
:105B20002A92255175AA28F0F451DB7E791B7E213B
:105B3000CFB0AA8454CB5B648BC3522852769DA508
:105B4000D36BD213105B2CE787AF90B1050DC569FD
:105B500064C3A6F56111A51053ECB381FD89C75844
:105B60004EADC8D21CCA456C9FCE4C498BD23889E9
:105B700038B463D375F46DD820E01EDFD1F0C8408F
:105B800087D4D5D7D8126DE634ED8C703E1307F16B
:105B900027813DCE331FB588507C392146BBDA566C
:105BA000C4FF5D8066D1A0F7D97D461E3F24233116
:105BB0003D81637CE27AE62E40B729AE53DABAA182
:105BC00014A884EEC7C40D1481E2171860442EB1E6
:105BD0008A63E1175C19BD1BF62A2996CAF0E8E131
:105BE000F228D2D48A5AF80E3FC07798BCF7D77DF6
:105BF0003AFF6F29828C33CB9C80C19A22D23C5FC2
:105C000009492B9785882FD1E07923887495DC0A80
:105C1000F944C44C7A6A519A421A92A67825C494DF
:105C200012A161F2AC448206950698A90BAC2256EB
:105C3000636AF1AFA4804DA34A73B5E63CFC32AD74
:105C400075490524945EC03B01D67519B45EE7EB37
:105C50001083218D25DC6666057ACEF099B98B8597
:105C600038D89D971E29DD69A83B59F006F48C6948
:105C70005469B4EC98A11162ACE938C2E7B8F331C9
:105C80002871FF518BDB75AC50A0BDEEEF5237A5EC
:105C90008A7408EDD500000B8EBB0DC3D1DDDE0488
:105CA0002AB638D10B386E11C7792359BCFAFB15C7
:105CB00053776CD4ED63073F51310C3DF164796E3D
:105CC00045DE5621E29099EC4FE87E3804FE557E81
:105CD000D607469368D2F379AFDD7C5CB815E2C293
:105CE00081A3E93862087ED27374FDD0CF91DC7352
:105CF000C058FAA759AAD271E7E2EF6EA60E15991D
:105D000066A09371142166BACE65C2705E20B5E6B6
:105D1000744D5DAA9EB68187EAF0B90AF9FDA7CD58
:105D2000FE9552A2A7267239F22F51ACB47D627350
:105D300094C087F43D447EB6C117E2BC09C9651D15
:105D4000FAAC2D684011A41CB78D0EBEE035C028FA
:105D50004B70F0904EC8197DDA08988CD9FBD5DFCE
:105D6000F9874BC1734C92C18C5D2A253A8B124244
:105D70003A836421D993A1C5A0BDE4FC84109F257A
:105D800071CD4A4A51B7BB41388B7BECBB5570761D
:105D900016A1D94608016785BC9FAB294B25637DB9
:105DA0009A7ACCE8ED421C42F1FB10E77E3672F5A0
:105DB0002FABE1DF9FD009E104009284D8C46BD7F8
:105DC000B57CC91DB2B09A82BDB3DFD260DEA143FB
:105DD00065574644407F7039C5DBA8E223B681474A
:105DE00025D5E514330899C6BFE6EE87DCBFE6D6B5
:105DF0000F79A49A251F165ADCAC481F6633937599
:105E0000E35957038AD46F404F07BDC3DD89E82E9D
:105E1000E4DF1B7D272BE8E059A5512502643209F8
:105E2000B2118CA76F17A67817EB089167D1465669
:105E3000AA7C45268255F5D2E2246FF74042E41E43
:105E4000679C69240B828DE8AB93B1B2E31057CC09
:105E50005C7E549CB4CBD84898A5BEE051271A511B
:105E6000D63CBA3F1ADA01D753B512D8A58F09E14B
:105E700019A7E1FB770393696F54111A13044E2D90
:105E800081870B7AB4059DC864C7AA3A3954B1CD4D
:105E9000A894680D0828FC1E930884FD04EBC3D168
:105EA000DFEC107F0711F62E32C05223C4D5C0D9C3
:105EB000628C4079B5F57AE364F877AF4C6FD8819E
:105EC00010BB0E80CF417B8F601FEB016356DCB4AB
:105ED000DC4B04C378C03829BE0CD9D46EF5A2B00F
:105EE00085BF10D466AF33E8946D2440680CA7F9E1
:105EF000166EF53884671E60D1C002FA0A6A9F6286
:105F0000E6CF0627D4E7A6AC55FE02AD81E6F8B091
:105F1000173C8EDF7C8CDBC1678601BF3AE0BF7027
:105F200072DC2C4AF3E931632633E53F30D316A106
:105F3000595EF6C12F3FFE06627EF76DFE0C70299A
:105F4000E616561B8DC4BF2775C5C11E048978008F
:105F500060BF67C397162FDCC69A6EC3FC08662124
:105F600033D75D5F23C4CE034F388A9FD74D8073EC
:105F700020D88B7D93BA3F1851D99476F57FF3E101
:105F80006E4A0D9FEFF5EA8DFE3950DFC079CE13D2
:105F9000DAF745E4478EEA51CB8CDADC9B48CE61D8
:105FA000F26CC0931142CC6585913E3ADF96286F22
:105FB000294BCDD82A6FCFD20CCCD58AE2B22C1087
:105FC000526CC14FBF42B4EA2E98610A31FC4D7F3A
:105FD000B0122AB3CDFCE4BBC44D2A9395F835FB2F
:105FE00025A77400F6AC04E1AD08F1E9847E51CF39
:105FF0008F3957CDDFE8B26EA1AC17C809CFF8D7FB
:10600000EABD2BB2E23066F95F7CBFE7E3012449C9
:1060100044CA33D87AC46FD5D61CA2A0A1776196A2
:10602000864A659EBA480028F948C78CA43AD748E2
:10603000A4654A471E325AFED03D6A313B72249114
:1060400016F1148A8CC09AB48D4893FE0FC7F37C66
:106050004621D63C0A69F6555E35F31A0395BCC64F
:106060002BC0A1A38E1522FA7C7F1EA12030CFB4B5
:10607000CFDBE7CFF2F328C425A0A209B45EEC85FC
:10608000587BFDD7396362616492F0D7E8CE71B175
:106090000C2BFC4ABDFB5C2CB30D7811B85F41F3AF
:1060A000A6C4323AE157C31B3362994CE157AA6642
:1060B0004E2C3A97C29A5F86985DE2255C97D21F74
:1060C00079BF896D99FA636E392B5AE6381765AE38
:1060D000A211D93F8482931038554623C119E0A2FA
:1060E0004733C90634938C2A6235D54633E19C7414
:1060F00035CFF91AE2E640D91F425F58D80C998093
:106100000A6A79D8FD3924E3E1E40151BB703261B8
:10611000F8758308DA101F955E66B83F0AF8BB4A27
:1061200009C395834458D766C2D0338590FFA738FA
:1061300019F5353286B90108CD01BE5A5372D8021D
:1061400038B9DD043D409191F8940A21092A01D221
:10615000033288C37B14DC7907AF6FF7A2FA45CD11
:10616000D06AB5CC2E27298CDADD61CBEF13A6756A
:10617000CAF7EE3F40EC813BE96AAB86044FAF358E
:10618000AD4CCB9F946C5A93965F916C5A0A7FBB2F
:1061900099B469F92A3753725A7E905B67D03C856F
:1061A0007F488F02BD6FC37A25DDBDBA673BECE542
:1061B00066B639A115189D7965BBE12E3082586904
:1061C00051C9755849F4A6EFF20F6F53EC2F551AC9
:1061D000F588A1D67A65BBD28990BD647EE31CA701
:1061E0003B80D31DC0E90E00DDBE8FE9FE0874635D
:1061F000ADA836507A5FD885B2D20A26E70A01DA0E
:106200006F1BDE09220CA9E85D86F5DDBDB65D5089
:106210007E88EA18DCD3392DF9455C7C35421B16A3
:106220009B2945F08D09ECD4A6CDAC5C33B559D48F
:106230002EEA1075E171B4E5FA1AF48C79523681C0
:1062400046EE3298841EA119693781BFFC4384D879
:106250009C0D1A60A608E8CA08B571D1DAB28EDCC6
:10626000AEF2F6D01CB466CCD3287597FA808D5A5E
:106270000423BDD52C3218D5043FDAD30FD02C0F10
:10628000F5698E431BBECE048C629A995D96B2ACC2
:10629000674302CA36E2B38BF83289EE1969744655
:1062A0001274661311F510F7D82BE3578E5D1A227E
:1062B000C3BFCEDC3147AE419251ED91EBA23A78AB
:1062C000F90A5F402C87ABFCB5C877A3B09E8A67FC
:1062D000526AC08E4B27C3BDA9ED93D74DED409CAC
:1062E000B686C420B120417B2CC212FCFDC9EF4E02
:1062F000ED1A2863F5CDAB19FC4EDDA12A74F59E8D
:10630000FD9D5DFC75CD91827E5E236D1C11AE0AF4
:106310008039717872783CB7C61E2DF80F03EFDB19
:1063200053BD0B805D32AB01ADBDD15E03CC257892
:10633000FCD82AC85D9220EE94137F7A3D96B38CE8
:10634000FC6509705DE91B4CEF971C47E7AB54E611
:1063500067923B350EC4D4B9CDF39B7CD60236B0E0
:106360003C47B4D1887646E70A511E4A6F09F4606B
:106370004907AD9A827823F41399FB8F732BA26C93
:106380002284AF89F65A7F04EF5F7016B15C42FE3B
:106390006150D8662B206FCF1790812BD27BBCA584
:1063A0006E84C883FCB8FF1B8891E80D280BAB7F77
:1063B00069B2A7401CF214962056BD28D43FDBDCFE
:1063C000DD27DEA80A75CBD89AE626595A6D1D47F7
:1063D000825F4ECC8AA19633AA1E11CE0A04DC74C9
:1063E000C9D281E50B63C349CC17B4EE42A1A52DF8
:1063F000A0AFEDB1DA839F262429D363F189FB078F
:10640000D5A925C8E7279231EC32C4C8226097A2EB
:10641000DC29953F625FC87E2B0CB807E55998EFE1
:1064200066D5DC42CBD2C2478FE7584D598B38DA5C
:106430001C23BCCF3247AD12628F6EC691C2E98376
:10644000EBC55AB0DEE5A836837B2CAEB5A207C5F6
:10645000F3F3F55A72A506D5F2B2901D9902F5BC78
:1064600011D0570776458C8A424D7D56F1758D8D3A
:106470008D12DEBF0AD536EBB6A38EC8667C2DFD25
:10648000B5D806C6FE3698CF3A24C46F203B5C6070
:10649000054B64BE069648ED6F09FE0B706DB72183
:1064A00055BC8FCDFA099DFB926A9592E3B448439F
:1064B000E32E09599E4AEA0E6480E2ECDF777A13F4
:1064C000BD0081F60ECCD6F9FCCE83A993C0BF01E6
:1064D0009FE94D9FB36429644D6CB2CD4D5F5BFE67
:1064E00050DAE277EDC77B67BA2E745C6EFFF5C6B3
:1064F000EFCDD79B963C5C7EEFAD2E8856AA352318
:10650000D4EF936682F9858AEA49ACDA8BFC8EA5D2
:10651000DDFA481C2BA58A34AE7187D7DB444C5E6C
:106520007D0CACE0B6B6CCE65BADEE4FC69D9E6989
:106530000CE4CE535F55E572FBD51906AA2352A58C
:10654000E6F6C75FE579DA88914A1DD55110D793F1
:10655000C8FCD52ADAA7754A6E5D17B7A17C83F40B
:10656000BDD6E5712BCA5748575EFF60664659464F
:10657000143B07F5403A44E1BB9CC9B2F9C2EEBBFB
:1065800082C9B44D86C31005B3CD063B66BE009FDD
:1065900065F3B02526FC66CF4D98614B7CE312F085
:1065A000B30A7947D1B6C445577B000F0018074599
:1065B0005DB00E995113F0962DF1D4457B46489469
:1065C0002D31E2AA920D10F272A6C3EF4B089B1276
:1065D0007472E8CCB5B44DC374EA10A62C3753D30B
:1065E000BDAF542D8015AF95285C5C705D948FFE17
:1065F00052BD43A07DE29BF9ADB638A63397E0AF1C
:106600003AEEE72F769B69688D23DC8E0DBE5F1412
:10661000372DE1A2E8F03B174506C8275042D60BBC
:106620006329272829EC58D3861D1180DBC8CBF1BC
:106630007F6F5AECEDE141B071E2B170F209C81D13
:10664000D5AD52D2ADEEC96FDDB4D86D86A1552A55
:1066500072DC8F82B806C4EACCEB2A5E8CFE561A36
:10666000230874C2E34D835ECDD6998761B6727AF2
:10667000BB09F26BFCF3BB889EFDD95372295BA268
:1066800065ABBC59C856F37D1A7E4BA866252BC74F
:10669000D91744305C19465D171F9413165A7EDDD6
:1066A0009E3F3516AE8FA09A94949760DF20B82253
:1066B000A59AC49701079B0A2443716671931AAE89
:1066C0003B51BFFB2DF99155A6778DE06D4FF458E6
:1066D00068AA7953D39E32315F0AB9FC374177AD4E
:1066E0001FFC265154C71C218F650C5C9151BF16AD
:1066F000690E277689E034A417505CD32A48A82F66
:10670000EC42A24826D5BFC0133BAFFC3FB4C7B292
:1067100018DB621BC052991893E6824A795123868E
:10672000F36885FBF3D386AD1293F17712D978DB4A
:106730001CE5FB0F46ECF2194518DEB93FE2B069E3
:1067400027F9EB16A6B59CDC35EC419FE1C183111E
:10675000D5EF1492556776E986113BE86AE943C0A4
:10676000950B2499CE0DF04EF48BFF16D78D85A98D
:10677000A74F023F11917D84260A99375903EB22D6
:10678000CA8F2B5CEDBD3097805DC911A2E2EC0A87
:1067900017C2B6CBBFB497407F19AC3A02FD9DA596
:1067A000D965F221AA1FC26991DE59F2FF7DCB8A19
:1067B000CF7E04A43932FB7BE12DCE83DEE24C1C7C
:1067C00081B73C04CD14642F796950ED2CAE37FFAE
:1067D000B264D3674C4DBD89ECC142C634D3B6CB4D
:1067E00074EC56E24B66F4F711EEEF53357712EB8B
:1067F000CDC8BE9213426F2B7582DF0475A25F7FF6
:1068000093C3159A3A26D6C410785D337B380DF3BE
:1068100093C843D8C6E70D3EB55F1D44E8260EBEBB
:10682000BBCFB66441849084C8AB2AD1989AAA0E93
:10683000227F02CF7CCB068D95F91CE75B82EFC9E6
:1068400088F38B63B334FC3DCD37E8740765B8F348
:106850003EA5741DE45C1C5B2C20186C54D780771B
:10686000E8883AB352967258751C65C78A87ABF6AA
:10687000A338C2944A382194F17BD61CFB11C7FE81
:10688000A6A93BC4F1E7EC06FE9B12B466E0B44651
:10689000CF47D9F6804DF795BBA64CCB061DEE86AB
:1068A000193E5C014CCD7FA175047F57F34F774DA6
:1068B000BF7B7EDDFB786E1C7E2E1250C133208E96
:1068C0006E324EE4CE59DFE33D63A01AD8D8A4AAB5
:1068D000086E1FFD3DFE7DDA5A9F179873B4481568
:1068E00088F8B9A49FB3A92E37154B39E6EBE71A00
:1068F000CA985B0DC4E8EB88151B9519F00B4BB9D2
:106900007F4BE9D2FE28E0969BC0B2936C847767F8
:106910007F91FC4968D351D8198E1272E78DA22558
:106920002E75CE5A841332A109F7C7AF37A6F82DBA
:1069300071AD8F17A2083F871D70CE2AFE667A2799
:10694000FFAF6E2720387256B46C55FDCCA13E3F88
:106950005D97AAD475F7FD3BD02655028EEA866D69
:10696000D5B65638CD3F40B8CD40E74DA761E58B51
:10697000CEF5B31329820DF257D8083456F111B170
:10698000A86C8013986DD2E61D37A5959C1D076CE9
:10699000438C5B0B11016710262DBF3A2A4B36A59D
:1069A000A19D25C76AD1B52594C588D30FB24E15D0
:1069B000CE80B5414A23619AA1BFBD31D333C920EE
:1069C00055116ED7FC8906C227C93F93265A80010C
:1069D000BD7792A98EE72E44BCD588B550FA10F148
:1069E000BF426EF31688A9842C6D0290E1CF89B264
:1069F000E20EE858C0E4FE15F092EEF6A5DFCF0AED
:106A0000622EEA44A34D86F5B0DE90136288ED064F
:106A100049C37A1D51721CFD456DC98A71B196E555
:106A200078ED2521DF383EF7577BDEB3EFDDDE70F2
:106A3000CBECFC47653AE665940D7C3467B4E9829B
:106A40009EDCEB9020BA58B9F8A49CC8B87B3827D4
:106A500066C6E19C70B24CCFCC0811FBB1E8097E50
:106A600085E1E0BF53EFE6F9AFFBBFA3E976EF9412
:106A70001EC8E52CEF3A9A63D02DE943E702B90F1F
:106A8000CBEEFDD891B1DDE52CF3BA541426AD8DD3
:106A9000FE7C0429A1E628257728F52CEF6D4B1FF5
:106AA00056AFBF2C0AD5852DBC2C62D23A89BF8C3B
:106AB000196E905123F627BA6016D1F868DC5E246F
:106AC000EF758C9CD383CE2CC4FE23EE484878FA15
:106AD0001A65583F9B283A5E871035610DAA9030A1
:106AE0009FDC83BC9E4CEAF3115D8F32DC902CFF5F
:106AF0001723968B0E9E30AC1F4B7CD6A0949E1312
:106B0000CD6C9F702358C8A56BF64B3996B2786947
:106B10006F7879AE5FEE4C1DAE476BEB1A940B3974
:106B20008D5293D20D726EA457482D46C05C8728B3
:106B3000D15828C73911D24DCEC970BB664E5FEB14
:106B400077ADFCE18FF706CE55A42D67BA82F3BE70
:106B5000CEFB266722F064299DE6890C4EE744CAE5
:106B6000612122C33042AC7426445FBE203E2921FD
:106B70005CAEEF839635D44C03CD3318AF387FF13C
:106B8000493722E97783CE8D60C8387F7236E3BEFD
:106B90009034E802086A36E2C660DC534996562E05
:106BA0009D4D1CCD010A2B88DD5C4FF3FFEAE82CDC
:106BB0008D3A4E0C7F43365AAFC10623F8DB07A44B
:106BC000E0E368A6A91576CB42A4C08225018F45D3
:106BD00031A2C6E1709D32C8C096C31A9DB2A16CA5
:106BE00010FD20653E6E9589816DF8686E88CCDF5A
:106BF000F91AF1273B53B79CFDDC99C41964C4C54D
:106C0000237B598972E958629119FDBB09FE3DAC9D
:106C1000338A59C9FE4F93CCDE74430FCA4E3C1FD2
:106C200067B9D17A9FC7D729F776829D35CF5908A2
:106C3000950BF1341BE47A42DEAA9AC8E54346CCB0
:106C4000D41DCDFD935D2EB4DB33E34C73F5ACE482
:106C5000CA11712048CA086084FC32CE713FF3CA61
:106C600038D318399C67C91452525317275E22270C
:106C70004EE35F5FC69DAE417FA177A07B6DE83A92
:106C8000306C881BDC08E4E1B8774BE7D163E48C17
:106C9000AB592A6E0036427D0030173412C2F38E93
:106CA000F7103F8F339DC9D953832C87EE32B246FC
:106CB000C4184D01462C929620FDA76A9E50BEB383
:106CC000AC649C29CB6CD0C3975302D7033C3BB335
:106CD00039AAE971EDBEA737A6FA2D456F58B69FC0
:106CE000FB365E7C1978C9BAB82B35C297B1D08D06
:106CF0008FFABF0549E056FB83DFD28DA9E34C9F95
:106D0000ED3F9AE3D05C7A800A38B57F11B72A9AB2
:106D1000F0F09BA603CD876E1C6D3FD671B20BEDD4
:106D2000E67DBF62B2E7D476FD163266F74FC1CD7D
:106D30003C127EECF3B8C6FFBA0E8C0F5C4C16AF5B
:106D4000FF7C700EC6CA9F2348F0DC25291C233621
:106D5000E2C3C6F735F65CD50A712CF88E5B08A342
:106D60008ABF97024853BCAFF4DF8B4BB89792B4FD
:106D700001CE83DF0DFBF3B3A4ED879A8E361FBBE4
:106D800071B27D4257E8BD89780FA0A92C5CE197CC
:106D90008B4A3451E0A2FF4178A6E5EFF88D653CBF
:106DA0007E843A69F0FE93D8CC2AF410B540676629
:106DB0006CF77E359604541EC857C7E7C657F8F1DE
:106DC000AEC505AF4BBB331206AFD0948BEA09C3F7
:106DD0007AFD88AF8D390C9C72723BA2E203AC4203
:106DE00049CFD31A120E10A33FCED3C3E9F5F09BBF
:106DF000A28CF5DE341D3D8DD690BD714C73EB3CFD
:106E0000F4BBFBEFE8774F1CF327F4380FB4C3DA79
:106E10004AF23DE2E46DA13FF4BA33BBA917186F03
:106E2000E90BE8AC13B6E2D1BEEF53E87C41B9619F
:106E300003EC4700628A9797A6770BB33CE845FCC2
:106E40006CA7937C6209EAA1E87912EF1BD43EC3D8
:106E5000C8A9F834355179CD8CB4C03CC28B3AD630
:106E6000190CFB102A8E67DED3C490B18776F2D15D
:106E7000B94E445451AC195D39F53FC0C9AA91636C
:106E80002DDA718C948A4B53FB56CE31E3E7942E66
:106E9000B1305F7A392F88D9608BC1D80B418C987B
:106EA0008A4953875456D5F0523A575741EA1DDB69
:106EB0004CBC5310C010D44C5825568EC65241239A
:106EC000DC05A9341BE6C5014C14172A2A4D3DAF39
:106ED00092C4520DCE5E82D41A5B14C6D9FA1BE35B
:106EE0004445A6A9B595B7F6F352A94EA305A90C3A
:106EF000DB54BCBF349AA1A9A969EA3595E7B1145E
:106F00002D1B2348BD679B8C3983BC190935394D2E
:106F10009D59B9E1082F5541A905A9F5B689D89E13
:106F20009E0C494D4C53E757EEC1521AF138416A55
:106F30009D2D1CDBCB83194E85A6A94B2BF558CA7A
:106F40004A3C2348ADB585627BB931C3A8903475FE
:106F50006565042E97EED17382D487B609D85EAEEC
:106F60008C8C9A90A6AEADF4C252410F2304A9F7BF
:106F70006DE3B1BD463014353E4D7DAEB2BE1ADB79
:106F8000AB678A20F5AE2D18DBCB19B29683D3D42C
:106F90004D95AB0E637B754F17A4D26D63B1BD9C4D
:106FA000981154609ABAA3F2252C45DB6608526FFB
:106FB00003462D6F2F19E34C0540CBAA3A82DF58C8
:106FC000F157AC20F591CD0FDB8B82F6E707A7B226
:106FD000559F61294DC71C41EA039B2FB69718DACC
:106FE000972FB4AF2A172C65BDF5A2A37D3D85ED83
:106FF0004542FB7A0ADA5795ED20B6D71F2F39DACA
:10700000970FB6D723685F3ED0BEAAAE60A9A0B6E0
:107010000447FB1A85EDF510DA9727B4AFAA582C70
:10702000D5D0BAC8D1BE3CB1BD7AA07D7940FBAA0B
:107030005A5685EDD5FC86A37DB9617B7543FB72FD
:1070400083F6555584A5E8EB498EF63512DBCB0661
:10705000ED6B24B4AFAAE9F88D15FF4B71B42F0581
:10706000B6D75FD0BE14D0BEAAC66029CDD5658E76
:10707000F6351CDBAB63ED69685D55978EE2F7FD75
:107080007795E3FB38E3F7FD190B3295557558A654
:10709000E197B58EFA39E1FAFDF1D229685955E93F
:1070A00007B03D2FA73BDA9F14DBB34D0D32E7AAA3
:1070B00092B08CE6E206C7F7C33BEC5AEB73F5D00F
:1070C000AAAA8AB00C7D21C3517FCC4EE5DB428158
:1070D0004C4755D6017442CD7B5B2AF3422E19C82A
:1070E0007BDCFA83780CDC8170A0F8D32CE46FCFC2
:1070F000B0D7978D495275A2B93D53786A6B91C547
:107100003553B92E67C4DC425913C402E19DE81E11
:10711000C597DFA3FCB6B6ADF5669875821F6646C7
:10712000DF07CC3FBD0276CD1BCDD12E5B18F746D5
:1071300088FA8188F619B4C8E153AD70D29D63C94D
:1071400030573757106F980D27BAFB326AB8F2A53F
:1071500073F1B2EB51F958FBEE253A13238390B744
:107160002F5C2F9C5F1ADC6851563EC76FAD03DE63
:10717000E24284549BF35799B1FD6566678BF4BB7B
:10718000C4E93F7DF71A8BB0CB4508A18C5BB38572
:1071900041CC1AC71197F93330D3F1EBAB7FE1F152
:1071A000269FCF074C69C0BFB7709A81E13DB0F010
:1071B000830525672984B54F3CBE5F86F3FC825763
:1071C000CFFBDF9FC05FB9C52ABD5AB371074235F7
:1071D0009CDBF566F301FDD75BF8933D846D0858A1
:1071E0008E5C1988A771DE612D1E537350FE3BE043
:1071F000FFBF87C7BF3DF8FD3A5C1ECC07A0DDC8C6
:1072000014C23925BF4E2C57BDC3AD136700039779
:10721000137ECE8873BEAEA2BC3D883B4C8733CC78
:107220009CAC18E530887F11778FE49F94EEE19F46
:10723000CC9D6EA0E639C1192A90C22DC4F98A9955
:1072400023C017286095D9488F644A92295C5E5FF5
:10725000C166D1B56FC27914FF36AA02EF3267F06A
:10726000A504FC3FFEF7BB837122CB38A448F15440
:10727000EE4C917B5393CCE51AAFDD7794A05D7B08
:10728000C8A17DCF9ED85288B223C3A860927FA2A6
:10729000964ABA4224FB09CF4B969D47FBA338EB95
:1072A0004F927005F1FFBD89EF12C705EDD16EF663
:1072B000EFFDAD437BEC17FAD27838A115E44B2BE8
:1072C000965D61250B7304ED441F64DBFC89CBA73D
:1072D000B097AFD2A1416DC0BBF8ABE4DCD8EEFFF4
:1072E000EDA47F72FFEE5DFF25702680FDFD9FED12
:1072F0007E9D8ABD7A84C7619BDB2E7D18DFA172DB
:10730000432D34B9DC477B6D8E711DCAA2FBC2AD23
:107310005A37495C6E34A542AE34F77D723FC1DF07
:10732000C71518A3295CDE4F717E616DB07EA3F195
:10733000255CB74CA950B25AD048C6E1EFF229AF4C
:10734000712B83BF0783BFCF4EFCFB4D1F2D92389F
:107350005A685A6AD881F033EF8A5D8F937052660B
:10736000459C3CB3D05E58DE71A5F40E51148BFBE6
:10737000C72E9CA1F79A7B1D8EF75CE2A3556B1874
:107380006D3742736D72CCD138BE602D8F9DD35353
:10739000930DF32158DD03D62AC43F18C13651DDC1
:1073A000BF237ED1BA9AA2D32C8E2B2FBFC8ECB0AC
:1073B000117CCD5B9DF8D85CAB557E523509FDD56F
:1073C000B0233817B7871DBC17F25FC8F3D1F17B24
:1073D000EE7E1D1C03F5B7BABE49DDA58459330204
:1073E0009E31FF311145FA0554C31E5FD8826651A4
:1073F000023A83F30CA39B4525FCA9DEB5EA8B5624
:10740000916187046211C274AD705549D78AAB2F60
:107410005B45D32066C15B2F858C116B346F616D2A
:10742000873BB670693EFEEEDB716EFA8BBC55F79A
:10743000E4E0DFB3775112E01EC3FE340FF7EC3BFC
:10744000E8CC4DB8DAB215AF473A7E64856B6A7CFA
:107450002DDA7E4A70862D5B267CCBFACD020EDEBD
:10746000AC5BAE6B737BCB7A700F5F0ED160237811
:107470003F494D7062F9FDA14CECE38816A1D4D1CF
:10748000B8B5D6E7E25CE29998577303FE3DDD2973
:10749000C7590B98C3BCFD59BEE5B51E835324ECF8
:1074A00053D4B9FC1B4B8B7D92B36EF3724B727944
:1074B000B925B5C0CFEA74AD269FC1F5CB9D81B388
:1074C000DC6AA799BC2C6E5DF7FF5C33779D2B6659
:1074D000AEE7F9095539A8079CA08D395C1CF0B3BB
:1074E0004A39F0C56A2464D5599F958A35A3B719DE
:1074F000A8386070558BF91D28AEFFFD827949DFF1
:10750000C2ED37D42D19ED49017F387796901B8F46
:10751000DB7D26BE1F8EE557E0DFCFC29820B23C50
:107520005578AFFF3E98702EC8BFA3E93C588CC772
:10753000CF7B9B3F8D5067E0FEFD2CE69F5D827FF9
:1075400007ABD6214CE82FBEE4FB6F402566AC3C70
:107550002D6820DE82DC184E474BC6188969C67735
:1075600029DFCEC8CFD8BACCFE3CAF2F09FF565B7F
:1075700014FD51A167B852C0F38AF16EF3600DC7D4
:10758000595FCBBAB419D55C5CF4FBBCEE3DEF0B94
:10759000CF03C382FD89D8CDB0B23370D13A4B0549
:1075A000EC2214E90A8788C8EF2CF4D116CF32EB0D
:1075B000B6D402E66C0423EB26ECD808CA6E19F6A2
:1075C0009775B87C8958BFB7501BEA1D18935FC0E8
:1075D000DF7734E6795E807F7BE2FE7204B7AF9797
:1075E00071FB52F9E0A7D569D9FB75AFE373312F71
:1075F0006E2DCA49EE990725E67A76B61BFEDE07A0
:10760000F1F7FB07FE7E4A7C3EB406FFF63865566E
:107610009264967F64C1071CA2FEB7C9F3FCC35DE8
:107620003FF40FC9FAD07FF2980CFFF0E732FC4329
:107630006664F847BEF43EC85541BEF2175CBEF220
:1076400031D3BAD9B23584B30C565BA93348833CE5
:107650000B30A5FC27DF596C5AA904D232FF707297
:1076600031C73231A97B66B6268BB9B6CBDFF9CEEE
:10767000626329578F3763EB4264CE0A900F914CB7
:10768000C6D7D601DF28DFDFBEC67CBEB370FD687B
:1076900018B926E3EF942A20F4643A611EDC19F845
:1076A00037F595301FD8E782DB4E743CFF543D6EB2
:1076B0006DD198FD38360AFF165172A11C0153F89E
:1076C00072D4AED897A3EE859AFE231B2C200E27EA
:1076D0003FCC0ECFCA104F2133B2A7647D209E4A03
:1076E0007E903D350B59E223C0A04A3D315D3C8977
:1076F00064B22324D38195521C0F2895185D97D32B
:1077000095F94AECF9ECD49CE9968C9E7B3E6BB3E0
:10771000234806A157282932B99A85B9248F153DE7
:107720003BE2AA38884CB6B71DD48E709BB2B876AF
:10773000DFC5FDC184BF6F28F68F770DD49D8F0CF8
:107740006C51882A966B0F346E5F3D536AFAC741BD
:10775000A3E8950A6253D21B799B207A05624821DF
:107760002E1DB8A850BC352402321A337114EFF321
:107770008A7BD19EA0E3C9E224FE5914B9DBB3DDB4
:10778000740DC749B656103CFF64F63814EB06E793
:107790001AB351AC76B5E73D82B9F11DC482DAFA6D
:1077A000602F4742CD3A54C464ABC4619E9D4418D7
:1077B0004DCC58B67D6A31F30E45325DF0DF3D9415
:1077C0009F75DA0CB93945D687104BD96ABA9E7FB6
:1077D000137CC8E9B16B5D6629877788D9B93E49C2
:1077E00005562575B98F8FA0F35CC6784054F9BB58
:1077F00010BB2C9649B227B344C62BCC924744B554
:10780000F11111571C55CCDC7017334BBE13A11866
:107810002F32D6F203FDD0E6A18488EEEA49E7884C
:10782000CDB4014EF02E6D3FBF3D63FBE8EDCA08BD
:1078300015E8035A76F31B6B517C181F29C6CF2617
:10784000DF6C5679A1C881B631EC1C7138ECAFB54C
:107850003F79DEE50C11D039A42A90C3D18AC5ED59
:10786000129FC8FB5E0B5FE01CCDDF6B9D85FD1694
:10787000BEA7FD9F70276E267F0738D0F9FE7E7564
:10788000EC4A146940C663BE29E92E8834500E03C1
:107890007BAFDF359CFFC2ACE07FFF1BB0868C372F
:1078A0003875880BB5CED1CC4EE9C8F00FF0FBF09F
:1078B000C96FCB6CFCBE5FC2DF15DE18380D977345
:1078C0000E6E3F97853BB953B03F88C7FA2FBD2E48
:1078D000F8DBE7998D93C42E1AE13EB3054E5EF9AD
:1078E000FE14AF6FC0FAF053A5E7B3353932E7683D
:1078F0007E0C3919A66FE0FF2A0FC5EF0FC3F2B84F
:107900006CA56770BB7D13FF3E3D46BE76BF311848
:107910009ED9BCFC2346EA44F07FEF1B06A82D76D7
:107920008CDAE85FF0797706E4DCF3FA9F0E0474F2
:10793000465E774A18F6173F78E7BA1163570AF19F
:107940001B9869EB2EB229159CB1BF3819D0E65AA5
:107950007F25AA775C8193D803465E9374DCFC5C38
:10796000ACE7596CBF13C54BB33463B6906711A72E
:107970002C2E7F082EEF315653BC94C341BE2015E8
:10798000796F511148A6E438ECC162497602B667B6
:10799000EDAFBAE2A5D41697E34F92DA331EEB3B74
:1079A00082A4E44348D507637F751849B96E197DF1
:1079B0007CA0847A1C6E7F078DEE5C3E9FEEB952F0
:1079C0007E84A346F576F3B66E69C0F63940055F4E
:1079D000939CAA166611288A45DA652C443388647C
:1079E0001C3D9579868A2999A35A0ECF39DD9CECE6
:1079F0003E873F15D42EC0FEF3262ECFD7A6E8AC87
:107A000020C0716BE921B6D1178CF94C19FE166AAA
:107A10005C2FDF4A3CFE59A9006C8F7F16482C5E14
:107A2000010F06C55DD0DCBEE07FA38A6429610931
:107A3000FBB9AC067E07D61D9D10F2BC672FC21E97
:107A40004D7801DEBD8DEEF53A95A6B888CE456439
:107A500028674BC01BE135D1175B1A518EA61F4416
:107A60001121D6C4B44A4DF8959AAC5B6397A3EC48
:107A700017BC02BC5FA6E57902505425C7BD8474CB
:107A8000556A42FABFA7F6AEBC85D350AA09E7678C
:107A900001289E033CB9781FA0A0C8647C6407C677
:107AA0007FD1F06FAF3873B4109D56941C5FAD98C2
:107AB000A7F1FF16E221F6C27FA5808401CF65C53C
:107AC0006E22B07C8CAA04EC23FFF2378899250A39
:107AD00021BE3F4C0751DBC64488DF974E4DCB4F4C
:107AE0000C294F453AA2833316F212E336F69398E7
:107AF000E690F01DCBDFB7DF0D20FADD8D0E447769
:107B0000BD9A562B4AD57E6C14B667E961B99A8D39
:107B10003BBCA39C286C87B51A772DFA374A5D9633
:107B2000FAC30F6E3251BB5D5720AFEB3AA72B73F0
:107B30000CD2E526739443D2EF6EE9DFD23CA4D396
:107B400018492EB15AD1F454E16C242B6A67030B07
:107B50007FE8F744A0A2BF3E9F81FADCFAEB1B95B9
:107B6000E6E121E8F31A4A9F6F7F7DAA81FA02FAC3
:107B7000EB734FF30814F4B90DA52FA4BFBE910306
:107B8000F585F7D7A748F39828E81B3194BEE8FE9F
:107B9000FA5C06EA8BE9AF6F589A479CA0CF692838
:107BA0007DF3FAEB930DD4B7A0BF3E699AC742416B
:107BB0001F35943E6D7F7DE281FA92FBEB23D33C2F
:107BC0009608FA88A1F4ADC14F588AE80F076A5B9E
:107BD00027DC33D21FA479BC33CDA2CCFD60283D75
:107BE00099826C01FD1EAFA75FAB54E408773FA6F6
:107BF000DF4DF3C89D66792AF79DA134E50BB226C7
:107C00007ADDC012150AF73EA1DF4EF3D831CD322E
:107C10002AF7EDA1F4940AB2C5F49A817ABE10EE67
:107C2000EDA4DF4AF3289F66F1C87D6B283D95825D
:107C30006C21BD72A09E6F857B3BE8E5691E07A69F
:107C40005946E62E2F9C8DCEF6FAEB81EF1AD2A97B
:107C5000AE9D96A65818727D89255FBA144938EEF4
:107C6000A5294E08F73E962EE92CAA9F66F9844D69
:107C70001E4ACF3941D6245D3C50CF45E1DE275224
:107C80006D67D1A569969DAC76283D4D826CB1F4A7
:107C9000CD817A9A857B3BA5AF7716B54CB3EC6066
:107CA0005F1F4A4F87205B287D75A09E2EE1DE0E68
:107CB000E92B9D45B669968FD95786D24344DAEDB4
:107CC000B370A01E49A4DD3E0B3A8BA848B0CFFC90
:107CD000A1F42822EDF69937508F5BA4DD3E733B6B
:107CE0008BDC23C13E7387D2E31B69B7CF0BBC1E6D
:107CF000BE45F39A0284BB25D2F8CE2275A4A5888E
:107D00008D1F4A5388206B90CE1E58A270E15E9161
:107D100034AEB32822D252C0C60DA5275A90FD54C6
:107D20003A73A09E18E15E81746667516CA4653752
:107D30001B3D949E7982EC2E69D4403D0B847BBB25
:107D4000A5919093146929612387D2A315648DD2DC
:107D5000A903F5243BEC33B9B32805D967F2507A6F
:107D6000D638EC3371A09E750EFB847716A523FBE5
:107D7000840FA527D3619F90813D3527D2EE9F4286
:107D80003A8B58649F0943E9C977D867FCC0F2145D
:107D90003AEC13DC595484EC133C949E52877DC614
:107DA0000ED4F385C33E819D457B907D0287D253DF
:107DB000E9B04FC0403DDF3AECE3D759B41FD9C713
:107DC0006F480FE4B0CF53835BF40947FF7B0A7C15
:107DD00050A4C5C4FA0CE98322EDFE61D4201FE44F
:107DE000E87F9EE083222DC5ACE7903E28D2EE1FAF
:107DF0003C06F92047FF73031F14692964DD86F4EC
:107E0000410EFF3072900F8AB4FB2705F8A0484B53
:107E10003EAB18D2074DB7FB07E7413E68BADD3EDF
:107E2000CEE083A6837D9C86F441D3EDF6910DF2DE
:107E300041D3EDF691820F9A0EF6910EE983A6DBFF
:107E4000ED2319A82760BADD3E22F040D3C13EA23F
:107E5000213DD074BB7D88411E08DF630AA51F82C7
:107E6000079ACEE4B31F0EE98104D94FA4EF0DF2B7
:107E700040C2BD7CE97BE081A63326F6DD213D9042
:107E800020BB53FACE200F24DC3349D781079ACE8A
:107E900014B3EB9E3C3683079ACEF76A6607FDF66D
:107EA000E0169D2C68324AD7800F9ACE18D83543F9
:107EB000FA2041B640FAD6201F24DC334857820FFF
:107EC0009ACE7CCA0E39CA670AB2BB078FF239C292
:107ED000BD4FD128CF4E6776B14B86F441826C8975
:107EE0003479900F12EEED922E061F349D31B28B35
:107EF00087F441826C91543BC80739ECF326F82093
:107F0000649F3787F4410EFBBC3EC80739ECF32A67
:107F1000F820649F2147F95A877D068DF2271CF6C9
:107F20008151BE1ED967C1901EC8619FF9833C90E4
:107F3000C33EF3C00321FBCC1BD20339EC33779053
:107F40000772D8E705F040C83E2F0CE9811CF6897E
:107F50001FE4811CF6990D1E08D967C8319E88B2AE
:107F6000DB2766708B9644D9FB1F8CF25414B393B5
:107F70009D39A40F12648BA5D1837C5094BDFF451D
:107F8000810F8A6276B05143FAA028BB7F881CE437
:107F900083847B3BA453C10745311FB35387F4410E
:107FA0005176FF3079D03A2D0AF7E38FE989E083E3
:107FB000A2984F861EE5A3A3ECFE2174900F72D801
:107FC0000746F958649F90217D90C33E1306F9201F
:107FD000877DC6830F42F6193FE42CC8619FE041BC
:107FE000B320877DC6820742F6193BA40772D827C3
:107FF00070900712EE7D2C0D000F84EC33E4289F67
:10800000E9B08FEF200FE4B00F8CF12CB2CF5343C7
:108010007A20877D7C067920877D46810742F61984
:1080200035A40772D8C773708BFE22CADEFF3CC02E
:1080300007453105ACC7903E28CAEE1F068DF2DF1A
:1080400046D9FBDF48F04151CCEEA147F95A2CDB71
:108050007B739007C277EEFC09FE270AFC8FF39032
:10806000FE074B9E1EA4E322BE53073A2E45312540
:10807000AC6C48DF83258FB40EF23CF84ED54DF042
:108080003B51E0BF2443FA1D2C99D73AB04F75E11C
:108090003E95F507F89C28A688254CB3D920D30F28
:1080A0000357E7D0332BED7B0022FE2ED56F776B85
:1080B00062A57D8D0B28051195968FEB09D33CB4F5
:1080C000EF8E76C840E3396E978C3FFD702D2432D9
:1080D00012CA748EA7232AF1DED6ED01BB5EF8AD7D
:1080E000E54BB23425AD387FE6DFBB80EBE1B773FB
:1080F0006E327EB4EFB72B83CB00BC52EFF2256417
:1081000063ED7701ED1EDF2DA2DF813D994AC6F5B3
:10811000C03BA679C0828AE4A07C581387B030AFF8
:1081200012212B706DE86D5E42B8077614EE15488B
:10813000DF06CD95CCEE863585F3EC763FF758AF6C
:10814000AFB48F3103E70BF9A995761F0EF3859431
:108150004AA6C4B6B2709E7D0673EEB1FD17A1ECBF
:10816000467AF9A07D1340EDC7778BE9A5B003539C
:10817000C9B81D583A54CD3285D2C31EC2C09AE543
:108180000AF70AA5C99D465D2593DF903C54CDF2C0
:108190002BED3E62E08C21DF5869F751B0BF50549F
:1081A000C9986C6F9AF02ADB511E4E4F5069A5DDBD
:1081B000470C9C3100F780DD47BDDA69ACA8648AC2
:1081C000CDAF1672F57ACC42A8EC819542D9610FF9
:1081D0006140BDF2CDC2BD62E942D87F01FBDC5DEA
:1081E00038947D6A1DF65930D03E271DF699DF6917
:1081F0006C40F6993F947DCE39EC3370C690DFE841
:10820000B00FEC2F5C42F679A1709E713D877BBB6D
:10821000219F41BA44ED8FF9804AFB1C233E9F8188
:108220009E17EBF0022D95F6390ECC1B5A2A99A217
:108230003DB30BE76D621E2B933BB2510748E2F250
:10824000C76D62FADD011E077CC7288D49F3B85B54
:10825000C9280FC414CEDBCA0CB233C454DAED33D0
:10826000732BD3DF3A52E14E91343ACD9DAA625C32
:10827000EBA30BE7E533836DA3A8B2D73F0AD5A6DE
:10828000BFA777AFB28F61B0B3E05EC57CB267EADB
:10829000936BE35B85CBBC5B3AF9F1DAA8853B30A5
:1082A0008780DDE12AC6E7C0C427D7264428F32EFD
:1082B00069F8E3B59928DCF9441A9AE61E51C58C91
:1082C000AA0F7DA28EC06841B2441AF2B88E58E15E
:1082D0008E493A013C4E15E3593EE14975815946B4
:1082E00095DDFEE31FAB8B62A1706727DA4948A8D2
:1082F0006276D4073FD91E5A41B2483AF6717BA440
:1083000008778AA581B0DB5B05FE21F0C9F658230A
:108310009418F6101EAFCB3B55F6FEE597E69E5E31
:10832000C58CACF77BF2D7CDACB28FB1BEF94CFFA8
:10833000F18AADB28FF1685E51C5E4EF79EAC97593
:10834000C9174AFCA974D4E3752912EE7C2C8593D5
:10835000841D55CC53073C9F5C9752A1C4BBA51EFE
:108360008FD7A55CB8932FF54873DF03EDA3DEAD7F
:10837000709E8919E877612E51853DEB2E7A24EEA7
:108380009F7F1FD862F757D9FB1FEC1CECAF82FE12
:10839000A77872AD6A71D95B5A1FAF533DBE7EEDAF
:1083A000669AC7C92AC6FD80F3936B740E97BBBE4D
:1083B000F5F1FA5CC6D7EB6EA6B95F82E7EB654FC5
:1083C0006EA94D586ECF80E75BF0F5CFE0FDADF0C4
:1083D0007CB9E4C9EFEFC0726CAB89E93F87B85B49
:1083E00025CC21D2DC6DE8FD30F223BF3A68A40A27
:1083F000D486E09307C08FF9AD76F07D2294BF5FFD
:1084000060FD2D9A59D041E89F2855CA6B59F25BFF
:1084100074DE4D368EF9F5AE28EFC9DA7EE5B5E9A2
:10842000FF30251BAC2AC2D43CA6541F67F9CFDD10
:1084300087836515B558D68A648340F609FA1EF419
:1084400097D180CCC568C8F4FEB5513258F69C5B14
:108450007F599AC4B2171B4583656B43FACBEA4038
:108460002F8FB054F207ABF1CFEC82CC3621CF1B6B
:10847000E55A0156ED472D8D81700EBACA566F46EA
:10848000A7BE28722CB07D6EB3AA0D9D3DB671E7D4
:108490003DC139FB8C4A2A5A92FD25B05DE573A790
:1084A000AD0BD5F525C94A4A4BE1DF095E758666F5
:1084B00009207D484238A451EEAA7681FC147A1E28
:1084C000E1D932AF7488D2CE310AFBEF791DA2DE3A
:1084D0004498B984F0577E9905D1C397AD80A174B3
:1084E0004D05181FA1BD095931F7DDD5C021A09553
:1084F000F0DA32FFB1C89615B3D6ECCD868762FDAF
:10850000F3214B36C05064155B7684F7E5C50A4C01
:1085100008DAD15EA73B036A43F4F62BD13E11A7DC
:10852000AF26DE545DDD9A967FC2FE46B0E1CF569F
:108530005167406948815DB2D40BF8CDEB7A13EFF7
:10854000ABA07F8E40F25F702C0B8E5A111AAFBA1F
:10855000B4798427B2087FA529D6BD1EB132008622
:1085600010E1B2253DC1DDFA3886420BBCB957D5C2
:10857000BB15693D52E3A89176E6321BD24BBC8B0A
:108580007FCF18538F4E9705348C264564F22EB753
:108590004BC433C9FA2D86E6003FA5A4500139909B
:1085A000927C1EF5857BC637CAB5DE4C77206F12EC
:1085B000FD0694361CAD9143C8D82380B9E3854E9F
:1085C000C7F9D3F94B0837D226E41DB570F1050F72
:1085D00006E51DF179A8AFF5CB3BE2E323B2F8271E
:1085E000D87B82043E65BF3F1AE243839B273EB49B
:1085F000EB3946DEDAA5032CFC9F541417573001E3
:108600004767DE0BF77C81184B4C6CC759EA1F9407
:10861000AD5127F1E7EA986B701E8EAB6BC567CD45
:10862000FB808783D3B1E7595C8AAF303FBB50AA48
:10863000BDFC93B52F605EF5EBF8E4BA9C7F4E3D30
:1086400001FFFE1222E0781EF5268880E32294982E
:108650002F10468C902B85F04A8C5694415C710902
:10866000724D3C0C10A9149C0331E82CEDC15D3710
:10867000A7FEFC0DE43FFD88DAEDCBDD32F8D6A194
:10868000E3093829E7239A7F6D498C38359EB0F38A
:10869000707C95152B7087D6768D39B58BBED8B783
:1086A0005603188A925DF489BE551A6F4A12CABCE5
:1086B00025603B037B9A86C38DD92BB0A7750685B1
:1086C0008442047E3870ED899953522297365C02B9
:1086D0007674EE6B47FB97A5A2DE710950A71CB11B
:1086E000C0512C8A0606ACB0D06B66586F849E824F
:1086F000FF6B43D301E3654DE81BF0FFCCD058F886
:108700007F7EE82AB85E1A9A00FFAF0CDD00576A38
:108710004393E0FFE742E7C0FF9B42D7C2F58ED00C
:1087200045F07F226C06FC5F11F6155CF70D2B827D
:10873000FF87841D812BD1617B90FEB03CA43FACB0
:108740000AE90F2B41FAC3B290FEB02F91FEB0029E
:10875000A43F6C3AD21FA646FAC35C90FEB008A4B0
:108760003F6CB4994AF1A6A8CA33EC98DDB83F79BA
:10877000B8039EA24B4DFA5A142D81724B07236108
:10878000007B8DC5ECC35B2AD5C4E3E94DD4236BD4
:10879000F1DF2DE8505D50540E738C1E8518850056
:1087A0006108584117ED0B59EE4D835F0C14BEAEB6
:1087B000CECCACEF1E69A0BBFB986C1883F96B079D
:1087C000980C88AD4E852CDCDAAA4F2FA8D2779D65
:1087D00037B8FE813047CD1E0FFB7A3D4269DBF68C
:1087E0002BDB33CC2A2B621CB07E03189B2F674CEB
:1087F000821C4F71BDB937F191EA4A8D38524A65F2
:1088000047E652D953A4D2ECA9B952C4A0B24460ED
:10881000253A65FC03DEF2CF3FFEBDB8287D81C15D
:10882000380CB0AE216B68B8E1A21369303A898F79
:108830006C926BBCB738117506666BB38C0176C849
:10884000FDEDCF6836944ED7A42F6076353B033AC2
:10885000E3D26E6743B71771EAB841E52472604B03
:10886000F2ACF45679FA82EB1CB264F12C885C12FB
:10887000753B794B9C89DE1B86EE71802EC65B3A78
:108880002B56B0B4B6CFD03307F00B207E8D67A443
:10889000E76358CE3271126999AE6DBF72FD0A62FC
:1088A000994ADE6030EBC46CCCA9EEF405FABD1435
:1088B00094C4D264BDF75929702E177629206A4ACC
:1088C0003256B6A4DD30CA49C4D7317AB7E157274A
:1088D000849A2BAEDE7C5FA4BA05767AE699CF380F
:1088E000C41DE70EB1B117663A79ABFA80A5F9E776
:1088F000ADA20D0BFE7FD9BF87694058F8A38264F3
:108900007AD693D5BACD10A3F7A7B17016B3AD95AB
:1089100040B83BFCDB7196C24EF48E14B3254E7208
:10892000DFBF34953CA2B198BAFE42352F6AE0BE53
:10893000565043B1C1034AD678929C463747239C90
:10894000D243C66DB46A3DC22D68187B8843E245A8
:1089500016B164CA3B8CADF09DCACB8B382BFF0A95
:1089600088EB660EB73370BEF1B0F462348A776C70
:108970008444B64BDB7D2CA78E2054BECEA771ABB2
:10898000B2A67E6C497FF8178C5EB9F7014D7D6108
:108990000E937D5F94BE80F71BD6ED4777892B9EA3
:1089A00087A87CE6A295407E83794D42DC3A42C698
:1089B00064C5BE29B0537FB3B6E749DF36A8BD8C86
:1089C000FBB2A86ED3F7678F93520849693CC21C6B
:1089D000E2EBFFDD11D44ABC205A946BC956C8BBE8
:1089E0003EACEF8906D4748E43B48144E8E9670A4B
:1089F000B7498CEB39FC07AF72A3F810C47886CC6A
:108A000021BF3A32F62D68AF1460794803DE0E6E4E
:108A1000C75FF213633B68FA97333B17B5D62267FB
:108A200060B2B1BCBBBF192CCEC5AC967EC86EF28D
:108A300076A688E9F1C643A071F36637EA79E3FBCD
:108A40008845E50FA5659DC97278AB9E7496096D42
:108A5000BFF66B662625615C63690E23B591C38CF6
:108A6000FD08F5CFC35BDBA34B7E30EC00FD1F2B75
:108A70008D1A02E10EBE69F40F0922B701176631A3
:108A800053EDB38B2463C2528D24201FFF864AD43A
:108A9000FEBEB7D487182BE3CB84A371DF436549AF
:108AA0003207026BED12216FF9F3E09C1E73E45B59
:108AB000D953A16E53A5D2A81B9DC020353305BE46
:108AC00007DF1FF38D1741DF17CDEF2C2C3200D6B7
:108AD0003357BFCB32A17E6B30E23C6ACBFA1E111A
:108AE000627599FEBCF2BD5184F101B4E22DC37EE2
:108AF000B6AC2DB9783827985C4908BC63DA52A81F
:108B0000A594714D91A35A1A2FA35614B7D68EDB94
:108B1000CFB5221AD0350EE73A5A118A9BB5414B90
:108B2000028C378913E2118656FEBB3123B1F8F867
:108B30002E1D37562CEB06744DC0C6C2F39CA6E31F
:108B40007CA973567803DF8F4CC6979C2FB3763978
:108B50002A25F2CB108DCFB1A2542C3DC4CDA62C2A
:108B6000E7ADF7518B8B6AE7991BACA94C7717A03F
:108B7000E977F5ED3E3E5E06E5E7ADF856D2826751
:108B80007AB9DFFCB81B759D1B618ACCE90BF260DA
:108B900046E88802F4EB6035FBF4C0D2AE075CA275
:108BA000CD80E2AB61B6DD25BE3A8663AC37386670
:108BB000484DDFA65F8218B3909EF5065DF7471912
:108BC0005B39E43BE3B7C41B5BF1FD6F5CDA00D7B4
:108BD000A71B4E1760B6E285308E019B294DB14828
:108BE00001F32A37986DA17F3DE7B2175840130C67
:108BF000415C5229E06B3F8119597777C6D63673AD
:108C00006F87926A12E63F5F275D852709784202E7
:108C10004F126D66A684F244335921730510DB7040
:108C2000FBF3F7EF5ECADB283515DEE9DA3DF231FA
:108C3000F4479E7FE75BC89463506CA852DE41EF17
:108C40005D695CC6F13F25E3A8EDB9A49A99F7A543
:108C5000C2AC91F9420EDA3EAB9F52A7F3F799C529
:108C60006EB1FD0F73351F073C731E0D3CD918CB39
:108C7000E511DCC4F3980A8CD5E28BF96613F16F29
:108C8000EF01F79F32A6426CFC7EBA1C65F0A0BFD4
:108C9000C18FEC41A8C6A77F4235D9650C8259F235
:108CA00024883A4458A3803A42A0D2F8EFA31D6525
:108CB000E9C319168785B2C08C8D2B4B4A13FFAEC2
:108CC000949F30D68F0AF3C0CEC5BF4772EF36D31C
:108CD0009FA077238CAB9095E3D788DC814FAE00C3
:108CE000CFF9FEC723A7329B2A50BA0031D7E83309
:108CF0002B2BC8D6E72D7527F67291CABCA59AA270
:108D000049F5150EAD7C7A0D874BD986D014D31357
:108D100084484C14BF3921C740B1306F1262380902
:108D20009F94F30648A05002FF31F26910F3FE1A37
:108D3000B028316D8D98EF672ACA0C479620D52947
:108D4000355CAB366BA6C8355145FF9E4479201C77
:108D5000ED7F4FA400991E95CE4A70734B3E86FA64
:108D60001F88BF92F3C76159678BD36C89AE3FA14F
:108D7000BB8047AB45C8DBA83CB64484F23C65AD3C
:108D800003C914CD0F8337233C8B43FAA39B8B007D
:108D90000D9AC78743630BE0DECC8F32FA3045B7BC
:108DA000D39F90373F212794FD8CC271A9C3375CB4
:108DB0002D889B0B3E4A88A22C55BED1B32AA1CD4B
:108DC000CC715D4D8C7B868D95C746EDF8F744A937
:108DD00007B3E300F1ECE4F2519651B2475981A791
:108DE0008E593E3E705F053D1F70F49E919FF0646A
:108DF0009E6BF033128CFF7789A4FFF741C01037C8
:108E0000498C6D3D9FAF1D3D7E744BDE4FC569A300
:108E10001B8AD7CFD84E594D690831353B62B3E82C
:108E2000FA1AA17C812C8764A22363526A5A3A37CA
:108E300024E8CD280BF5F1BB421ED4B20477338F62
:108E4000CF83501AAAA58D98A38A7EF980B1EB65CD
:108E5000862D27B24FA6D2FA562C7F93CFF4194E07
:108E6000FB6FA1A5F8FBFDFD90313867132320901F
:108E7000F8B6F8A5A852B9F117E6206EAB7C96B10A
:108E8000B16E569F3F0091C3394B43C612C7F96C70
:108E90002ADF1A94A79311C1E1CDD447AEFA3EADB3
:108EA000E4F804164A0D7905AEA742D2BFD6B91C24
:108EB0001B3B87D4ECA2010D04725A7B13E57B297E
:108EC0001AB1537FB323BBFC649FA5F0C023F43DCC
:108ED0005DEA783C7B5F8CE150FAB04C1B16C11206
:108EE000A26465AC3B81BE3BB04F65229C6E84FAA8
:108EF0005F4DC358CA79F05637FE2B5BD332161E2E
:108F00003202ABDDD246113F6FD0EC31A8D2213610
:108F10007C8606CD1E32267D46A7F40DA7300FC3F2
:108F2000E7FBB839C5C6CC029A0ACA6F6833F32882
:108F3000CC81CDC139708A7847B2214B2DC4AB4367
:108F4000E4703D8EB956EB4F7CBFD2B41A6113A0CA
:108F50001E87DA3ABCC7D98721D565C68BDCBAB87B
:108F6000D1BE2EF661B8D5734207C1AF9E71AFEC8A
:108F7000E25B40AA54E06F10E29A85A8659F7739BA
:108F80008CE515DC5BD6C484E0F1B085BFFE3DF70F
:108F90000CFE7B3DFA9B2B13426436F29A1B4492E3
:108FA000752E9AA84236EEDF93245C5F7B76E2C58D
:108FB000511C46CFA756028F45C12EF5B81C62281A
:108FC00007A707D51BAFC77281AB88C7A63AE7656D
:108FD000DE5878D50CAC0E806E2C151900A99BC7F5
:108FE00049B7BE0EC810CC989F707F7F80BE5E359B
:108FF000DD02BC82887B826C45CC15BDC03CE1DAC9
:109000005A84D907A26FF29E2DF66B958D40F1F030
:10901000951861E9C78C8565DA50AE6F672C0C45F1
:1090200008EEB1389BA5E78DB58FE3002F6C071CC8
:10903000E000223C6D2C11027B0239363765E27765
:10904000B09207644F09B3831A893C1EE2A3330030
:109050001F1DCFD69132FF6851F85B916F6F4D0A9B
:109060008917E6D1A5DF03EF06CCAEFE490CCECAC8
:1090700045B921799A0D099642DB2331CCBBC6A3B1
:10908000198A14D5DF80EA7F594049B6BE70003C8A
:109090001CE0128C548EF212295F1D2502C468C593
:1090A0002EE9FDBE1ED52E397062FCD53892B9006E
:1090B0003314D56431F31F5A3135B7206E2ACADF15
:1090C000E3FDE719C8D64B05EC0305C6CBB6E63081
:1090D0009E1DFE9317906585CEEDAE60430967C374
:1090E00066CE862F1DE32DA7DEC85B4EBD1B8F3FCE
:1090F00007D6261470B28CFB5DE259B36454FA03B0
:1091000032D022BAFB97318293FF08CBEFC4F2D55D
:109110003827A28775AC29AE5F3AF2D8D8CAD58E67
:10912000066F303E7E1383BFDCA77547445ECA4599
:109130007291FFB70124F39B9C3041DB86A7428AE2
:10914000FF40EB5FE5FA2051F16DDC9E7ECFBA0D5A
:10915000D67377BA8B4614E6A29CF059B7D148C6AD
:109160007E56637ABFA5712EEC5FF500FE99ED5136
:10917000C6F912737AC29CFDAB128E1C416D077D3D
:109180003934E334EC9844F03DBAE1EE44A31B706B
:1091900048A03C7698692772F333E921C07BFFAE83
:1091A000F15FFFBDD128E4BB4F14F24A4E20B4ACAE
:1091B0007D399857B715F5679C173D5B958C7CF307
:1091C00017CD546AB52E87801C5D892A15661991C2
:1091D000DDD7310F29DE21D0CE26FF83D61790F7B9
:1091E000F927F086A6A2D958C3EFCC7D2BC1A3B72F
:1091F000F0F988644C9BD9B458FF5399310CD09343
:1092000059FAF3EDF423CBE8BB8FA8A0CFA47738AD
:10921000165B8491EC77635FCE04FD91536304F495
:10922000F5BB1C9BE3D18ADF82735CDB006BAD4E28
:10923000404DE53127717EE37E3CDBBBB34F678950
:10924000A61EA132F87F5DF10B7F97AAC4E3C86D1B
:10925000B83B837AC8DDFDAAE2726021E4E011A682
:1092600077F3FE48D3C684A498F9B128A071CE6FD5
:109270007C1D7497507DC5419A4B882BE48DED88F9
:109280001BC172B7F5E1911AF022EFDF694428ADF6
:10929000FB74EA9E53C09F1A46DB38BE2D2F0BC7C6
:1092A000A640D7032705A304168ACC309D8DC88E0F
:1092B000A30924C1D2FE4423D1628E58EBD726BD28
:1092C00015D8127FEDCCC30BF72E77FDDAF17BFBBF
:1092D000F51BADCD5FAC9A90C336297359926F835D
:1092E0002D33F936999286E72F9B33F6EED3A359A7
:1092F0008830BFD556EF9242BE14CCE598F7AF4800
:1093000023D744E5F6FCA4A4CE89819F49D2FB8AE9
:10931000E7E20DB755AD1C3EE631E7C5B225597100
:10932000E4F3688DC4B83929B2E63059D291DECE63
:109330000FFAAEBDC058F5CA800FE6690BE2CAED60
:10934000E3B8AF314B33AEAD1CD8227248BE14D453
:109350000ABE54149E4D111BA9BD0700BF1B76BD4C
:10936000F86F65BCBEC4FD743FF9A5587E0ACE8572
:10937000FFC89678531B9FBC2FD96959EB86B8F765
:10938000CADF93BEDFBA226E65F9CA28D625092145
:10939000B1F39CCA8FD56F1FAA1F8CD376AD7B16F5
:1093A000F35AF74CB4ED37508D7D6E4B9894FD8099
:1093B000C6448B779FF4598EEDA545F2582E028F47
:1093C00005EBE798AB8B6E10867A5B9F2DAFA727D6
:1093D000497A7A3FB33B962C065CEF0AA2788578EF
:1093E000B2940CA3E9198883F3CA36EAE96BF495C1
:1093F000238EB7C6BE86FD6FF8EE23EC38C34EF061
:1094000051B02B50BD79A73860CD992D170A99E638
:1094100015649253CA11C8D79496B30B4BE271F9F5
:10942000897F654F9613C5DAD1F570B2498A27EB6B
:1094300009D3D2C2646C9F85A14DF83B3FC7BD895B
:10944000DF6F5BD9768469BB41303E2AB17812C8A0
:1094500027C3AE8E2829EE4776AC027B9F5F93E24E
:10946000388E277EEFF14A52DC788530EE1257D8DD
:10947000A7AF39E5D520DC88FE2300CAF15BDC8488
:10948000F66ED07E1137FE681AF29F3B9BBE88F7BE
:10949000E58E3C3FD1CA7876E606E4D13FA3195168
:1094A0008B5B3193D2C7AF6EE9F25ECDD75BF6E549
:1094B000303D56C8E561B165D4B3B1BFC4636EA990
:1094C00056290FA95B65E667480DA6A89C8C9A7D76
:1094D000ECA6F770D9CF05EB5DEA6C0B95B9826508
:1094E000D531F83B3D839F7F7DBF995FD1D19FF2FE
:1094F000FC6FDE3AD81FBC8C78665B4D68E569AAC4
:1095000045F3D4A8424913975DF49D048FCFA51B62
:10951000C9606F9C3D688C472BF89B2D96A42D7FCE
:10952000FD6BA58023D9C44C3965F082792E5A058C
:109530001BA7109701DBA0A4FE334AB84F68B7C938
:109540002F9718D81C98B5FB579660AC49E2354662
:109550001123FE7E0193A723B646FBE5E2F2AA7132
:10956000795F2ABDD81F3319F63DF833830F51595F
:109570006698972DDA7064F0D740D84D1CFF4343AE
:10958000EABB7956D532741AA1B76487CBA5C62B2E
:109590006015FD9CB7989DE1A4EA04D83D40F2CE49
:1095A000114DF066A65B27B12DA2F696B3F371DBE1
:1095B0008ACEA54E17422CE36682B724FB0C5F329D
:1095C000F629DCDF66B72D12466AFEEBCE65CBB816
:1095D0002F7B4D62D2D6F729DD25A26B31880BAAED
:1095E0000830569CC4544020205F446D995B84C76A
:1095F000866F5109FD4B756F89DCC8FC3049A18825
:10960000673735A670FDF097570554B4EA7DFAD157
:10961000F04D554BB8BCD05F703F0DC0ED4281FBA3
:10962000DFDFF566887191927119AFB2F13EDA12FF
:109630004BECA33CB3DBCA2489ED57C822EE435F51
:10964000394C7593506ABAFB566D4FE9F44CAE2E07
:10965000BC4F7C5D58B275F736C3B76E1C4F916D29
:10966000EBB58BD91373FA3C975AF25B1F82370D17
:10967000EF7AE4C7FA24019E00B265452A1398DB0D
:109680003B09F1F7F8ABBB17AFAD81F5179914376C
:1096900001CFCEA32BFC52CEC31901CF428FF8E8E5
:1096A0008373AA25FB0976193587590E1968B10EFF
:1096B0002E79B47B6F50C58877FFE487BF67E62BB0
:1096C000D5EE5FC24E971F1B2E53EEE82627087873
:1096D000B27F1F2BE0985F4FBA539632A130A1A6FC
:1096E0009ACD89B63C38F8904DA9ABE9BF13CFA30A
:1096F00043A6D7AB96C2771DFB43281A610153E0FE
:1097000059462A237CD600734E0EEDE1BCB4A4DE8C
:1097100027393DE1F4F6DD5B1813EDA658E9B646AE
:10972000B60E9C52DF7CBA3AF5321ACFEF2D837B0E
:1097300057B683BC09F6792BFAFA005DBD28B299B9
:10974000FF4BB723F206377E35D0CFA0D5AF584DAB
:109750008D2FF989BFA7F95890B21644DE80B17AEF
:1097600029F4924DB27266E40D85BE851B170FD2A7
:1097700001B2E46AFA32C18CB4290E14850A7EE57E
:10978000D6DA164F2D928037F81677721C4993520D
:109790005FA42C9CB52776BFC05F69F88797D5B4C6
:1097A0001E7264D1D549DD73D19E9E9D053B15CDBA
:1097B00092823E3D044C1911FFC9D6B8890FDE16BE
:1097C0004FC911037FA0C4279905746989E4A81EB5
:1097D000B0F309C0BDCEE4FAD6EFEEB72293D1FCC8
:1097E00007AE4AF66D465C1791C9C19BE7F2FF6E62
:1097F00099CB82BFA5361AABA97D84A17114B13B68
:10980000CF90E84DCCCDDD9D47C68A4A7C162856C0
:10981000F626EC36F1FB858D64E4D2C01D888D7789
:1098200020BEBE68C5186E67B685501AD0BED6CFAA
:10983000E44963A6850ABAB5BF5AB707C6CABBC40E
:1098400081A25B47705BFF6DED1DE735B295B7F602
:109850003BBE6BC4296332870BE06DD2A6275C50F8
:10986000EDFF03F179C33ACD9B9BFDC319487132DB
:10987000CC9EA4994B0142B3EF02C214B997B175C3
:109880004A33EA2FE2C0402FF80E1CC334FB226398
:1098900068955071D4B20FA55B9399D46F253C4362
:1098A0008C6E2270BC70964F1DC9D9755A77388F4F
:1098B000CF8DC7981C478DF89AB412CA2254934B87
:1098C0002460DB414D52CC59794CDA41824DD9A408
:1098D0000D27FC8AF01AC26D2C467DD41E48BAC3EF
:1098E0006AE20B51BB5E647EA91EADEB8273C6506B
:1098F000684616D83C418F773C2BB2132564C96D5E
:109900000E8597BFB217D8B66AFBE3D88B179E2097
:10991000B2130348676D3C7B58D72042B353C00451
:10992000E0736657A3E7C589CD44EF247FCF2E4E61
:109930008E0D3AA682D3010BE208437AFDBDBAB080
:109940006EE27332F60D33C76BC559212852E8B960
:10995000B9ED61721B218F6163C613C228E86BF3F6
:10996000AA177A2FEABB6385359BB3852A7C44C549
:109970005CA9E1B568263B78CDAA2536D8878491C5
:10998000936B6B4D66D77A077A867DD573AF073FA9
:109990001914FEC6DAB2A6DCE630788A3B0DE3EF96
:1099A000DF92D7231F9BD4EF9DBE543DE4D8F3B97B
:1099B000F5C8EF23AFBF6F73E8E60339C0B478078B
:1099C000F3A34D285E428E63EE5A619D8B18914C35
:1099D000ADCCDFE690A635E8AC3A23E1F1F555923F
:1099E0009D55CDFA3430D6018706B254B030FBDE37
:1099F000E6978267ECDB47D73ABE4DD35631583BEA
:109A00001BACCD78768B1CD733F3EC08AF37E7C3AC
:109A1000BE0D9ED7D408A77DE935E2840072CA6ED8
:109A200086B1012F17FA9E3EDA72761A55CEF17D75
:109A300045E16F99391F7D4BA41570793C856F56B0
:109A40000B3B18051CBE00627B57CA97459535092C
:109A5000B38FDCE6C08773BB1637A980975C39ECFF
:109A6000A757D317C46F36BECAEDB3DF060C5579BE
:109A700076D029973BC7C374EBC5D5393789C2E87F
:109A8000FA3F93E8B0AD301EC05A262C07CD383AC5
:109A9000C48BD9EF2F56CB37136758C00EC67C9FA7
:109AA0004D73E617A2DD61D4E7203FFEC2B71D5B10
:109AB000533701AC2A1EBB5B013D4C8258EBBEBF45
:109AC00007386392D2F6EF1F665BE5D2DF9A205E1D
:109AD00020A74B866BB32A3867F4A9C5B9781CDD7B
:109AE00089C7D14A6CB19FCB611D33100F41B4D2ED
:109AF000F15D52152CCDF5CCA8EEE1308ED3965108
:109B00004F77DE3133C3605EBA643FE0B2DEED838F
:109B10001502A0E53205D0239EB022B0A8EE3E4249
:109B200088122D35613A6097DBD4428867CB886014
:109B300063AFCA9FA0C936B30BE05CF34C6908233E
:109B400063306B5ABD19ED1C217C287ECDD6FC3FBD
:109B500061BC913E0CDE4CCEC98A312E43B38A657E
:109B6000BF33DEE1A403FB17EF9665664F92F495D1
:109B7000FC349F9DD0BC1138AC98855F1264BD4108
:109B800022E90DD613DA1EF3E8B5AF76BCD99EDB19
:109B90002E8C9BF3EF2DEC0ADEF2F516D49A1F5BA8
:109BA000054FE2CE61E6A21D66F4450C5E72D1D18E
:109BB000CD640C9A6D51F12104C71DC89FF33AB9C9
:109BC0009FCA8A5D88F14C9A6E6537E4C8B2CEFEB2
:109BD000CE0A338ADA4E79BD4F3AFABDD12848957C
:109BE0005E61FED0137EA987697D74B5EA3E46E7C3
:109BF0008802CC5FAF5388C5551C987B3F2BAE4C79
:109C000018AD57237EC5B55076BEDC681CFA4C23D0
:109C10006A62FEAC18199AE3444DCD550571E7D23E
:109C20000D538B7C38EEB2B14B31DABB0CD6DDA5CF
:109C300080744AE13DF1D7EAB107A0FFC764D10AB9
:109C4000D37ADBD9B8E4566D394225D5A5AD991143
:109C50005E573376E966FCDEA689802E5C07A75640
:109C600004E219E33D12F24771C9A214F40C5FD269
:109C7000C08E2C38A15427A90CE8B4FE7872BFE737
:109C800043D1F31691EDA1A859740331A8188DDCC6
:109C9000C8FD1EC27F92790223091FA3502D4AE1FD
:109CA00038CAF8A7362CEA5786D2099C0EC2762FFE
:109CB0007225D210D50CEBC21BBC9ED49529FD2475
:109CC00089F19CE4305B17486239603E69E765AD15
:109CD000ABD69A1D88B144D38604AA262321C2FCA0
:109CE00059CBD8E5C06E61007441D1F8B70C663528
:109CF00091F7936152049C4B92AE596A521D0ADE51
:109D000015CFB81AFD9678D58F9F3B361E7FD7FFAB
:109D10005ED78296249E0D10ED9B3B9018A45D5F4C
:109D2000C3091F205ECFE17C32FF3C308B53016CB6
:109D300080C518D017169E49F857EAFBF19A90B1E2
:109D40003CFE12EFCFE3012FC178028DC3925FEB8F
:109D50004F018386780C461F89FE6B5353D2E9244A
:109D6000018B84F3C0FE072B2EAFAD0356461F8C2C
:109D7000CDD0C15D3D5071F18D7AFECC40BD17B79D
:109D8000A4F67D3A268E92190151CC7F5FC5052A33
:109D900085A1793ED3DF186EFFB081DB9F3857A8CD
:109DA000E5674015E7F17871CECF58669C58687E1C
:109DB0008750A07D86DFA53EC0E1E63F161068749F
:109DC000B40FDEFFD86D7D94A5990EFCB3EC593C21
:109DD0002E9CDEDD809FFF4FD171846C965D2EFD41
:109DE0000F3AAFE7761F3E6CBCF7F8FE07DA11E9D1
:109DF000E550ABA52D8FC71604C368E31BDE392ED3
:109E0000249C8BA659C35942FE5C5D5A706538C4C8
:109E1000048533AFCA67A2681C7D2CF694BF00B2DC
:109E200065D4EEF8679ECF7B1E7AEF03D6F2A4B31B
:109E30006C74869D1543C69F32D765331B13A731BB
:109E400099A97F67B2D74F33B61208CF6B299A0F03
:109E500070A7389B692258B7309747E268795DD57B
:109E6000823C6ACA0A3C2A7F3857F763AE70977AF9
:109E70008DBFCBE2BB991F384AECFB88AA0BD45D9F
:109E8000B0CBC6BEC2CBD663D9DA0DE249398AEC73
:109E900089128520A15EC84BEC59895785EBC59383
:109EA00025A46732904D20DCDCB7F892C6BD6597DB
:109EB0007F19CBAFC2F2EB405EE4B992976FC0F26C
:109EC000271DF2F3B0FC722CBF563C394732598B38
:109ED000E55762F99576F917B17C2A967F0BE4A9CC
:109EE000C94BB1FC722CBFDC2E1F8FE5F1995C29A8
:109EF000EC4CE44827AFC1F24BB1FC52BBBC06CBE3
:109F00002761F9A5204F4F7E17CB2FC1F24BECF202
:109F10003158FE4D2C9F02F2B25784F22763F96448
:109F2000BBFC0C2CFF1A965F0CF2F25784F22FC682
:109F3000F28BEDF25158FE152CFF7F20EFF48A5082
:109F40007E2D96D7DAE5A761F9042CFF3AC80F7B7E
:109F50004528FF9B58FE4DBBFC642C3F1FCB2F02B6
:109F600079E77785F2BF8EE55FB7CB4760F97F6011
:109F7000F98520EFF2AE50FE57B1FCAB76F9502CCC
:109F8000FF02967F19DA83D8731D967F05CBBF62D7
:109F9000977F16CBCFC1F2F3407EB8E707587E21FA
:109FA000965F68971F8FE5E3B0FC8B203FE25D4131
:109FB000FF022CBFC02E3F0ECBCFC2F2F1EF7EC00E
:109FC000CB485FB6F7AF40DCBFB04DB4B3315AEB0E
:109FD000363C5A944DAFC21E7F817B9541E545B01A
:109FE000D9A3397ED46734CC76E03AD658F2AD277F
:109FF000F058F2D2982AEC113EED3DCABFA93518AF
:10A000007A649DBACA40B7F5015A634A779C4AC53B
:10A01000C52A25F0ACAF68FC74C56391AF45D93D46
:10A0200085C88B3FA363A489943842A27096E1F857
:10A030009CCF17A7EED3B91C87D9065C032C961BBF
:10A0400078A76414FF965C1F60F4F8EED401C4E9AD
:10A05000CAC81249612CD73E0788F03B001BE86E46
:10A06000EE087ED44E95A2739432368A1519CFC36A
:10A07000DC077BEAFF1ABADD882FCF1ABA0308651E
:10A080004B38219F55703C3E7B37608477D3F2D4A8
:10A09000B6ED2E3430EE39B9A4C2BF7AABC86B89A5
:10A0A000929E4800979E3385AE6CB73AB9A37F372E
:10A0B0005A471E4CCDA3DBB633C50D1279D668FDC9
:10A0C0005314EC60468F894BDADBBF2EA53B203260
:10A0D000F72CAA49D40D54175CF7E1D80F8E1C5DFC
:10A0E00063805AB868E2B32D99D67BF2595FD57870
:10A0F000A5CA69A610F02213D389DE2DF50FD0B3BF
:10A10000733BE67745DD28D044B56783170BBC0762
:10A110005B4F5BA21EC6D6B84214B59570BCDD3548
:10A120000E9D7751A5AEA0C352687DC8EBB8D59DF2
:10A130005EE31A07384DA572745F2C6ACE8A350F1C
:10A1400087D9F5882C423517C6A2A83F9740ECEC7A
:10A15000A68344D66C838824AB734544DA536F8658
:10A1600074EE1D1E92FD0F19B0A2CA203EE1CD90E3
:10A1700030BA86F027BAC9C5A92E0DA8542EA95108
:10A18000378EAD47985728B603B807616D9675E2CC
:10A1900028556D2D22A2EEC96BE4716BCD2CE50D17
:10A1A000719096171BEEF9A5BA6629D3D91161C033
:10A1B000315D9DD81DED57E4730D69D909112F5DEF
:10A1C0008AF44314FE3AA575E8EB5C6BB07F9DB84A
:10A1D00082E350AF4477D2D0AD1B81CEC1E580A9D8
:10A1E000394914D5CC7F31F8023956280BBA06DC30
:10A1F00088228AFF2BD73A724AAA819E44C0FDDD8D
:10A20000562764A3E1C84612786F5254F367B3B37C
:10A210003486E159C424B10832A31E41F4B0782E2B
:10A220004DA866232661D9C26AB607F24F20F273A1
:10A230007BB57404CF23AC1687F867D693690A8A76
:10A24000E30D5E9CBAA1410CA5CF5B32F5C6CCF5FF
:10A25000C09C80FA9988A11B8173006C4087598D3E
:10A26000C4D47BE384B6C0AF1CD39FD416B4B7F874
:10A27000B650DEF94C35DF165CE32C7A6B873CEE8A
:10A2800039F314D416765A09FE3B169D9552C882AE
:10A29000D36B9E4B654CFC77EF5FA782D911E6E745
:10A2A0001E7B42DFC03F516F76B4A29201AD68774A
:10A2B0008D7EF6A5232CEDAD0306E3E755B791E4BB
:10A2C00037C6FDFB6392791C26992C7B8A4486A3B2
:10A2D00053FF19C88A9AF9DA68639E39E5937EA418
:10A2E000C12FD753160E2BAD400E454A51179CABCC
:10A2F0003C584830A361ED32B0FFFEBEBA6375EF43
:10A30000B544E6259B68AEAE5CF05BBFF13E49DD2F
:10A310008657C57D08C749A208B90148CFD0321871
:10A3200057F9FDB2D4C8F6D51DFFEE21E76C587879
:10A33000C9ACA40EF621C66A398EB3C9FCC4F12695
:10A3400054B3F8F6B91DA86EF3BB02EF019320EFEA
:10A35000CF1AF178FEBFF3073816E34BB00E09426F
:10A360007B2515E67DD0A68A356FEC72B54E81B699
:10A37000D378B3F82CF05DFE0B9D5F0FDE931B7D51
:10A380001DEB2178D4B693260355EA81E7257D3C61
:10A39000DF3DF1A241C21213B600AFEAE6C09CACA9
:10A3A00039B0F7440891B0D1DA60406343BBFE3C5A
:10A3B000F72675CD3F642A493D71A7E9A81EB092E2
:10A3C000755E04E2BFB18C7AF0888C21E798B40BFB
:10A3D00061E71547CCBD8674BD8A7535D5932DFED2
:10A3E00021C124258199AD88318E83557717870E39
:10A3F0009860A6E4D7CC685702A1F909D8D0C683E3
:10A40000DCFE7100AC76092A8679AF4B648CE1786A
:10A4100070CAC839C6510859CE6935BAC7ACE80206
:10A42000661039F184BD06A835ECDFEE505DE2C65A
:10A430001D8C0EE96B9126976B1D92645C5DACCA16
:10A440009D3B5F83A754B3D0D9F371757E723821D9
:10A450005C6797E23DB3B62975C17A3E52A7E923FE
:10A460001E91ADDE1DCFDFAE94A5E276F2C70E8859
:10A470008ECB5FB115CF937C7FC338794AFCBB91FB
:10A48000927C2629318BE3105B29210ED67D19079A
:10A49000276CA26C8D3BD112E79D4B13BB74DD0F73
:10A4A00010C3BBB71476DD60D7A02E8E11DF25BE9A
:10A4B0008C33B0D2BEEA884AD8DF25E39432ADC4EB
:10A4C00020D34A95E24C5A399C901A861312E5889B
:10A4D00073A23DFFC886D33B66F13D1173FB91C863
:10A4E000B2D9DA0711B3BD86BF80D7EBFAFF49C2F4
:10A4F000D87251541125A5E8B61AA605F01E01819F
:10A5000011985CB6A7A2F33DB8B74B67BC8F76BA7B
:10A51000EED4E05F0F81AB84BEDB8778494F6FBF1D
:10A52000D688D639F13754F065C453BE74E251C8A9
:10A5300021EEA133C885FF36CD9B3625635BFDA593
:10A5400007962238475030B21E6213B6A0EF9D7DA9
:10A550002CC29A044EA626372D5374579231299750
:10A560004E7FE0072B763E023EFA7E598A4B9BC017
:10A5700024D7A41C7DCD18CD5D0FC511524B0155BC
:10A5800096BB522AC3F6BEEC5ECA5F21427044D726
:10A5900012172CA395F2322D17F07CE2B880298C8B
:10A5A000F1F47A004DF8736EED7A847F63E6D88417
:10A5B0002B46AAAF0F78B81354545F3AB41BBFA20E
:10A5C0001A546B6FAF40C2AF63A657E662BD064E2A
:10A5D000C3C568A517D83EBFC99FBD4BF8170692E3
:10A5E000EC9CE76AFD58C4956C9CC779D3E7DD4FB6
:10A5F0008551C005C9FD229E1F5D1746E909FE97DA
:10A600006F3C799ADB4DBE6C053E43A86D2657A37F
:10A610004559738455A168399C7170590980E6BF0A
:10A62000F0B9B5D25EBF9E405BFC9DB9B7E6B72DD1
:10A630006C79F5DAEF0FAFDF6BEDBAD9F1673BDA82
:10A64000A1C85CC1C8241E020B3517FD140CE3A77A
:10A65000D3F2991720232486405CCF18855AEE2D1B
:10A66000052655F44EFEF70514FDC9F714F6185CDF
:10A67000E5CB9EB18F85B5A248E1094C2ABFE01A0F
:10A68000BC042766D0666726C217177713BD0B7AFE
:10A690005F7579BEE07966D702D77ECFF35A29FE7F
:10A6A0004A8AFD0A21813C8156C4F917E8B8B615DB
:10A6B000DEF27F1421DC91DAEF6837C39D784AE43B
:10A6C000E6C9DF595267D7BCD1F5F4B144BDAEE459
:10A6D00027B966DA2998854862892C58EBF5BEC6F9
:10A6E000D407FFADBF05A2768AA7381169CFA03C79
:10A6F0000DBBDEBFB2628337DBDF0FBB99C83AFC0C
:10A70000AFCC6EB04CB4C33299B5CC2BD428BE1E9E
:10A710002D8704CB44AF84922DA426DF5C13BF6E3B
:10A72000DF3AA70D3797C52FDFB7DC6945EBFB7123
:10A730001F947F20CD685D45C68E83AF2694FCE4D0
:10A7400057DC4934F7ACF6FF31F6EE715155EBE3C7
:10A75000F0DE33B36733080A0D302068C36C2ECAAD
:10A7600031F33E5E8A03CAB0C5CAAC23599DFC1EB4
:10A77000740B649793966676E21C10866140441AC7
:10A780007030B483A8A0A49E926C2A334094B1ACDC
:10A79000BC8B661774C451D3D2020754F4F73C6BD8
:10A7A000AF01AC733EEFFBC79ED96BAF67DD9EB5C3
:10A7B000D6B39EB5D673793D6E25F8C508D83B470C
:10A7C0005AC107D0FDDF36AA81E013974FE9D57B48
:10A7D000F3E9492E7373F155C8A705F349BEDC9719
:10A7E0004FDBE2C54D90C7A25B7EB0636503B9DC69
:10A7F000111CE3856BF9A95F79AFC4AD9CB49F963A
:10A800005343E9BBA2B79CCDDE72B27FE32854FB71
:10A8100026AAD172D70BB57FA3174A7F7D527B50F2
:10A8200080DCAA0BD57DA5300BA155F76954BAFD84
:10A83000A49C73B43DB7C24163DBDE42F8E1B3725E
:10A84000DDD4E7FA52E9DFEC57CFBFD4E5BDBC3B1E
:10A8500083E2BDF13B1BCE13F94C18E4BC3B95DA07
:10A86000131EE563475C8CDFCD1573BEF8F1ACA316
:10A8700020818E856FA5A07456A85AC29AE336A887
:10A88000D85D728DA3ABBCF966E3884DE57CE8B872
:10A89000ABEA370E6C7579AE69DCB93A337043C9EF
:10A8A00072ED6A8EF7D66791CBC4B53DE5ADCFB1F9
:10A8B000B85381622F7E0FF7EB8797410AE3872712
:10A8C000295CC291FE70C95FF76BDF8BAEC7B86FB2
:10A8D000CD8F2A2783B7F5776EB3EC23EB7D7361B9
:10A8E0006CBA5668BECD35FAB2F59E39ACF40EDCC2
:10A8F0008039C879492DD6F3B23DF7E14246B98D8A
:10A9000067692D5AE2ACFDEA7F40DBEA3F75F2C58C
:10A91000708B3F33B9ADAEC8D6EAAF90BE1B31E005
:10A92000C4C14F2D5333BFCDA7F309EF71153EA11D
:10A93000540EA23120B4A6777427E4C69D971EE773
:10A94000C0B78A9F0FC83BAF35B2E1160D33F98A05
:10A95000CD9F5548DFC6B253D36DFE890A19B6AAFA
:10A9600039EEB0225DBBF2313A53AAF60A55DB51FB
:10A9700056FEBB65ACF684662ACDB149BBB29811D0
:10A98000AAB733F3D369FF3456A74FE197B3827E5A
:10A990001B13AE8B6560F410DCE4EFF162A6F19955
:10A9A00007B6287AEB9B5F704F7D77E53454A79309
:10A9B000FE21B135965E7C3EE59AC375707F9AE7BD
:10A9C000FBF29EFE14AA4D4DA8561F854AED99ED47
:10A9D0005A59BEAF2F8F8C5C5869DAE8B87DD235F2
:10A9E00093DB0B9258DE71FCA73AF3170D78FE0C3F
:10A9F000B6F9E1045818E7B980D2B5E522EAB30800
:10AA0000C33D23E1945AC4B36161B79BC4C8DE0C53
:10AA10006BD73BD48C4296F6CDB17D64AF6806CE41
:10AA2000839C205BDA2A5E442958FFE68A57F05F50
:10AA30007368DD6BF80FB76022910B104077C9E6A1
:10AA40006622C0EBDE8A6C0D48052528D635E95212
:10AA5000897E55399C089A64B9477CC07BC31C2207
:10AA60008FF436675AD724BF5BDE8ED88B7510B64D
:10AA7000D656CBD0825ECD9038B7B81A3D07283372
:10AA8000C5D5283F25DDEC64D84B1B3223F6EA768A
:10AA900011BF54BA7B73C7D36FBB11B94DF1CD81D0
:10AAA000B813968CBCDE6F27BC1D9826C7DAF8AAAF
:10AAB00001D26FB5E01175202F43D62EBB07AE59DA
:10AAC0003EC1EC3D31BD15D7F270D24ED1EAC6730E
:10AAD0003E3CE11BE39584BA65D8572DAE75D39300
:10AAE000D4AEB8964B0DD5628F317EDF55878C374B
:10AAF000FE6B196F610765BC853965BCE538AD2211
:10AB0000E2CA2C5E6D4048B8AFF80ABFAF6D96BF81
:10AB1000AFC8FE02FEE595DDB4046599A9DDE557F1
:10AB2000B78AE8D9500E6D5EF435C834057F21CB65
:10AB3000FC8BCA3ACBA7F993AA04D60917753CDC5B
:10AB4000636878650BCFA4DF1C6BA94D50F39A584E
:10AB500021FB02EC7936C2EF58337CE134D1DAA51F
:10AB6000ED83BCBE2C9DD60F9AC99B33D6AAF5C4E3
:10AB7000321AA711FD2F182D77B51EF19E90A55FF3
:10AB8000A809763EE8A701EE44EFCA75877B717D80
:10AB900084585A54EA7638B7FF8056C4239A1D4623
:10ABA000460FDE3203D04BA6323636B7B25564BA02
:10ABB0004BBA8BD61E925BCF3710ACFC74AFFF152F
:10ABC000F0970E799D128F3FB2F291AFA6B1B1E628
:10ABD000F4F07C3523FDF61173F8208C54B629442B
:10ABE000BA708171DCB83BA8ECE02927C2268AA79D
:10ABF0009A2BC4C0A240B711CA06E94EFF8A66D993
:10AC00001F80571E38E196211DFD689E4BC39EC4D0
:10AC10005241AB40D5A9925A6A15302788DFD2D865
:10AC2000D724FF76464343E27229A49D7A34B5BC0B
:10AC300080B2648134A676992BACFD8EFCEE7EF654
:10AC40007B07859F77BDE1DE9158FBC4FFDF91C88C
:10AC50003FFEC791881278BF2D538D42B9DADF1CB1
:10AC60003CD10D85675C8E680419669BFAFD01B6C0
:10AC700072BCED6967C7D80503F47BACABA2F50ED7
:10AC80002B3A38C66F48F2E664BC0B0279440BAF2E
:10AC9000DFC9EFB0AF6EE6625D3A6FBC26636DB29E
:10ACA0003618B98C76B897DE4964FBE1F18127004C
:10ACB0009E5078F4F00C8367143C13E14920E9A915
:10ACC000C738FDAF71FB1E4EAA164BE5B96122F7DE
:10ACD000B45E8BC8BF1A5A76F6CE8EEC5FE2F69D54
:10ACE0006DD889B3A3E5AA83DA659E4AFD1E245276
:10ACF000BBDCE0D9D3E8B3882D9F1E948E72D63B7F
:10AD0000F9BDF6B29FCAD223B90D5CD92F41199172
:10AD1000EA328F2DC4C9EC5D83F7B320F70C729C27
:10AD2000E058917785E97A10E38E181C65F93E8921
:10AD3000CBB274DD25C2A61B3E4F880E9D5E2FEC64
:10AD400070C7937832B6789FE3D308C4AAE3CDF0F6
:10AD5000967104FECBC4A52515CE0AF109F89565B8
:10AD60007637124960422377F16F131A29B7F83604
:10AD70005A5DA672BD9FFF518A08B424FCCCC9C29B
:10AD8000C8D608A203328EF89318BD8AC7D314B967
:10AD90000FE2ED41CD1817284AF33D0AF9D4CE72DF
:10ADA000074FEDCAA6410DFD3E5D63E441902FFFC4
:10ADB000B8985A72CA69AC63A6352D306E65A6394B
:10ADC000E0CD01FF149FDF82E79F00ADEF978A9EE1
:10ADD00020B8DF54D80A67286D568DF281FD82FEB7
:10ADE0001D06BDB3AC6D46EF2C4215846A49A8AA76
:10ADF0009B71D432D3E04433A862DA902298C380A6
:10AE0000E3217C45B3C3C24CC3DE86B11B5A312D4E
:10AE1000B0997ED9845F9CF44BDCF9AC2994CE1DAB
:10AE200037A44B4306A8681B408A82B6E1B7DFB55A
:10AE3000E16E966E457E6E8DD327B544A871FB0CEE
:10AE40006980F750F21EFA8003DE8791F76193F074
:10AE5000FB44F23E51D340EFF0BF8A6E380E7D7254
:10AE6000CA89A5ACE2E3CB22D27056E01E7B274F05
:10AE7000755000D3C20E3EE2BF493E63A94B49A9BB
:10AE80004D585228790F4DC5928691F761E9F87DAA
:10AE900022799FB8B881B6E54590A7256DE12FDEF0
:10AEA000DB1686B4451E2598BB0573DFE4F621EF5B
:10AEB000A1E43D94BC0F23EFC3C8FB44F23E7145AF
:10AEC000B64FCAC3603F9C9E93FAE4889FE68F0604
:10AED0001FDE229CDC6C5181778335B94E356324AB
:10AEE000FE6DF828473EA33782CEE1EA19593AEEC3
:10AEF000D0C255E9772AC1AA11F8E4FEB26206CCA5
:10AF0000771666AD0A46E997FDE11136D0F9F2AA47
:10AF1000F41FD67D296C51C30ED81C1BC9BBFEED96
:10AF2000ECCA11D31DD0977A65ADD3001A15F12F55
:10AF300057427B0DCA5A3E2A7C8E8541BFA1E81735
:10AF400027FA10E0C2D084BA53CA1EF0D2D2F62F2C
:10AF5000B338E5298F427AA1063C9FD630535EF77D
:10AF600028D816A02B6B1C772A5B754CA5DD82BAFE
:10AF7000C4CA445B656B2D935A62F3F07EA7E1D798
:10AF8000D383760A8C509E10E331A0C71EF4D5936C
:10AF90001BE334580B73BECC8D853A80DD018C03E6
:10AFA0000FBDBA760FCC480BCE583EEA6193F686B9
:10AFB0004739BAC5580BFA911EDE075A761FE89D2D
:10AFC000F309F7E788D68C3DA629275A14D2C25A2E
:10AFD000A06DE8C1A8724D08E3B23BEE18A1EDCA1E
:10AFE000D81683437D1DF466979654DA79F67489F2
:10AFF0001073C33009667BD6F8AC1EAF8F14520EA7
:10B00000B05D9392B49E1BBF40AF101C4C6AEA59CE
:10B01000C66540AB070187D9D8592231FB555C067C
:10B02000BCB78D4F9282F6AB6CA080219D018A8ABD
:10B030003E2DAF9D28212D8BF2402E89E959C1F478
:10B040000E16ACB603DF46348C6C21998AF149AEFA
:10B05000A3EA3BC417D1E1D325E05337648EC27510
:10B060005A7D9B7C79BFC7D18479A9484E068FBE93
:10B070000F47A2A147B7D6A5817A17175EBDE9E0B1
:10B0800027AB85A85AA056B161802FFD860C2FA44E
:10B09000D10C340CCE3F95B19CD0A33B7B66ECEB3E
:10B0A000ADCCD26FB5CB7845D8419B8553E1785074
:10B0B000D6AA0D154DA59C6B5DE71D2C293786176B
:10B0C0003664A69AA4DF6E30C12607CC4C68B34B19
:10B0D0001886FD3077B139B3BA0D56B6DD5C924CA7
:10B0E000C7F2CFD759E3BFB18D532B8253A604EDDE
:10B0F00063669ABDD27A551D20891016ADCC7506AF
:10B10000B33D3AF43EDC5EB2F6E0778F85B75A186D
:10B11000D2FF83AAF9B32578C2F2AA98659CFCCD28
:10B12000AB6260F3A5DF5E25BA09788A28CFD240EA
:10B130000E6728F82CF9411857AA8FCBAFCB83F1B3
:10B14000CE2606179A4DC5C243817A61628E5E187B
:10B15000151949E5A06E802636D3A9D0AA1214E0AD
:10B160000325D260062F2891E005450F5E50F4902C
:10B170000BB421CEEAEB9552F80274720774DE86A6
:10B180001C73128363F2314FAFB7A6B83CD7D0E837
:10B190005B5E48BDD365DD7453AB9AA578193DCE8F
:10B1A0007C8F752834A70483B71903789B318007F7
:10B1B0001AA8496424789C89F4FA32869A683B7DFF
:10B1C000BD3930C0AB49E19D3E8E3C46AFCD53E921
:10B1D00023661B353E4CD3C22F4A228E3F375B6B12
:10B1E000EEBE7BB5F2B9E3CF3D57EF8E659FFB8E88
:10B1F00096DA8ADF69CB4E429C2796DD7A30B776A5
:10B200009F01678E50D3D13B6B94F00D3C3090384A
:10B210001C6D64E6403CB4DE007830000622010379
:10B2200091E00706B120509FAF477A74DDBF613CC3
:10B2300081FB1D8C3CDFB2E6085BDC86C4CCC74AD0
:10B24000846AB7DE4B47726B4443962EAC77041A80
:10B25000F9C94C78483E0B5AC161B012E89F592594
:10B26000D438FB8FC302EF38F4817178A9B56F1C15
:10B270006A0E559E88265420379637F48CDF1B1CA7
:10B28000D1D4541AC85DED9667212F4492B178014C
:10B29000C6A25C17321ABEEF8F716F2F80E0A15EDD
:10B2A00019F5858063B64797B5D2A14960C62E18B7
:10B2B000C70A23AD069B2A5BF15832EA677B7B24E1
:10B2C000FB572DBFEB6E9D25D855DC88A97AC6D9D2
:10B2D0003A3A06D52F1BC79EBDAB05E754363E4D07
:10B2E00021CDE19972B89F09165D7CFB9DFF86A96F
:10B2F0007833C515CCA47533172FD3F29E41DD25C5
:10B30000066E6E7164C613C5D8FE826F10031533C6
:10B3100061C6362F2E49BF4BEADF0A751E06751E21
:10B3200006ED888176C4423B62C157512CF82A8AC7
:10B330001626CE8B16C62D8E86F86888176057E7BE
:10B34000DB791F8C9FA19DF7215FA71B016B83DF1A
:10B35000B677A2C08A408DD5F66D2C53B912EAF9A2
:10B3600088B1105683018CDA2BDBA6F7C06DFE2066
:10B370003A7E766A417C7D862547443F6C48373D5E
:10B38000830279D73B73EEA6265FE895454F382BAD
:10B39000E9960E922DB1803C1FECEDE6DB83A6A171
:10B3A000375B29EF829F90AD025EE14B43BD3B933B
:10B3B00015626E1AB828D0921D0427B50AB3CA15B3
:10B3C000D2D105DA09709BC58A6089CE7C9A48394A
:10B3D0004961BB7CB9585C39248F9B99927F23418A
:10B3E000A6C966B5EBDFF9B7C3C16EC4E8F5DAA547
:10B3F0009DB48EFA2B5C2FA54CABBD60F6094D4D6C
:10B40000A6B3A915703F0C703F0C701F0BB88F05C9
:10B41000DCC78047A318F06814AD9CC246E74EC94C
:10B4200089523EC446E53E9423007E87CB1E81644C
:10B430004CF9AD3EBD07F1C63EDABD0BFC7263CBE5
:10B4400035AEF9737ECB71F46F0DB6EE61072B96B6
:10B450003BB8E76147AACE4976C0A8D5FAF81C5098
:10B46000D64E377045735D5E5A983541D8D265D057
:10B47000BE7E63D00651BAEC043DD31846BEB3C8B5
:10B48000B4A1A5031CED95E05A135697A82DB0BAA8
:10B4900075F59B0966B53C07D6362F2DC93AB32101
:10B4A000733F5F7FC2C198ADB0F1BD4467819055D5
:10B4B000CCED8F4CCF2A1E7D167AFE9C530592FB55
:10B4C000910ECB9D1EA0BB3EDD25E05D68191F805F
:10B4D000DE80380E6B84A9FA28B474E106ACB83A61
:10B4E000467ABE8B31C7AC85BBD5EB0DF1E6B364B4
:10B4F0007F4F7C418A99EF41AE833C606F0877278C
:10B5000056B1BF379378B389FA6833260D62BC729F
:10B510003D4FB6EDC88BB3C26D479435C55E4BE465
:10B52000B46BB8E45DA6F07778F64973569057C2CD
:10B5300038F5948B1D7F97136D7CA3C215DC7ED3E9
:10B540009887EDD967008E488D231157DB0E03EDE8
:10B550005F2B59DB605DEBE85DD794B149B0AEED90
:10B5600069F52FCABA05D62286003F1AA5D2C3EACA
:10B57000E623AF6C1D7AECC59CAAEE395278B75F12
:10B5800053E6061E5373708FE1D5366A3CCFC11C5B
:10B590005FA47CD24BE1A1CF268F25A92127CCC166
:10B5A0002A220D8BCC402A86AB23ACDF8ADC184ED6
:10B5B000C8D2B906F03FD777B630574FDB6EA81523
:10B5C00039DFD498BDAB638F71AFAEA2A9C956CA9B
:10B5D0005DBDD547954E88D2DD0B0A6C17E28A4ACD
:10B5E00021BD45B09484D8E9C34CDA1997BFEAA2CB
:10B5F0004B5D7E47C68DA46D07AA823C2F96001432
:10B60000C3256CB960D8BC87B63650D30023F8DBAD
:10B61000E24C58F1A284511B22619D8B82750EDE93
:10B6200023811E8C168489898230EE094118354F9A
:10B63000101E5A1C097140034B238123F78F2B3EA8
:10B640009224DD76308E20255399A73ABEFBF887E9
:10B650008ACA3290BE07DA86F40147BC0368444EBA
:10B660004ABD7B1919F720B335834DE11E91EE5F7A
:10B67000ABA84C0D62769B53595B67E7A017A8DC1B
:10B680005EE31C13D24D7DEF4AF66F799C3A8193AD
:10B6900062D4274A90434BDCF2A5B9177EF6EFE05F
:10B6A000D7C14A08562040EBA6BB7B90B4689CB239
:10B6B0007FFADDBED68413253225C19CB8E1DAE5D8
:10B6C000DD83CA1B1C298318F34BDC4BB04B89620A
:10B6D00045DB4ABF6B388F271D429F3CCAE8F47F89
:10B6E00092F117CCB1946EEDCF8DF58DEC098BB343
:10B6F00048AB356A8D09A84534508B68A016514077
:10B700002DA2805A08402D04A01606A01606A016E9
:10B7100091402D22815AE8950F13CE2006B8704231
:10B720000D64ACF48DC92F614C7EDF3A76D9327648
:10B73000E9AD1487EBFE744FBDC7CEBAD6593C397C
:10B7400029D686DE150E7AD2A10E80F38A64C29BBA
:10B75000E17C5B5AF2F2193C1B22730924DCE4B150
:10B760002105962BE45670AF7A5BE11D298D1FBF32
:10B770007C0D64C17BA598C94AF75F780C582922D3
:10B78000739352610E4BAB3B7C71DDCB8DB51AE0F0
:10B79000DEC90DBBDCA86E436E4A3A8C30C9DEEDC3
:10B7A0006BE41C2058B91664F3393D5DF7768EDFE3
:10B7B000EFE5D0CCA897727FA7CAC87DF23B28FDE1
:10B7C000FB93BC1AACBF4A434D4AC89F3D5B49F846
:10B7D0008A11DD8C4F0295BB7DD82BE9A787936535
:10B7E000297C3C704559A9B49C4F2445B922D0F41A
:10B7F000DF564DE80BCA63FC00FE40E1246F98273A
:10B800000DEBA0492675A07A526DB50B8F28C505A2
:10B81000CC5A511A009EE570AFC30700F549367443
:10B82000975CFD91A51EEB132E822D89219D5DA3B2
:10B83000D321E578AFE747798C590C61265267E050
:10B84000C3732127A90CAC0270693EE1C166D8110F
:10B850003A48797329CFC76C187D9AB6052CB6C5BE
:10B86000595DDACE0EE4D6D63D2AE78CAD3732EB01
:10B87000BEA232AF0FF4AB2FD5726E5BA7A13930E9
:10B880003FBA82A2AFAF7B34377901132C9EAD94BF
:10B89000D65C508C75B732483D2A0E79B15735BC0D
:10B8A000D0EC95CEACAA29175D833BAF7CB1272C99
:10B8B00099054B312DB7C7BA9D4C53832C5FA9EE28
:10B8C0009871D1C17FA28C6F21ED72A632B9311669
:10B8D000032782AE655EBC597A17A4ABDD31044301
:10B8E000C2A60B06D89BE680B59E97EC3E9866FDF7
:10B8F000F9D084F896B5486D9F019DCE8040537F66
:10B90000EF979A64ADE7648FCBE6BCAD75AB155984
:10B910000D001510DFF25FF153B2FC08C5CF1182A4
:10B92000F19B634C184FBF159B4ED0FE38342465F5
:10B930004F95114A061A1B30B945037638DC0C279F
:10B9400082DC4B57708A660B8DD14F6EF9E26E79AF
:10B9500043584AFF5C1A0B1EA065B47D09658477C5
:10B9600076848759191CC30833367D2BD57748C890
:10B97000F7FF9ED2D60391290019D2F92B6226E255
:10B9800071C4F8D94AB083D38BE5046D135A06020B
:10B99000FE31D2E197D0CBE9D49563FE3F5F75FCD1
:10B9A000B7B62664BBFC39EF89EEDEB094E548916A
:10B9B000CFE06923CC46A0C3408B1F2A35C06C045E
:10B9C0003A0CF47814D0E3879E003A3C2F12C69CC0
:10B9D0000FEC5160DC7C5F09A38ECAA727F4D871F5
:10B9E0009437F063C8BF951F6395C7BDC133C62C9C
:10B9F000BF0DF78C8A489079771D13D148C7B1CE17
:10BA00004B5F42137A74AE5C7E28076B231CEB31CC
:10BA1000CF35863EAA6C4962CCC9B6CC658CA43AB7
:10BA2000C9D89659C87AB2EE9BAC39368B5A5F7139
:10BA3000E6D4DF3E9BA65D03323773D478FE310A2D
:10BA4000D6DF1D370C8ECCBB83805FF805A986102E
:10BA5000D76D1046680C54B2D697A532B66D833EAA
:10BA6000815B6C49895A1AB9B12906F008AC90403B
:10BA7000E27D12CCC4F32AF8062543BFBE037A2A1E
:10BA8000760F89B1F151774B5DA624EFBCB3795A9B
:10BA90007BC8AC03484EFC4494DEBE3050BABF4372
:10BAA00091EB5CC2A4885221CA2605284046C9579A
:10BAB0009334A42A31290BEC6EC14CAAF2FACD744E
:10BAC000059BEF80746F18C5830776D12F68B99BEB
:10BAD00077BD1E33955F40DB53A4E049E33F115D22
:10BAE000A11DBE6831CA5BFBB40575D63E58E04562
:10BAF000DE1DAE094CFEC6DC1B3F5F1A389E8B4E26
:10BB0000FA3DF704942A8AEC18A380560940AB0446
:10BB1000A05506A0550658372261DD888451100DC6
:10BB2000EB847301B4FEBA113959D7624F07A97972
:10BB3000DB5A581B3A3A4E34100EA16509DE7344A5
:10BB4000A6880ECDA80469ED05724E71BA15C436EB
:10BB5000126045F331C2EAA6D568A21CB0220726BE
:10BB60009B4D33BD6BE7D3B9B5BE9159617185600B
:10BB7000B7204803D8FFA041DAC7338B7BAC0D3028
:10BB8000CA759D1DE42C411E539D08EB9F6CED6D05
:10BB900077DBEC38AB146EFA877106E4EEEB1B65CD
:10BBA00007FF6CB95BB70EE0928B4D956B35EC4C93
:10BBB00073D6609AF64997D2F7A62B20FAAE7FF299
:10BBC000E6DED2DB6649AA68766E52FB2E7AD21286
:10BBD00039237FBDA9B2D5CDEC29DAADEB86BD3DC9
:10BBE00019A9811E35857FCC3538BA07E70DCE50AF
:10BBF0004AD31E7571DC654AD356B9EE8FBE04BCBC
:10BC0000405898B786AF96C3B87205755EA4F570B4
:10BC1000C1C808EE5C3423BF09E828A327B3A330CA
:10BC200096A5D0A214111DECE7032B8ADC6FB3A5F7
:10BC300010B3AF3225C74F9994E86F5B065290CD91
:10BC4000466E43DFAA218F8D248D777DCBC79E0A58
:10BC500016BB494F81A532B58E27B62B76F4493DE8
:10BC600086657305930E648549611A55AF0EAE154E
:10BC7000D6CEC04E555FC98D8FC297D04EC5BB730F
:10BC80000806223D3772C552BF52B712F25F0FFB52
:10BC90007A0F436AFE1EDFC126BD5CAF5DA252A5CE
:10BCA00076912F797C079DDF0F787EE59296D727D6
:10BCB00016A41FAF31277AEF84AA093EC23B6F2B2F
:10BCC000F7CFA63C64F65097D67CFB094760C1DCF1
:10BCD000EF6ACC8114B2EDDF5003988F29A6DE19EC
:10BCE00046D7B55290548C62D61EAC31FB7B69F1BD
:10BCF000FAADE214B8B339DDC0153CF05DDFF7AA48
:10BD0000CA68470DCC82AF1B48DDF2F9CBE4BF2AED
:10BD1000F6A7F58E94202958F5D4F230B8D17EAA32
:10BD2000FF5CAA7A302EAF6F2E31DF4843C6FD2567
:10BD30003A7903F69617DF0FB8C2CDD7C8B9E156E6
:10BD40004B149E94E5CCC0732CE9949AC9AD13A30F
:10BD50006C37DF64EA27CF6265CEDC9BAF3ECE8CCA
:10BD60002D1FDA79056408B9D58ADEF286B982CC4E
:10BD700057BCE34FF9E502A030B50A2901EE2CC00B
:10BD80008809FCC769EDAD0AE91190C2079AE4D0B1
:10BD9000281809E47E1C1A3D63DD02EA410C998BE8
:10BDA000947A6637F76F092360895248A7A26F0E0D
:10BDB000314DF7B6A5510F74E7BCB774EDEC4B0CE1
:10BDC00072A3367E9646BB64DF9FC3C38633633F50
:10BDD0008965C77E6861C62E8962C3358577CD22A5
:10BDE0004290AFDD712C50D90449A5416A9B587F20
:10BDF000A99B090FDAC7E20944E20BC8CFB251C8C8
:10BE0000CD660D36CF301631FA27BD73FEE37B3198
:10BE1000931D1A972F85A62A7BE33F923164F07A0F
:10BE20000F0EC98D1D80BC6E7E4EAC6B95E694EBFB
:10BE30003B9EEEB45491CA38552494CD8E7DF326A2
:10BE4000DE53FBF98680858693B9CED98C6BADF332
:10BE5000646E6C9E613BE0036DBE0A511D8631D459
:10BE6000FE505AA021C315B6FF38EED5AE56E21EDD
:10BE70002D177662DA56917DB8C815C41F85EF82FA
:10BE8000034FAB5EA8771BE134A5C3A0357B4744C5
:10BE9000DBB6BE77FD3684ACF718599795FF06736D
:10BEA00023E75424BF7D066BD1D51FF1BFF77C0A71
:10BEB000F782729F6FC1F28C6025B4BB04FCEA7EEE
:10BEC000D59FA655F1840FF8321268582FFD56936E
:10BED000D1B6898FACB35682161B5D3F3F93427D2E
:10BEE0001949ADA1F3A86D3FA47CB7BBA569D9D80A
:10BEF000E51D0CD2B9191483690A6F0FC7E551EA21
:10BF000066EF66482E5ACFC7729C3312E719ECBC15
:10BF10000D95AD996C7151F1415785B1598E1369E9
:10BF20009C25124E48E036AC5651C783B459424E58
:10BF3000954313C05CAA77696F348E6F4018797F80
:10BF40002746822C4864C0B4755343A7954D2D2EC7
:10BF50000A7F2A83AD036B4099CA2325DAD693E082
:10BF60003140C3EF06F1715203C1F33ED4FBBE8EE4
:10BF7000CF34C9EB7B6B9CE07169B84FE9FB24A01F
:10BF80000F9F3A90E7AF4D11109BE185E43CE71716
:10BF9000A1AE9B6234DB66C8C731D59BFE3729DC76
:10BFA0001C8234C6005C7E5630DE8CA8A9FE5DF68D
:10BFB0007598BF1FE218912A2CB06AC159198E8F4B
:10BFC0004DDD061C557016149724F8F92C4F25B535
:10BFD000F3F3D4D07EB9550ED6D660FEBE8F34367C
:10BFE0002CE5ACBC1A6674BF2FDF5C886B3EB52BAA
:10BFF000F7F3B42FD236B9C2C6FF072129DCFCEE15
:10C000001DB635B10CBD0B5A31817AB2CD78FB2308
:10C010003BDE429311A73E0CE7F49D2538DE70E429
:10C02000864E9BB457A6791D06DC6DE5C6B6004C5E
:10C03000378101CE66E40D03C8C7C852F34BB02464
:10C04000E055FE0E14DF03F20F7CEDAC3E8A7FB5A7
:10C0500032AB616582868EA5468DB56A65823FD01A
:10C06000C4950981DE19E823DF8288517179E522C0
:10C07000B173FAA35AE10AEDACA6ADF9D8759FB930
:10C080007AD28714DA4138F7AA9E4F5726049B5E6E
:10C0900076AC4C604DA9F0CB99963708752942FBD8
:10C0A000A7307EDFDDBF93D0DA3AA3EDEAA794F79D
:10C0B0008BF2BCCDBD3F3C09E4673D43E0F771CF57
:10C0C000C3F0FBCB0D0DFC9678EC76BC1DCE2C831B
:10C0D0009D7328CC687DC4594C9FEBD4ADEAAEC4A7
:10C0E000D41B07785646CC1356F00CFCE6F14CE80E
:10C0F000BC5CD1C2909E53797A43E23D215D6F884A
:10C1000007996DCF40C1A75FC8DF1B1295C0BB0D5B
:10C11000127C3D0A6FC8DD1BB2C8717E728857D28F
:10C12000747DA101F784786F08D32D23E9489D55CC
:10C13000A4CEF89BCFAB82E65D27274111FB95CEBD
:10C1400016469BC97709F917A0263675002728B02F
:10C1500065A86119348FC42E833C2116436A25815A
:10C160002DB800259C4D1606B62A82E6F98B182BB1
:10C170004C043B47700B0F291F428B479C4218070A
:10C18000CF44781E826714A782B00AC22A08AB2067
:10C19000AC8ED82FD718EAE8D3D76EC73DED76938B
:10C1A000FA83FC8385D8E17B0D4EF381CE0760CF07
:10C1B00058B067962DE9AC5CBF4B8E75BF4062638B
:10C1C000FB62EDAF5EADDC4063F9F92456EC8B7594
:10C1D0002CFABEF2011A1BFB0C89CDEC8B6DFDFB1A
:10C1E0009ECAD134569C254560B9CC306FACE7254A
:10C1F000ECD9CE7A1A2FCAF1017DF12FE0A8B8EE62
:10C200008D8F27F1B1FDE29FC771B2D41B3F9EC451
:10C210008BFDE233D04EF7626FFC088C3766060C5C
:10C2200003DB97723CB1F9BDAB5EB1DABCBB14FA6B
:10C23000102E5344D60D56CB56833639F4446EF245
:10C240007456997C82495DB551BD9FC1B3B59E932B
:10C2500095F93C1B300F4EA2990BC4CE306B1B6975
:10C2600047EB3BACD3557EE3CE25079CA7F30A638F
:10C27000D7239A22EE27A3116F08F9D0414C006B07
:10C28000CF87125B5AE672229E9A4820F2AD4D2F5C
:10C2900067B61CC4D3166D7A30F33D58AFBE365026
:10C2A000968318797E4C1BE57B6E0D6FAF4E5764FD
:10C2B0001821CF871E41FB83F8F6D6235678636397
:10C2C0008CC10A236AF282462FD1EC95357A89D443
:10C2D0007DBAF30ED6E3E223E1A91C2BCB8060FEEE
:10C2E000DF83ED6A903E6D94F5A9E3D08279A321B6
:10C2F000D375D57D07EFF5D046DF93171D493E7AFC
:10C30000A36F0063E8421975B4D657671D9E629EFD
:10C3100001773FA1599385AAD94A6164122FC48D30
:10C32000E3856DAAA1C2B0D93C970E7E968782D4D0
:10C33000CE6ECAC5DD5CF774D62457B8E6F61F2D5D
:10C34000F8A145C5C440B8690183CBF0D439124087
:10C35000A26AE88510619B1342FC0C90929F813089
:10C360004F886877BBE218BEE3AE909F7EEAC78F26
:10C370009BBB9A3F767639B5CB8219FF83A7FED651
:10C38000F3FA1E359C285F8398694B4B20765AD36D
:10C39000EBB6FC1B839696009CE808B9466E4B21D1
:10C3A00085C8C676396DCBA2990DCD981FC9ED6FA2
:10C3B0005E584CDD0B0B7938D42C792779A803AE65
:10C3C000DD9B8789311FEACBC30B4BF2F0C2421EC3
:10C3D000065DA40DD3DFA70BB461DAC44A4C6B062B
:10C3E0006DD5BEB4587B84C3B4040ED2011CA4C264
:10C3F00036612AA88333D11AFC45FF3458673616B4
:10C40000D32456620AA02BD7308D5CC7FDAF939A18
:10C410003B89DDCA2A19C7604DB3DA9DA0388F92D7
:10C4200044CA5ACB54AE487350B9599CCA59B1CF7B
:10C4300001DF09F3761932397EF279180969AD778F
:10C4400034A67687CD13C358DDD4FA60BBB6F306A5
:10C45000484FC1594451A75ABAE2506944E0D02C20
:10C46000ED4CA00896A66CED4CF71C6E665C814303
:10C47000AD60ACD323A76907310ADB2046D534D59C
:10C4800036F40E5B3A4D1A1CC281BC942E9003BD4B
:10C49000DDEC745F29A35E25E507F352C152B59424
:10C4A000BD9FEF99D00D1AE85AB4BA09A74770F6A4
:10C4B0003E273555CBCF4945799E4FED731D46E359
:10C4C000D8B1A07F33560EA3EE754A8330AA8B896C
:10C4D000F479AC41CA6EE7A4FC4ECEF56EEACD3FCE
:10C4E000C2CD7598F9C71C5241AB329F5FD8A08569
:10C4F0002F506F552B6BD3E9880EF7338E7BCB5AB9
:10C500000F5266C5B05BDDE3407D76F5ED988E0D8C
:10C51000C877AFE8F4952E3BD47DAD8653FCDC762E
:10C52000A015E699064B75BEC34701F2FD9A6991C5
:10C53000336DD87205B47C9AF6DFD0F2242922C379
:10C540004779514DA40CA75E99FFBCA4EC62B8E8F2
:10C5500048BE542DADD8EF2FA57DEE43F0B1A2DC3F
:10C56000572A3CA1E999E8AAF0A13306670AE0BB83
:10C57000B0132DE62AA4EC4E15DCEB285DF6CE2E8A
:10C580002DD778DF18B44B27EFC29A411A32633D9A
:10C59000E003560B3DC7ECFA2FD8DADA706F2BB7F1
:10C5A0003A9413E1AEBF412AE8E4A4BC5495AB6CC5
:10C5B00069977122A4F29908A97C147B492AC003C7
:10C5C000BFC701E75F80BBF50EED01197717017753
:10C5D000A10477D606D42C16F42AA63ADF00777386
:10C5E0005687F16928C5E7E954390F7FC0E3C30EC8
:10C5F000AF24D2A969DA4C0B83326BF88F124873DF
:10C600002B51C284D0E15AB71F4845E25B6BAC5F47
:10C610004413CAFD21B5B4E5C768D7CD5FEB2A380E
:10C620005767513A7926B839DEA284F39A217B2BD9
:10C630003935F34C08DBA2CDE7EE04FE0C760A9800
:10C640008AF91C5F716E7415E622ECE107E6901B17
:10C6500022FCD6ED20DF76F30375BB88BCF433BA39
:10C66000D7507BC0F5C9DCC5333B6409E8E8C7ECAB
:10C670001AD45CD91A23EBB1C8362350DE09F4561C
:10C68000882E30E39859681F80968A5F1C5A3E4373
:10C690003B60D1E0B1AA679439494F96F96FC9154B
:10C6A000A3E06E2A88314755F3A74B94E2387263B2
:10C6B00031959F5B922B2631E7E0DB2AB0410CB627
:10C6C000F9484E693B739D1AC675A1E33637BC5CC9
:10C6D000E31AB2F016ADD72C1AFFFEEFE57CAA5F85
:10C6E000E44CF3BC16FD65CDE41D729ACDB36978B8
:10C6F0007B759A1DF45E727799D3E418F31C90DD74
:10C7000022ED94FE237F498FA5B25CB76979A934E5
:10C71000EC2DFF411ABE2969B800C9C205A0760FE9
:10C72000DACD9031927F7E46D7FF9D87DBB4C23A47
:10C73000D0952F061C5CE3A4C7CA983FD616EB1A07
:10C740009EAF616C20674CEBF9B85CCFAA1A36A596
:10C75000E9917ADECAC8DFA31F974EDAC14AF370A7
:10C760003617F86D5ACF99326CDB46DBB2498CF440
:10C77000CE1C56574EEAF726C54F35A771DDBFFCD4
:10C7800096FCD5BC9CF6CF06AD46C54A629942FEE2
:10C79000CEBD217FCFFE37A7720547DD95FB79F32C
:10C7A000488AAF779B34A58E7ABE90C172C1ABC266
:10C7B0001D72CAB2E41658416F53D07A24D3F28066
:10C7C000E796EF157579C45EEC49AFF563B8C180A3
:10C7D00053419D19BE8EE77EA2F8FF3EB05D77E221
:10C7E0000EE8A0A4DFF42F1E594EC6DE27B517BDF4
:10C7F0003A2CA81F42F17C59FAD5A2D269D056C969
:10C80000D659CAF11AD61E841604169CA6B66C3FD9
:10C8100091C76DEDF962D8AD489A0E28C5CACA71A4
:10C820006D8E82B6956933CD2F3BFAF2A5FD3E059C
:10C83000F297C777516220CAABA28D56C27B7CD4D7
:10C84000F2BDF223CB5DE39C476157E1A90F5E7512
:10C850005627BDE4647416620FF48C2E1F6DE6E655
:10C860007FFB4449B4CBC6B711793D41E1396CDC5B
:10C8700087F2AF7977E5D35C8F105C322F48BAE549
:10C8800056C879E6B7D274ADA4FDFB4D5FCBF5E099
:10C890002650FC5B22D2B004E1CF9EE35EFBC415C0
:10C8A000525F5EAEEBEE9B64E63B328F52BDDE869E
:10C8B00078C24F99F9E2225D08A4642E1C20398CBD
:10C8C000F11C2E6F00353BC0C3E67832176499F334
:10C8D000DAEA3438A74208D67394E2FB309623B7DD
:10C8E0002C7337F413D8BA91B12ED1D16F1EA993FE
:10C8F000104BB9CB65B9A97271641ED8C6074B96A7
:10C90000B8E78ACD022B1DD436478EA83313F9EB36
:10C9100029118DDE16C879EC1F41ED104FA8E439BE
:10C92000E652031D372340269A50AF96E675F3F77B
:10C93000B8654ED3B977B353672176EFC7B2C993C1
:10C9400073EDAB80235D35F2C1E0E9A36782C52BAF
:10C95000162C66C17C11997073FA5D942AB0152C5F
:10C96000554A4BB680852C4EB9A7A8D29C79576002
:10C9700074E46E536B5E06311F335A33AFDCC8D498
:10C98000329C1AF472EF6FB925BC9FC114CCDFE35F
:10C99000B03B5097DB12BDEEDCD7B446FB6336D01C
:10C9A000B7CD319F384A4559432E7D27D7805894BB
:10C9B000F78BBC600BE195E11CE8A17D0712A75B3A
:10C9C0006A0DC017184A65BC3EE0D959BA0579AE60
:10C9D000D1878097D84264CA221DF970AB9F9F0F00
:10C9E000F281EC41843D22C3C67ADE27781733FFFB
:10C9F00043EC8093F30E8C2FF7C6EF207D54C46F69
:10CA0000A3FDBEA3FCD00A7B34E41FCD8C6EC6927E
:10CA1000E5F4CBDE5BD80A72CA8049C17CA18E7C6A
:10CA20008BADAD0B876350906A83DBB4C17E20E190
:10CA3000A727B32F7A33F82141AC61DF6881CB0A95
:10CA40003BE42067E3BCFEC3C7BB1E8F4C5E7D4644
:10CA5000A1CB8961ED1F1EEA3AD40D76978395AE7E
:10CA6000D9FC6D2C0B5A92C8C6429B126CAF8B4CF2
:10CA7000CE9772AB49A9D53736698A4CC7E88DEF96
:10CA8000D49C58B8E39D4A77441B7AC85900C26DBC
:10CA900034DFA8DA7E5718812DFC620F95C0962DE1
:10CAA00012B5C0A90F1921D9C382E655A7E73A9359
:10CAB00059A57882995BB251DD8EA7EAAA9E56E409
:10CAC000CC75BF113A0DD6A1B68AC31821E83AE356
:10CAD00095C8CFBE25E3A876A334E31A43F0E60059
:10CAE000015B5EC90825FC6099AB1FB2B8E63C6CDF
:10CAF00043D07EC7493B50A8DC7D49EBD1EE8CD7B3
:10CB00005ACEB3D750F61B65D8BE5FB9E10AA52D42
:10CB1000B76DFC220E381B4DA71A6460386900F20D
:10CB200017699CA4EE1C37FC9277C6CB65BBEDF36E
:10CB300082869438806AC08CAD87994FEFB1B23F3E
:10CB4000A5333BDE5386B666D072DDD437ABDF54F7
:10CB5000FC23C62CDB9DA17B816F7BAD7A7AE63A04
:10CB6000504A59E9AC6536FA9D6594ADB0E31F8A29
:10CB7000FFB0D7BF1FFEC55216E5AAFC9DB0DAABC9
:10CB800087E40AFE676167B38185FDC1BA0B8CD269
:10CB9000E9801DB608F8861A049093A1973137985A
:10CBA00039EAD2A25D6E38D566AD20A36F3F7C070F
:10CBB000313E0EC3E6DE70DA680C97167DD04CE489
:10CBC000A4618784F935655C0DD166EA1498A70ED7
:10CBD000FC86412FBE2E9879AC190B3B741F61ADBA
:10CBE0009BBC837C2BBCC9398106C09C26C81938E4
:10CBF000F9DE9C78756091BF0B21038B961FC27F75
:10CC0000CC594E05A735728D96603ACE24BDD479A5
:10CC10005FEE9CB3F0E65AD2F9B3F299B3AC234C71
:10CC2000AF8F2B9A8AF67A952E5FCD15ED33610C76
:10CC3000DE1054FA063352113F78CAE0F78033B25F
:10CC40003253076B9FF5556A45B0585C22947503C3
:10CC5000B5D5A84BAD9F5C453BE2B6394EF61BBB44
:10CC6000B2353320B028EC20FECB3580D63182CDD2
:10CC70001D6036E137C0AE4A73488E857DC42D39BC
:10CC8000DED61E4D6072E1FB86A2B5CDB676136D81
:10CC90006B5A0F96FB9479EC0B37415F32855DEF51
:10CCA000C0B625160D7121B6603E2E083E687F9DE8
:10CCB000D8895900BD547901CFC2E5944F691AEE65
:10CCC000C1E209783775DEE5AC5FEF012E8F654D67
:10CCD000E6225719FF73E72E9A3E0DEEE4D65F4029
:10CCE0000E1070EB2AE2AF78736A1B7B769762F5C1
:10CCF000915D88BDC4CCE528EF3EF43AA37CA6E95B
:10CD00005EBCF19ACBFDF1B6FD908CB585F762CD96
:10CD1000E6C5DAD6F6FE588B05ACC19E08FE69BFA3
:10CD200095CA188B0D90E54DE518C058CFD21282E8
:10CD30002D88B733B28E24964131644B6177353CF0
:10CD4000652E87277A8F63308CF4ADBE7A7606FB2A
:10CD5000089EB3BBFC35DF60EDBE38A8D50D20259D
:10CD60009FB483351EFDEC69DDEFCC6E9E3DADE9D1
:10CD70009D8DFE4740F2EC033677B8C83C3D0DE987
:10CD8000194A4B0DFF09E479F5B6EEE14C782AE833
:10CD90004DC64866B4516DC2B398809376C0179C57
:10CDA000421895D2B33C33E17C5C1BADD5CF8AF4FD
:10CDB000EA8C5CA72FCC8C62D793F9B61361B44789
:10CDC000DBD49A2D703AA8D7FA82EEF13238770583
:10CDD000C948EE4F8839B3435E09C192917C6BF329
:10CDE000A9590CBB8ADEF44066EAE9B507E9BAD96D
:10CDF0004CF530D5C562DF7A2843F14F797340BFD7
:10CE000071114D5EFB7E614DE67EB08398514A4EB6
:10CE1000D6D8E2713DAC4D624D9F9B839383A6E5CE
:10CE2000C4582FD4AFE964528BD968732C48F8D911
:10CE30009D7734FB7563913A0AE791FF05EB013E5C
:10CE4000F64EA2B73AD398CAE8810790B5700B3076
:10CE5000D417BB3989DCA991B8B67C1AA792E3DA5A
:10CE6000E389A40889D39B699C428E8B9E4224222D
:10CE7000485C5AEEBDE9D2C7A3350C5A5ECEBD71EF
:10CE80009B1F84B859B2A67EDBBFEECDB3FD4F1019
:10CE90009726C7E9FFF9BBF28641DC22392EED2D3A
:10CEA00063FA3DE519202E5B8EAB7A13E31293E50E
:10CEB00098FDF743CC6A6A176079751A6792CF6E4E
:10CEC000665C932D0BC8760554F32252E2AC7BDCF2
:10CED000DC0290DD69B45F8294D6E140055358F3DB
:10CEE0008C21EBD0AA2AFA6A432BBF630BF3C0EA6A
:10CEF000BEB4F026C8D2304A9AEFCBC660EF7BC2F0
:10CF00004BC668EF7BF68BE8D3A0EF44074C6F2944
:10CF1000C1ABC16B44037FA15605B751A424EBE01C
:10CF2000671A6C9E254CBDFD26037A543EA37F02F2
:10CF3000DD2A55F02F364FACA2DCD5574E76069C35
:10CF40004A2863CC86FC6FCC147FF38EE6AD77F471
:10CF5000959EB6C0110286E51BFAEA902081FE8BF1
:10CF6000F2BA03CBA6789DEF98C0285F261227203F
:10CF7000DD0D3EF6CA93FEA9322F9C7111BDABC4E4
:10CF8000590B83A046FF341472A434D0F46CA83635
:10CF9000EBD291AB331B683D9E4579F8E406909C3B
:10CFA00083D274A918679A27C7353EDDAFBE7FEDDF
:10CFB000AB59234D235BD04CFF3F39C7F421D40636
:10CFC000A29FFF59B4273A961FC71EB54B4BC00E00
:10CFD000A2AAE35FB6BC8E7F6955B3FF6CCB9BFD05
:10CFE000E762D09EEA2FC1482C8A997A1C84B68ABF
:10CFF000B511C03FF97B189453D6FC014EA6BFB1C2
:10D000008341A74BEDB96FF962385555A0AC0D7A45
:10D0100019449F3295AA1B28EFF9A3E4B2336BDBC6
:10D02000C79B708682CE61487A03F899B1522EE090
:10D0300047E49250C20BB91E94F0D2CC40ABE5CA83
:10D04000E8E8A07ED25DF28EE3D9F1DFB914263C88
:10D050000308EFF4C5DB1580D73F37BB4F3EF2B96D
:10D06000E394D7F144CCAE3C5E06BBE1F59511C725
:10D0700087645682C5B287BE42A919A0D3532BED4F
:10D080002A942D1D19C53DD70827BDCC763EE23B1D
:10D09000B0EFC3C92B7AD5C55E6D0F22AB8892DA8B
:10D0A00081C78A0B7B6EA2C738702A026BC5C65532
:10D0B000177C4066FB3E61933112CE3994C8051649
:10D0C0008B64F51EEEF1F1379DDE83EF1B07F06AEE
:10D0D000800A44A8C7F8EB70B6DAA8E8DCE30FB81A
:10D0E000AC040F74C122F59BD029BDE4F51607FAF4
:10D0F000F7ADC8FBBB77A027147977B011BCF4ACAF
:10D10000E1FAACC4EDB48287BF30B497ACE946EB2A
:10D11000BDD23B608D4D4C614A9DDEBBEEEC9B3E2B
:10D1200038DF14911AAA915E2F9764FE998677C210
:10D130008DAD42D65EAD9AEB0A28BBFDFB1D5C7A35
:10D1400012ECE048E9CDFF41FE0AEE98DECF119BDC
:10D150009203A649013560D374B4483D5991385EB5
:10D16000853E34807FAD435D98D1BC6B7DEB6D7A9D
:10D1700052204B00DDF6D207E4E6605FF05E8E29B8
:10D1800051CC857BAACD3FDBEC9CC29B1B6216CEAB
:10D190005BEE72CF73C91FD9F7DA853C671D6AEE63
:10D1A000A1672F2865942F0F568F44C0759D8694D4
:10D1B000D66BFDDFC28F2AE4418356E4622B9C7E4E
:10D1C0004DF277B09BA990F31D63FE7CCD848A5C01
:10D1D000A3CF5ED0B91BD5B5176A19FD01EF5ADD93
:10D1E000DE85E7DE9DA2AC15A8D58D67EC1EDCB709
:10D1F000F075A08D24C95EBAC4D76CBA54A04C6532
:10D200002EE143D0D6FB98072F065C326A44958BFB
:10D210005352E1640C7CE4C89E0FC08BD98A1685FA
:10D220002D1872B941ECDE54EF5853369FD8B179BE
:10D23000687279D059A14ACDAC6E26AB94D3D99EF1
:10D24000F38B436466C13D4803E80B83E7283276DD
:10D25000141E5861B4509EDD43F0F422EA272E15C7
:10D26000A5D7B07EA56715AB13C5701FD0C97CCDFF
:10D270008961976275C5B4E5A9B6D775CCFACB912B
:10D28000E09792FB292B35B805BDA4EC58B37A2A58
:10D29000ECA514DD2B406B40F3F91A8E5FBDB7523D
:10D2A0000D27F2E7D4772BA6B126E4B850577312B6
:10D2B000CCD96C26FEA2A18B4B327C15D3210C84D9
:10D2C00072833AD8610C9C3B7A7DBA6CDC9B1E63FE
:10D2D000BE2FA8A69C529FF0618C81C6A56DD80B6D
:10D2E0007AD0D534A62DACEFDC30EC0B793D769EB0
:10D2F000E488FC1A7056D96EF09F46DAF927CF7190
:10D30000420B36F3C7E95C3FBE22FB89C5DFB43B65
:10D310009631FAFCCEEAEB3557BFBC74F4EC533DC2
:10D32000CF76FF5FE7FCEB19575FB8F4F776E018AC
:10D330000638E6989E843B14D09991823CCC2BFA17
:10D34000AA289906B90FD9F8D54AE92A704458AAEB
:10D35000DBFD8DBC87CE2CECBBB704AB7D29DC8C10
:10D36000F533A604C5B1B6651DCAD25FB8E1AEC13A
:10D37000CFDC2535A9B27FD903527FAA503CE1DC2E
:10D380005E87D2B4FEA0AB79016D70C9B7E115FE1E
:10D39000605B13BFD0FBDB9A3AAB3F48DE559BDFA7
:10D3A000A4F7C08D6BEE0D676F9AC28D67B7AE5B49
:10D3B000D880F71BA4DD46CF3E87FB10D83F064D33
:10D3C000C465644FBBD701BB76B8B39AAA49225F44
:10D3D0000C9EBDA43EDB2C8DE522F21260E3622997
:10D3E00052F4FD84DA0A033D9F93F82DFCE7748D17
:10D3F000BC9D08321A741DC9A26BC24D02B389FFCD
:10D400004C6E9BE5F39C941D8B062E21A1F78C7B23
:10D41000649CB77FF6F382990B772C1CF8C2E53732
:10D4200067FCA3EE1FBE6F5D7E69C6CB752FBF0C78
:10D43000BD6784DB177392EA304A839877277D258E
:10D44000DF0B33E9C6D4FBF05CA52BE900B5F72070
:10D45000C9BDECDE25D7D51C2BD7A47D29A9ADE00D
:10D46000F910BD01C1BF5CF6767E27E525AE39789F
:10D470008D1E5AA11246A8883401BC67D3D131CC85
:10D48000B333A7A1583CD1A05B82D6DFA33E38912D
:10D49000E958823B69B1FA3BB0EF9BA0A6B7D4CF65
:10D4A00009D579A1D0538DDA052A0EDF851AD5C4A6
:10D4B000527169038E223823A8728316AD1BB4689B
:10D4C000DD09E5229CE02F055931901FE79EAE70E3
:10D4D0001E1185A8CE3786673EBD1FC2C32A0E9A8D
:10D4E0004DF09FB6ED8C15EC8871091DAD420CF71F
:10D4F000AA96E726CE6E0E721627CF768625071CD3
:10D50000BCE214867149F24EA1A616629F0F3A44FE
:10D51000F4CCAE9D3AC66566E9CC1915AD6B438E69
:10D52000B702D454210E9E11F08CE4A682EF0CFEBB
:10D53000C366C8F14D8879134ED2EF13E23ADF8407
:10D54000D83721F64D382F7F4B30C013C5BD859A93
:10D550006F9EAB424CFB5BC23078E23ADFB2F1D750
:10D56000FE258CE87C4B18098FBEF39F82019EA894
:10D5700013FF94FBD75915BD0BEED7E239B1A27951
:10D58000BD786497E207E33222DBA46F2ADAD5ACD8
:10D59000F86192F8EB1CE95538FD80AF6122E8E5AF
:10D5A000C289852A1EF8E066D46051FC807AE31FA8
:10D5B00038BD694A8B363811124F2C4E4DBB4EEE9A
:10D5C000704E35638A59D3AEAF9A0DDABB81447B76
:10D5D000F7B969474A9E6BDE2096EEF9758E3936AB
:10D5E000FE87C406F9FF09FAFFB243FE5FEA70F056
:10D5F0006CBC3FD40DD667D06C722B4F35C3FDCABF
:10D60000AC0A27FA3643D9D68A83720C1F70EA20F7
:10D61000C1A4A2E290500354B61AA4B037F1E83185
:10D62000D1E7149CBF549C0904CB7415C764680FE0
:10D63000E4D394D9A3236345EF59B555BC548F2542
:10D640007D374D0B06D651D289EE175682257C8444
:10D6500019E92974ADE60FC31983D254BF595CBCD4
:10D660001B651A94C6D837904EE77E14F3862313B1
:10D67000C6DFFBEEC346FC1FD7DA46BF2F1326B624
:10D68000B67188B7C37D37080E7536E860E21D4273
:10D690002AD1618630B97BAB706E17ADF5C658B82C
:10D6A000F1D2F309369E4FE84C3EDE2C44F109A539
:10D6B000D3851A1D3B7CE60719C216F0D9985F3353
:10D6C000E2F841C78D8452D8E727D8F24F4E3C7E0E
:10D6D000C8F154F952B0BCA52D3BE6A8F968B12DAC
:10D6E0003F64CDF1638E18BF24483D15E8B7EA7852
:10D6F000AB2366BA02BEB7949D11E2F8A94623DCBB
:10D70000C4F17C3678D50A2A6B865F5F525236DCCC
:10D71000F26687990A0E024C36E49E8D9AD17C7689
:10D72000D9B1E3C79E495EDD7A184626BF82DEC9BD
:10D7300035028E1B01C78D80EF46987B8D70EBD92B
:10D74000083BC146E0C21A671F0288BD00B117201E
:10D75000F602C45E80D80B107B21762F6801831DF2
:10D760000F7E1FC4EF1BE784D87D10BB0F62F7410B
:10D77000EC3E88DD07B12DE53305432B3FAC754901
:10D78000EBB8337393179D1146E8F862D34B3F42D1
:10D790001907FC9A1F6DF6733EEAD4AAD3943E078C
:10D7A000671D0C3834EB9031A6200772FC4AAB0E93
:10D7B0002918752C1A78DAFC9C45C78C6BE2B66A7E
:10D7C000D56BE246B5FAC39798AD8B5A8D1356EEDA
:10D7D00085B795A3CE1098BD8BCE186B465E062BF1
:10D7E0001F2347FD48602E2FFAD198BC5A09E51C2B
:10D7F000D6AA27AC0E6846B835CA59CDC68FC6FC26
:10D8000049ABFE684C8013E126FC6996D3F8545965
:10D8100012F0CE650107094CD2AC83C696092F8160
:10D82000AD9609018708CC4B50AF8C0AB356FD5416
:10D8300045C0B1E108639E75CC7872F276ADFAE42A
:10D84000E480D64084D93EABD5F8FABA16B011B20E
:10D850002EE00C81699975C67821FE67B076131F9A
:10D86000F02381F979D68FC6FC2A5EAB7EBD6A545F
:10D8700033C2D4F08B9A8D37A63EA855DF983ACAAA
:10D880008930C90F2E721AD76C9A0E6DDA34EA20DD
:10D890008199BEE8A0512D2E020D1B71D42102B337
:10D8A0006811F6CC49AD3A5BB5E89856DDA818D5B5
:10D8B000AA55320A2126532D0CD3F1898F0B716E94
:10D8C000B80FE74F953543CF31642E6D81A78E4752
:10D8D000EE1A3C02117B030AEFFC827805C4292072
:10D8E0004EF121CC4DBDA2ABF9E1E4F79D91306240
:10D8F00079CE247E7C50CB8F5276C1C96AA60AE6C7
:10D90000E2C02E2C9D87DD3A0FA979C8599D35EDCF
:10D91000E219885503B67D047D2B1BE09CE50C8045
:10D92000F197C9041C82D27C828ECD3E362439A068
:10D9300075F434A8A30252F84E0778DED7FA38AC53
:10D94000741C9701F9F841BB9AA1EDAF2BD0F24CB2
:10D95000C02848EDE484116EEE252C6D20D475208E
:10D96000400D841A0D84F403A1BE0321878190FB2E
:10D970004088BF0FE2810B87A7069E2DF0D4C1B36C
:10D980000D9E1DF054F121101F02F121100FB7FB65
:10D99000F0ECE043A0B6A141CD10132A44C1AE3E45
:10D9A000A69585DB62BD30CCCD0A71AD2C40858259
:10D9B0004501B00FC40F0698C1907A30A41E0CB96F
:10D9C0000F86DC0743FCE0D93F8EC2F411B0EA2594
:10D9D0008CC2391031EE20C445A0863CA41B0A71CC
:10D9E0004321DD5088190AE98642DC50483714E2A9
:10D9F00087A29587B116370B6917CCC27ED2031464
:10DA0000AE7FB0EFCE56CC3A08331764049D58BEB3
:10DA1000012C4C282701FE00C21074067D40420EE6
:10DA200006C83D0AD245C1D728C8350ABE458D3B38
:10DA3000065F63E06B0C7C8D81DC62003A46180166
:10DA4000F23E2375FCBC6468F3B000ACF33080197F
:10DA500006306865220EC271108E83701CA4898303
:10DA60003471905B1CC48D80B811103702E24640BF
:10DA7000DC08881B01A58D80F811103F12E2474297
:10DA8000FC48881F69F361C6E008FC62BA10A7C3AE
:10DA9000113812A046123B16D5F06C82A7069E2DB7
:10DAA000FC28A8C728A04FEC03D3493B77104B179D
:10DAB00063006A0C408D01A831003506A060ED8539
:10DAC000D878C79CFF4DAF9056014C6359F3713223
:10DAD000DE8F3BC14EF4A08A83F78C75903F4019CE
:10DAE0008EE3CD8E4C9253363C79905B1EA4C803D6
:10DAF000A83C923B955220122135F06C41A9107838
:10DB0000B691F7A9F03E15DEA702FC54804D02D86D
:10DB100024804D02D824884F82787C7F12DE673BB8
:10DB20002CFD6A4C6760AA88FC4E45F381E695CED1
:10DB3000E3CEDE39E9ADE316787690BAAA2095EA0D
:10DB4000C3830EA346EF6D1DD26258F9B2911E67D2
:10DB5000E9846DEE6BF0F51A7035BFC2975F010A6C
:10DB60002C6E10BB21382E0C90EF2CF8362B321374
:10DB7000727D7E82DDE11C00E52286CA9CA436B45B
:10DB80005CB4A85D71ECD4B15E3A0075388C735307
:10DB900071FC476F3D883F940D99835FB9F6E0773C
:10DBA000C8A3C1AE6B9B3B5BF68D0A58863D5045C2
:10DBB000F32EF1956B87CE132D009E2F084C3E7CE3
:10DBC000CC6AB2A9F9EC6D3FD8D48DFCF163362E46
:10DBD0009BFFEAD857B0061D86F704F557C76CEAD5
:10DBE00034F5F1635A6E91FA007CC5E72B88EB4956
:10DBF0003E7EA8E7A9B283B04615C0AA5520BFD97A
:10DC0000B86BCA95C760452D0C335D04CC3D8CAB19
:10DC10005B0C4040DC3508F785E07FA50C09E32A62
:10DC2000FF13A8D52B6764EF6599FE327FE95E4943
:10DC3000B8864CE21BC7770F403C7EBA383930A318
:10DC4000343D673A69E916DE67C5B5151D2BBA562E
:10DC5000DC66A7B122F70AD0A3EC8FCA8D1C1BEF9C
:10DC60002881B38681AC7AC354B09738A652E76056
:10DC700076F37799F050B0CCF086CFA2EB25F52063
:10DC8000C135F6A203A51F94A8E5147104DF945BC7
:10DC90000E15DA9C37EE563E7580292EEC2C293D68
:10DCA000685BB60C7C01FF6A57C208E07006B2AF31
:10DCB00016E44CCB1195513E8CD499CB7C5E509D93
:10DCC000CB4D8373471F977D0E78867385B7764B50
:10DCD0006A2523D74F77B7096AFDCBD772BB62EFAE
:10DCE00080DC4FBCF14DC0BCCEC20C890509DA59AD
:10DCF000438A46F270A7B3E87409724C734B2A8EBC
:10DD0000129DABA3154795C3678C32AE64F43949B5
:10DD1000781612DF961B3B2354AB09F071F886325C
:10DD200095AD4EF0760F92AA236EE70B867716809C
:10DD3000370A1F21E69D05BB2D9509338B721E0BFB
:10DD40004E8ABFE8F053C40B557E0C4A7E50FE7BD2
:10DD500093326646A843771B75C55755EAF6314797
:10DD60004A8C6A15FC0A869BA17D70551B20E7AA88
:10DD7000DBFD5266571D996EF383FDC223C957849C
:10DD8000283FE83F7C9EB392FF28FA4FC3FDCA5B51
:10DD90007FEEF987A7833CFA63C91D53AF8DBC2280
:10DDA000E8014A0F50FAFE508DEFE4C67E55782EFA
:10DDB0005DF14625D849A87EA3B828725AE04C499F
:10DDC000E9AF9802966FA47F6D0CFDC122FDF61E8F
:10DDD0007BD95259C433172CD26BEBF11DF4BF879A
:10DDE0006FD19ABAEE66154B3A2E34BE606FA639E3
:10DDF000DAB5CED1E50AF3BF0D3231EB7C3A368B82
:10DE0000F50E3B3BF656261B9C0C9849949EBF1181
:10DE100082BB9E2F218F1876A725DC0AF796FF5824
:10DE20001BBCDB723B213859CA003DE2F54318DBCD
:10DE300055783C0F83FCB4F4B633480A19C09447B4
:10DE4000758BAEF51D179173C739D45777A604B1FA
:10DE500009FC9C0FF2E43D3A29F0F87DCA28311400
:10DE600034F16197387725F6B56028EC87DBB62268
:10DE7000A34A116F4E3196AB705F162FE8C16EA4A6
:10DE80006CAFAF1047C7BA272B9E44CE419DBDB89B
:10DE9000C43B2EB2E8B8F0B0382EFAE1D782EF28B2
:10DEA0004B43C3F9D5994A18258E10E8E110B8699B
:10DEB000542E2DD9097224B02300FB13F7F6715AA2
:10DEC000AE9CD65B7ADA0A4526DD4B8C3AD5BC5F30
:10DED00024B36E04ECFA65DF88478133CF247A20BF
:10DEE00047251BBF062CFB2B61BE56B942F65F923D
:10DEF000FBC015C85D8C2F601FDBBE6764F1FA3D67
:10DF0000BB2DF6C4AC5D884D0E709761750DEE3873
:10DF100009A7BC3E8FED01DF84A1A0230072EF733F
:10DF200001472AE6FA1E4AA76ADCD98843A0072FD0
:10DF3000004DCBF6EE36C10B24917D433A57F16389
:10DF40002F3D78C073E00BA4071508A7AC03D9D503
:10DF50006583618EB8F2C1CF2DA9B1DB893B622EFA
:10DF600025FEBCA08F52CABB62383FA49210D9AF25
:10DF700019E1F455888B02CBB4DCBF01827E675E69
:10DF8000F5EE978538C0AA7C4FBFE819D4B0E816E3
:10DF9000467ABF54BD02928B902BC9D3A08AA07E33
:10DFA000BAFF2E972287D25E76A8D8F821E9CA6DEB
:10DFB000E87386FB4BEE7BE047E8BD2436B72E893D
:10DFC000EDAB07F36229B19D02ABC59FC7BE759B40
:10DFD000A9BFF51333F61FB798FA9B9799B12FBDD8
:10DFE000C556864430635FFC2B5B76A05217CE7C0F
:10DFF0007700318436E87263451F901337787C7A56
:10E00000CE0CC1DAFD85E69741FB10F63DF277EDC7
:10E0100032E3ED53CDA7A6C9E703DA4C27ECC510D0
:10E02000E3D1B832E4E39A02EB52218CEAC248F21F
:10E0300085E2675EEFF8EC6D75421A97AE3A4C4F89
:10E0400017E49BD9BF2116930E200EE1AE403EF19E
:10E050009DFB470C563DF77B0C66FFD5EBDDBCEA1C
:10E06000390DBDED669EF3A76F697F0DA46F8DCF4F
:10E070003E40DFF4CF267A6FC59F31D1B7B6A79F58
:10E08000A16F094F8FA76F557386A4277DD5879100
:10E09000B6D9B8D314B65858A12E93FDFFC4DF9358
:10E0A0007DF8A3764BB2BD18A4F82418DC2C3EF4FE
:10E0B0001DF170615115541C13AA54851BE00BAD62
:10E0C000F363F27A8B183C75087148EBF828D8A4F2
:10E0D000563CF41D9C79ACD4FA06F8E4A438DE442E
:10E0E000EB15A1B07B9E9C2ED44C4ED702855DF1E2
:10E0F000E26EFEA14499821B358A7879966A28DE01
:10E1000098E9CA9AFF41C1ABE9EC967164020A0E24
:10E11000D6ADFABEA4253DF1A8D61F28F8A3C22685
:10E120005501C8DDC2B3C04AFE37D17F1AEE4BA3FA
:10E130004F24D43B65E4B5A957A08D054215405442
:10E14000F58760FE0CF6570AE73FBF6229D26E2FB3
:10E15000E5D628A6E447274AFF68BE0FA8F56F2337
:10E16000D82F09B5BE0C54772BBC871713CA9D0C4A
:10E17000546395A455DF4729F7BB48B935B7B31E9B
:10E180007205F8DD40CA5DCBD6DF5AC6EE5EB92D0A
:10E1900011F4C0CEDBC92DDE51C823192937E87F21
:10E1A00048CBEA06EDE67BFE3BE57ED7E927AD01ED
:10E1B000CA3D1C287769F7E57B28B78C8FB1BFA3D0
:10E1C000DC438EFBF6A7DC380E846A4B3F9C268C22
:10E1D00022273749D8AFD9CD7DFDDA38124798725A
:10E1E0002B7879FC4B7546209E8A647797848953F7
:10E1F0003C602B61B96651E04F78B229282CFFF4BE
:10E2000017D13B0AC8A5FCD390E93F6343D29437AA
:10E210004525DE8938FC4299B10BBB999895A62A11
:10E22000D7E0965F64DCB882D53F03454DF97AD7D5
:10E23000486B3750D4DAC4B0062F457DA110F46581
:10E240007E408A3ABCE1F714B5D421ADF7BFEF6A3E
:10E2500088B5C5A6FEFCEEE7C5A57B731EFB35DFC2
:10E26000BF0EF4E312A5FBD3EF437ABDBCF8E16A1D
:10E27000A16A37BBB6CE9C2CE9BE1D3AB9E057F374
:10E28000F7D5407B617D6E2DC07F73ECF84DE6A223
:10E290009C8320D3354872DB0DE551BBF3D682CC8D
:10E2A0005B1043A8748C678160B02F807540218C0F
:10E2B000E8C80F7C7145DB8AF32B2EAEB8E2E5C7C8
:10E2C0006C0358B0B89033C37F00D87800DE009F4D
:10E2D000322BF98F2AB356DAE3187CBF5E845FD104
:10E2E0000250FD05B049025F8C80CBA06384233BC4
:10E2F00016748C9C1DCAFD159A0376F2731E631F5B
:10E300007B787A79F2D42BC917279C8F6F83B50F4E
:10E310006A0BF9EAFB8FCAAA6065ECBE42E5C87DCC
:10E32000852B32D18E5775C6DEE7E73FEF5FA4FD40
:10E33000E71D26709A8BF5FFD995E3FF33C1C71B04
:10E34000DB982970853D76FC36A6FEF96016DF174E
:10E3500007879D75E97EB8E20AF5BF22E32ABE3839
:10E36000EC2CFBD8E4026D7997523BA713B4975875
:10E3700037EC77BA1EB82BB56F65255F7F6666B13F
:10E3800094EFCFD840B9D555CE5FBE6C35C735892F
:10E39000A5035CB69BD76C1F0F67C1AE8C9255E18D
:10E3A000FD6D450058B79B867B1EE9FC69668AE5D2
:10E3B0007442BDFA37A6626F290FFAE87780771E9C
:10E3C00014397DB0392779E4AAA99691F9B923398E
:10E3D0006642893946BAFE8D42DBF53A63D30D6356
:10E3E000DEB12B612F50C93FC8AC2F2AE4DFB1AF9B
:10E3F0009CF6A6E5F5FC40CEF54E7E8F8D0FB986D6
:10E40000123BF517BA988F2C52B085B5B99319D035
:10E41000991BEADB9665D4BEB18CD96976ADE1CFA4
:10E42000117BA1A2F8546946B17A0ACFB368B175DD
:10E4300071D1D8CC58F6F42A23F0204147B599463B
:10E4400026F468D051D9A297CCAF3BD440A986B569
:10E45000CABC7B14FDA76197CDF11D81034E1E350B
:10E46000956CBC3A7B43F2873F0A31EA95D1E2C70B
:10E470003FE2AE40CBAB0BFC80DF57177EF8635F0B
:10E480005FB5DDC495E98FAB4D5A37E7A5F737BDCA
:10E490002B445BB7778548E8F6AE10555DDE1582F4
:10E4A000E9F2AE10691EEF0AD178C3BB42E86F787B
:10E4B0005788ECCEE1DE6FBF01951CD61107E38EC5
:10E4C00059D16853B50D8A783AC79D0FB74B1D2AAD
:10E4D000C2736C21FBED88AF45C418EC419208FF74
:10E4E0003187F01F09B265D6D844E08CE610DDA66E
:10E4F00084B5CDAFB435E4818C9412FE57794B6965
:10E50000BC920F16883E6F4C75505DBA1C985787A9
:10E510007A731AE679E88837FF78394FF7149A67E3
:10E520009C6732E6F9CA5DF0990479FECB7A42869F
:10E53000D47B1EC25BD06E398758CFC457DA1EEC2D
:10E54000F1E65E5A643D84B1BDF94F38EDCD7F22CE
:10E55000CD7F7C6FFEE348FEDD689D1EF2CF252354
:10E56000233676BC4CFDDCA1FEC8974DF4E6BCA179
:10E570007FBD4778467D2FE73BDC3346CE377314AB
:10E58000CD77A46724E6FBCB6F701AAE80FFDEBAAE
:10E5900035F5CFE14F9E1167455AC791720EE208DB
:10E5A0009AC3039E38CCE1D02F28530AFFDDC8E779
:10E5B000E58240375A93B1DD1C0C762D7C9957DAF1
:10E5C0001EEF42ADC0A605E08F6086D6AAC98E7C3C
:10E5D00034F011F03970CDFC8817FB6DC7879B8430
:10E5E000A8142FBF051A9F29EA7B1FEBEF9E2FD897
:10E5F000E1A6B92B29FC1180514A660BAB5D1004D2
:10E60000DAAC6029D22C2DB8C5604859AB59915B62
:10E6100093B22247F42FB2DDB831C87AE1A425CCF9
:10E620008531F8B57D55E9053368B42F63BD5FB416
:10E6300027D52C5A500ABB604DC6985639178841C9
:10E640000D0BE98D934C71BFEF52875C0A17E70AF7
:10E650007FE1B77631AC0DFA09EC061F467C5E3CD3
:10E6600091695C26DFAF3CD77C4904FCB811C31B21
:10E670004CC23647BEEC812B26542A554720D4077E
:10E68000C9304B5FD7E6F305AC3864A62D9FCFD6D3
:10E690002A0314369F6B83F04E194E16F285981696
:10E6A0004ED896A19E527111CED6D42C9C2E14E039
:10E6B000B3ED87C8585740ED1DF4C90E3BFCA3A627
:10E6C00017307FF6D19CE470DFC181A8C9CF815596
:10E6D000F8DDFCA34ADD5C380BF4DF7E24E7D117BC
:10E6E000ACC28E9B85BB8754B2A889ACEDEC1944B3
:10E6F00067C10FE8155BBA9F0B409B59D67E31FA74
:10E70000EF412715E27E077FA63E6313A3EDB831E4
:10E71000A83A9F057B01FDE0BFED1FD33FA7EC5357
:10E72000FD638AFBC5B49DEC1F53DA2F26E144FF3D
:10E7300098F27E3155C7FAC7ACEF17C31CED1FB373
:10E74000A15F4CDA618CC1D1507ED90E588339D18A
:10E7500038D6D3C384B90543315BEFEE61902BB358
:10E76000DDD031C5DFA00DE13027DA0E669D1B8AB2
:10E77000A4D5FC6CF388407F97EDADABDC08B0D23C
:10E78000177CFB324820AFBB41AC3C0B5BF99B785C
:10E790005F0AF3FC8B6FF2CF36906FFFE1BBAE42A6
:10E7A000DF0F3A406F1D89F449FA27F659E4BE6E2F
:10E7B000BC11664C8448C6D48D1B60AD220D523FFF
:10E7C000BE3FC2D9B45B9E6BFC8DEF3D9D987E1F12
:10E7D000F5D9D6893DF0B0976A35236E21447CC8BF
:10E7E000C10188DCF22D749EFE8AB0F519E08D34EB
:10E7F00086C26C69BDE6B53E4EF3BF86FD760F4C12
:10E800004DEBCFB43FF6501BD757B1947B6036B574
:10E810007AA54D693D2D3F615FDE0353DD7A99E2B4
:10E82000FB135A9F4BD8ABF7C054B55EA4F571D01B
:10E83000FAB8B17FEF81D9D14AA5C1DB3EA4F53941
:10E840008F3D7D0FCCB6D673B43E3B697DCE619FC4
:10E85000DF0353073750727DDEA7F569E3FE889F1B
:10E860001F687D76D0FAFCC025EF34FF0E3F740F91
:10E87000D1F61EADCF19EE8FF8F996D6672BADCF36
:10E8800069EE8FF83945EB534BEBD3CAFD113F27A7
:10E89000697D36D3FA9CE0FE889FA3B43ED5B43E92
:10E8A00047B93FE2E730AD4F15ADCF61EE8FF8F9D4
:10E8B00086D6E75D5A9F6FE682B49E9CBEF6AB6E2D
:10E8C00031ECEC2B6D259566188D0F56D275F52B16
:10E8D000AB1B7598607CBE03D60860EC96AC05CB8C
:10E8E000032066F129EE96159F76AC38355A147CD4
:10E8F000CFAA8501D7D51B7D5935EEAE20BDBD20F1
:10E90000809E2BBD4DEBE3DCEF81F513E25E29F732
:10E91000C6256C90DB57BBCFFB454F6B5FBBEF8BC6
:10E92000928200B2063D0837FB6DFD6BEDDEDB5BCE
:10E93000EB0DB57B83DB73C52778338F12DD1B7D31
:10E94000AFAB95E23C5EEA7283644F227C15E0CB6C
:10E950001E07F2C740AF8B497A27FF3948562CF083
:10E96000A8E1CE1DF3F0F17C46F3DD13081C02F89C
:10E970002853D1F5FC33791DCEFC0CD7E121E9B049
:10E980002F7F1EE93B47F7EC6DBFDBB393FDABEC8C
:10E99000FF2CE395C3FFBE6D15D3650A61E13FB25D
:10E9A000CA7B8EED373E225F36BA3F4EF5CE878F5B
:10E9B0005C15FC45B4440FEB472EEDDF0F5DEFF225
:10E9C0001700DFF0AD6405C55F3D48DC5E40DB90BD
:10E9D000403F7268FFED74BDC39F074E07FB271BC6
:10E9E000ED2142B9C0A554C1FFFDF0BF1AC377881D
:10E9F00014C51CA227F23EFA2A02BD8F756B4B8C00
:10EA0000605B11F6486FD5B7823492082BCB24CFC8
:10EA10004BB84382FBDD77FE70AF4B52D5ACEDBBFC
:10EA2000D7A5E76E7037FCBE82F23075AF1CFED7FB
:10EA300055BB88D4967F0173841DD1C20DC99576CC
:10EA4000114EBDE4B0F3F97038719D5B2243C53EB1
:10EA50005F6977E28918D8F5221CEE88D67CBC73F2
:10EA600096E717BFE9BAF8CAE1865FD9408D096D0C
:10EA70008B83548D3C66AA1C20E19EBB2BEF2ECAD3
:10EA8000BEA1DC5BFD0933E8F110F9D630FB28F9B3
:10EA90000C03E3CFA5552FA8EF342BA62E9063A32C
:10EAA00043415A9FC8A32A9F45497FFB3522536B98
:10EAB000857DA3425963096063C6782577BA65EFFF
:10EAC0001C5C09CDEF2F860CBB99C87506E9D2896D
:10EAD0009C579E1C93964AFDE7ADA4E15934B7FBC1
:10EAE000FA724BE8A07E730A6518FD4C6F6E5C20CD
:10EAF000882C61BDFF25C764530F91660B0D3F4203
:10EB0000730BEACB2DED1719C66496611252BCB98E
:10EB10006DF69773DBFCA61C53F508F5FFB78286EC
:10EB200093696E217DB9655FA6F5CFA6F54FF2E634
:10EB300066F29573DBBF548E694C3E9746FD3A658D
:10EB400079F1989B8872D8ACCDDE8AD25FB52F7DE3
:10EB50006ACFFD86670C9C630EA37F78BD2238EBDD
:10EB6000FFE03EA054FBB71D6CF1E3E6A93BD7489C
:10EB70008B8EF1B650A5C276CA4761B34F64D0CF31
:10EB800016DC9EAAB44F0F65EA3D6EB6FE379E9521
:10EB90002A944AEDF4AEBBF51E9E5DE55357A13CA9
:10EBA000F0069CFC4B2F827763FB3926DE2E650036
:10EBB00067F6C61BC0C3F880F04A96234BA77D3A80
:10EBC0009401D7813DE04B82685F5309E8EFBCBBFD
:10EBD000147D56753A1D1F77687F4E965BC22DA631
:10EBE000E1F1E7500B09C79DAF270FF532EE91C257
:10EBF0003BE5CD29FB0D391FAE87F6CF78391FF3E2
:10EC00004B343CAA3A8D25F27A7DA9D38E7B53579B
:10EC10002DA1E3F016ED8FD1D514A3E6E741DF8FE8
:10EC200060541A215BD28F393FA38D58669F8D9611
:10EC3000D9F3A6E52405A7D0FC0E057BF37BA5C67A
:10EC40004CEBD345CB1F41F3936838968EE7AFBCAE
:10EC500069D25EF24B93D3986E98A3E8781C2EA7E6
:10EC60008A4EA3E1286A13ED803715B3D08FCEA169
:10EC7000F40EA88D82D63F9A8E87E76858EFB58943
:10EC8000E84D979D9E3B3EEF0E2DEF573A5E0D727D
:10EC90002AD333343C84F6579337957E7EEE78D56D
:10ECA0005D5ADE3519AA6DA89CAA3D9586C3E8F881
:10ECB000FDDC9BAAF1FFA02C9A0AE435E5F6875308
:10ECC0007C3C49C321AE77A37EEAEF75DEEBE51904
:10ECD000F56D287E3FE9C5EF33665103BEF1D09E46
:10ECE000EBE46B93DBECA76094171C98A5F56953D4
:10ECF000DBD4B3401279943AC7147F51013A7EB401
:10ED00001F2ED1F11444C7D723343C48771C28EB7D
:10ED100002D54CDA1FF5BDFDF11739657B379D7FB4
:10ED20007E72CA74D15F45F13340771AD20EB7CEE6
:10ED3000585C315A05FEB84FA384F6C2944A8B8AB8
:10ED4000917E8AE5A97EE53A6F7A6A496ABBB78403
:10ED500084C728FE3B697E6A8AFF441AE6E4F8FD10
:10ED6000DE781585A7354A50CABEA851438833A11D
:10ED70006650BD258FF9C64E743EE5F1FC8B99D6E1
:10ED8000355BB5DDD11FA3B206D3FF5D997F31E3BB
:10ED9000FC0B6DF62AA4B70905A01B427C8331C782
:10EDA000E4D532E1138E7E693B227FD17FACA15F37
:10EDB0001A0FD315D5E14FBF541D92BFB4ED0AA46D
:10EDC0005FB2BFA1FEB73F7C0D7C7557C2D9DB7621
:10EDD00037AC79A3D6E79A8B5E5B2D7BA2400B3EC6
:10EDE00044FF67954D075EC08E8B2CF108E370C71A
:10EDF00081C7837F941EFCEC95CF5E59EB5C610765
:10EE00000B5EB2279D7812EF7427ACFD8515A93FE4
:10EE100046C5BA0C8E973ADC83CDB2871A1F4FBC19
:10EE20003989787176D8DF40DF0B38637362BFA70A
:10EE300096B31BCBE8FC88A3F3E3678A2F370D5FFB
:10EE4000A7F1C368F8CAEFE27F91EB503B59F71E78
:10EE50007C1FF0DE625D0A4A2F0F9F6473BB59521C
:10EE6000031ECE1252887F76A36E068BFEC726D86D
:10EE700001D656F4D3A2DFE298F7759B209D2A2A8B
:10EE8000D3272D52453548DE730D2EBA83BA03C001
:10EE90001B8DEA665E8B62DE479F7E6355B31373FC
:10EEA00066489D16E229DB3C03BC2431470ED1F9AC
:10EEB0005C10D6AB0947E7D78FB4BFDBE9FC8AA06B
:10EEC000E1362F645BB4EE3B622BDA60877FDBCAEE
:10EED0001142D863B9B17E700A966392D27B18D47E
:10EEE000A95E29D1F67E17E8E74DEF7A77650F1D09
:10EEF0009F3A3AFECED0F1F9771AFE4118E5CB6081
:10EF00000B8CB131C8C13C0B2B87C2EC7415F85E79
:10EF1000A33687B2024DFE55ABE757EA640F413B7B
:10EF2000ED839804D807AF6ECED945ED45FDA377A4
:10EF3000FE85E78E8753FD7CECDF18B0F256C6D80D
:10EF40005F277E580B958015702080EBDA935288EE
:10EF50009DB12FC3777781219FCE8F23B43E276841
:10EF60007D691B120E3FB30BFD6D787D6DA01636CB
:10EF700095737DAD979E06517A7198D28723945EE2
:10EF8000F8D0F057A50B755FC017CDC207D9645BE9
:10EF900061F7DDC81970C9007DB920E6CBBC9CE4DF
:10EFA0008204F058A96CB2151F0A5D30F68DF1ACE1
:10EFB0005FDAA71669800F53BF2C95C516D75BBAC9
:10EFC00013CEF1F5BC2781F6D7C109689344AEDFB3
:10EFD00097D5198A0C734CA92A51E55A970C5EC330
:10EFE00042C09A2BC8C42BB864D7504FD7BD1AE182
:10EFF00063CCF3E679BDBBC450AB5D099974BDA089
:10F00000ABA0BE492E65F3011ADE47E3E93AA76FCC
:10F0100040896DE06A1B34220B56FD2CACB4D6AD92
:10F0200060934A93B44B3B067151746C85BBC2CA62
:10F03000EE0427B593AFC1F4AB7E307EE5FA59A656
:10F04000957D1E819ED3FBF2DC0F6C9763318ED2CF
:10F050008A4ED49C466DE9D19967419ADD33AE4C16
:10F060002A5D051ED0EFA0974392EBC1C527E2BCF5
:10F0700036C89EED5D9F6F7AF904EE733A1E1D74DB
:10F080007C7BD7939DACE909D053414D8D9150873E
:10F090003170FA4DEDB93DD57B267AC390B937630F
:10F0A0007E46355D9BF7EFA6FCD34ED415A0F95DE7
:10F0B00032510E4ADA1E9AB82719FD19C138FBA73A
:10F0C000F40BD86B0459A6B1E0ED02AC583979F6CF
:10F0D000096741A67F315ACD024F1173429B72924C
:10F0E000E32D89C9CAE9C027697D1428A93FD672D2
:10F0F00041616C6114F1763845054B4A7E6ED0E76C
:10F10000BE1BF04B5013DA5030C7800682C255D177
:10F11000729BF246F2F87FA4F78EEF276F9B4D1F8C
:10F12000D2F1B1858E673AC713369E039E8660DEA4
:10F13000849AF4EA8E9157B0DD866BD007F2784856
:10F14000EEE58F2EDCDB766E271DCF1BE9F8FE96F1
:10F1500086DF65AB64FA9BF97D7F8FAAC8E5B1298C
:10F16000B22CFCB98533CC8AE52811AFD54D60901F
:10F17000CAC27DE0B39FDA77E6AD96C63150B6ECF1
:10F180002BB736CEBAFCC4F6B6EA05B2E6D2C23325
:10F1900036FB38E6F3B5B9CE14E60327A602FDDB4D
:10F1A00048D4A15D7F88F6F79440D31A15ADEF9946
:10F1B000EAB29594B3D9BF95B6B782B6FF100DDB0E
:10F1C00084151AA63A730D7A777969FBB11576B36F
:10F1D00043AE7BEC85498BD1BE4E9F3FD8BA426986
:10F1E000CE353FFB3EB40490F4B86E3FD1439A4B0A
:10F1F000D7B4433156B49AAFF5CD563CF3B5149419
:10F20000A4C15C844F2D5F117FA89B097E285753B2
:10F21000F5F33367A92CFC28CA0FB4D0F5BD505EB6
:10F22000032E7DA19C00DA2BBB34740D6EAF62936C
:10F23000687D57D2FA37D3B0056925A792323AE8EC
:10F24000CA1E3D98AE2F66AE4A18B515AC9F803FDA
:10F250004A794DDD17A92927AD133EB7EC8DEE286D
:10F2600006F9939BCC1FAD00517A1643D7AFCF68F8
:10F270007ED95E5C9ADFD9403982B45C5AFF4FED8B
:10F280007A12FE6731CC1F59D749781F2C36258D4D
:10F290003F3B326F433ADC93FC7682D9611973BEEF
:10F2A000126C8A69D7802CB23C3EBE66DF1ED3B694
:10F2B000D34E56BB719EAFE47A56FD2CC7F29F2801
:10F2C00032AAD3AD6EBAFF18B1EE9552A7CE44E480
:10F2D000E81356D871970967B309116DA87F1563B4
:10F2E0003EB70075AFA2CFE24C88CCDC69416D908F
:10F2F0004F2D7D65C53AFB9535C6D302B345E62B48
:10F30000DC347EA722C3D05B9A337ADD6BA54EBB7B
:10F3100009B5C7B8C92BECA0CFDD3B4BFAB4F9C097
:10F320007BADECDF5BA2BE7BFE0E1A0C0ED4B07080
:10F33000AEF06A58B0E20A0BFAC85A4B7C6075E727
:10F340005AD3BD3EAE641F580EF028842173264860
:10F350002A65FF562B8E32AA18BF6211F6BE010F26
:10F360007DF516DCB2A771F636A2A5BC1AA4C3E8D7
:10F370007B6389557CE8F05B87897E16F952B54A34
:10F38000CBADA6EF6DC5326F91F99154C047D993BB
:10F3900070C4466DCA4ED39C474E55AB3AAF8B787E
:10F3A0001E244CE2FABEEC0B8958527A88FA0DDC26
:10F3B000207B7E346DA0FBE40D806D6A1F97F6778D
:10F3C00025EDEFBF913385D8CC77FDD2C829428D8A
:10F3D000FA5DCC4319D3B25EB794CCBB7F1883F4EB
:10F3E0007A193ADBBB1FB2D3F05FC958AC066B0386
:10F3F000C4C7BDA582F4CD44CF1A1A7E9B8E8BB7AD
:10F40000095C0D5F267FE78B295C19E1CECAF82BDA
:10F41000E43F87FEEF00FBA3185FC5BF4DC2DBF8DA
:10F42000CB602BC149EE50181253CBBF5D2C6E1C24
:10F43000D4A1CE153BF88D83AEC369D275B6F396D1
:10F44000C0E1FD18609BF05255CB09B665BEEA0DD0
:10F4500021087C54CC59C0C8AD4A5F6C2E12B41D33
:10F46000600B5308EA006D76B083EFE6551B990EEA
:10F47000C6AB8169954B1CE639071A9802D1577BB8
:10F48000F47FF83A237ECE602C04C358D0C963C100
:10F4900011ABF71B021A029DF5FF230DF18946D32C
:10F4A00018691A51EF77DDF13FE089EF340A3F87A1
:10F4B000C267EAFD1637FC0F78AF8F35845F46E1EF
:10F4C0002D7ABF5D0EDD9A3B7741A6BBC67E92F0DA
:10F4D0005439A5ABEC4BC9587936CCD4BB5AF65449
:10F4E00067C8701736CAB1E9CF0CA13610136EC9C0
:10F4F00023D3B9D265E64FCAD834CFA7E361B22C83
:10F500004FE1A5487DB488F941B611D3FE9A0CD9D4
:10F5100066847DAE3CBE66CB5F1A27537FA98B699C
:10F52000787CC4F32BECAE00EE28D5533A0DAB98A3
:10F530004CA9DF94536E7E5A86D41BA99DA1BFD3DC
:10F54000F098ED0EDCDF978A5247AD82F28BCFCA7E
:10F550009E36336680DCE640397DF45FBD16CAD93D
:10F56000AB3294FA39EA97753AD8551D78A9216BD0
:10F57000BC22184EED7CD8D2B15CA702AC0089B891
:10F58000CAC5E626B2F1E55E9F507179AF45275CAA
:10F5900067A3C343A399293E05A0C36666B226DAD2
:10F5A000427DC8298AD627DB676C818F52379EF847
:10F5B000D3FE57A44F5C8556E9E3A31C097291EC76
:10F5C000403FF022029EC29FBF4375AF0E7ADBD848
:10F5D000F6E26F902B6DE71C437E4E349DAFC3E483
:10F5E000B6A6FF8D8605AF1D6CD634A40A4F7C23CA
:10F5F0009A154178D2C8AE1EABEA509833E3CAAA36
:10F60000ED4A07BF0FA81F0F6786FBBC9AE208FBF5
:10F610005CF3910692C609FABE18761E21FF110707
:10F62000973650BC3D2A63E4C2781B37CA8FD64751
:10F63000A4B55D2E449D829B9A8F41BBEB00CC66A6
:10F64000B8157BA88BD116143CE00BAD14A20E307C
:10F6500060994F592ABA7EB2DCB4D7606E2D236D03
:10F66000BA2806F419A799C509768565EEE2195DF1
:10F67000B2252899178FB32215460B7B9521D1CC43
:10F68000AE7F4BAFB5333D4693282D71D07EBC3055
:10F690009DF6E39F40E6368CD6279ED6679116747A
:10F6A0002E6D4F39599D93D899D14D002902A9F853
:10F6B00023BA678811A95FDB581B372BEC88C35628
:10F6C000061E0D576B55D0437970663209F769975E
:10F6D0001628275B9848D5CC329BAFCA2722417A9F
:10F6E000DBA19286FAAABD9C59F607DE1E6A7C024F
:10F6F0003833B9FC24B92FAA06523B48261AD654EF
:10F70000A7A3D421F1065F59789335FDD123FBAC33
:10F7100004F48BB3D5E4B53EAF3F832938D3E90673
:10F72000F4D1BABDEAF71A9F5CE63776E03C1D9645
:10F7300066E8CDCFDC7B7174D65B3A14C051D55AE4
:10F740007D729C3D46B0CFEA13FA52D0F30149D303
:10F7500013BE342BDE89000B7575F92EB3FBE669F9
:10F76000A3EB55CF4DABE8527776158B2EBFCE2E3F
:10F770002CDD1501DAA2E276D39E06E4DCF15C0B07
:10F780004E5E612F037EE57BE43DCE70F0638FB665
:10F790004B4B55F4ECA23D6525EA11BAD644C1198C
:10F7A000AEC1DC775AC3068E2C505FD969C67C1E69
:10F7B0004E9696D4D05E534FA07E6E6FDB38BD2040
:10F7C00063CD44476E42AA3604CE28DF1E6D1AABC5
:10F7D00006F871B8D2E53DCA2D88596358A334E5BF
:10F7E000D7715FC05A5437D58B9F2FB826AF762C70
:10F7F000620571F279594C59AE316F2FEC98C7758B
:10F80000ECEDDB898085B71BB58AC440B90E2DA30A
:10F81000A81FE25F61E444C975E0C2D5B45FDB1E96
:10F82000851D5BAFBE2EAE4E307E92D052ADA52E62
:10F8300070BF7233FFDEF260F43D06DE83FAC1D999
:10F8400027A05E6F4D2297F911F64A8BA5CEFF4295
:10F850006F7923BC7EAAA1CDB1B4BCA0DEF24C600E
:10F86000E7B457CF17F523EA2D4EC5E76BEAF956F3
:10F8700006662BF6EEC76ED0E70D077D6AD0423FD5
:10F880000B65110E3B33D6978B2FF76BF26B923DC6
:10F890007D668E06897517D2223A3F62E97CFDC1EA
:10F8A000C6BDAFA6E333CE5B6A767C9D19A995BF32
:10F8B00058A9EEBC2B65B6326CB46CB9C9D5DD5B0A
:10F8C000EFE1B4DEDFA16D694ADF63BC39A44D4EC0
:10F8D0000C644DDEB353B0A023EF57B2E591CF8552
:10F8E000C8239FF9B68F7AED1FE6A55D55DFC17974
:10F8F0002A81336BE13C95ACA9522BEE585003DCC6
:10F90000700D35EBE92D13EEFF1BE5FDBF9C4B7B26
:10F910000CA577A728FD1B44C3C7F0CC3C779F8577
:10F9200071E858F41EBBC2AC4A4C9196ACF5D2FDBE
:10F9300068DD47041F7140BF78F9C43C3A9CD28B04
:10F9400007B252A7049733683925AB186D76DAF5FC
:10F9500084BBDF19EECB3153F29212CDE251EB149E
:10F96000CDDA043849E4A5A00E0665932A43963003
:10F97000B07F92FB3392B6F710DCB911989B32CC72
:10F980009AE5CC510A63A2308D5FED9161CAE47CA7
:10F990006C21CB992F298C99C2647F69B7DC01CB8C
:10F9A0000296113AF887B3931152B19B52AF964821
:10F9B000B925C9436D5C0078C10C0F0A62D1CE44F1
:10F9C0003CF05084D75249591D14564D61F3C36120
:10F9D000ECF90C77F4B76FC09990CBC6D103FCF962
:10F9E0005DE096496AF7AB70CAD6BCC2D2FF645CD0
:10F9F0007F07563C23E1EF0672BF3F35BF2DF3CDA5
:10FA000055FF917DA1372EAEF6AEE7E1DEBEDDF803
:10FA100009EE24B05765CB09B66537EEAFCBDB6195
:10FA20001D53683D681681AAA9D52843DA36F64DDC
:10FA3000B877F774DCBFBEF9FFB1F726705516DD55
:10FA4000E3F8F3DC8D25D750D1B07A9450E015441B
:10FA5000C0DD8CED8298208168B90497870B5C65C6
:10FA6000937B2F4A692970212C9742C5C2CA702BFB
:10FA7000BEE56B925299690B9ABE65CB9B6D6F8BFD
:10FA80008A9A5929997BCAFD9D33739EBB2054BF26
:10FA9000DFF7FFF92F9FFFF7EA619E9939B3CF9CFB
:10FAA0003973E6CC0CCFFD9601BE5BD8FBE4F04287
:10FAB00040AFFED4FED46699B7D65E1E2B748F5B22
:10FAC00043B8A7FC386ECE292869FF4FF7D2DD5026
:10FAD000935ABBC15EC268B65777A3B5AABADD77A1
:10FAE00034D3E5BA01372CF4C05B1FB0460AFA2ABA
:10FAF0007582EB7747AD6CDD7A4D2EAFEE85773EA4
:10FB0000F8795DB3FB945EBB13EF7A8818B54F6844
:10FB10006A1E2ACE5921DFAEEB253FEED58B560E5D
:10FB2000EF7472CFC348766FD645977B1EF86A781C
:10FB3000C2039FD03D0F7D2E76EBE29E0786297C87
:10FB40003D709ADF034F0BDA20BAE7A15AB9E7A15B
:10FB5000F66BB8E7C1D78BDDF310D9F19E07C6EB82
:10FB60004A876EBEE761C09778CFC36678AF7BE9FE
:10FB70005D72B79F18E5DAF8D8A933708B03BCCB58
:10FB8000570777918F56D15D0FA3D9F9E633DDE39F
:10FB9000785D0AF05A52EB2DB6F6AB3BD167630F96
:10FBA0008F5310A63F86E9EE01B77DC1CD0FAC8F14
:10FBB000346E3D65DD39526FDC09EF73795CD4EC4E
:10FBC00051686F3C7BEF7E136F25DDBF6014EAE068
:10FBD0007A1D1C179B159A22717910BCFC8C7C0B2A
:10FBE000725AF89618AC17731BEBD6FD8EB30AA6A3
:10FBF000B0B1C2E3DB1B3338376A13F28489FB519F
:10FC0000E645319CE279CDFC98DAFC476D9C9C7509
:10FC1000A107ED488E52A8C912855FBD41E3AD969C
:10FC2000E8D121B2AF807B50A4F9F17547D8FD31FE
:10FC3000BBD85D36616CCEF375F5B1ED60F317F3AB
:10FC4000C9EC8B3EDC5DBBCD076F4001313CF7DB7F
:10FC5000E0D3ECEB29E03DC5B5D50B56811EF5C0D0
:10FC6000665F0D94ECCB0DA00737107A580A9C61A3
:10FC70006F23BEF723EAE11FB2D23EB1F543E2CBD8
:10FC80007F039937FB0A68237ABE8EE869352BED2E
:10FC900081CB876EFCC8CB9DF0D5C5FA5F5BE904CC
:10FCA000C510A5D4D2010AD746FC7125F1CBBBF90A
:10FCB000BD20D2A3AE656B79C559EA0D1E6EF5D194
:10FCC000E82CB5A073967AF366F7524769FEBAD46A
:10FCD0001E54EA936F13FFBA87957AE9D6B779591C
:10FCE0004F1E534ADD7294E8680DDD4BB6507937EC
:10FCF0007DDFD738D7B3B1A6DFF9A656B9C393EFE6
:10FD00007CFB52FC2FF350478B69DD779CEC66F24D
:10FD10006F247B21A783B98359FF1F7FF965463183
:10FD2000860EC5D739BD2F0BCC15EF30E012F72F5B
:10FD30008932EEF66870D0457E02A827CD4F9B79B8
:10FD4000BC99264AF73BB2E793FF46B2E712FDBDE6
:10FD50008DA570CFE54D448376D7FC8BA5F02208A6
:10FD60002138D7F509A5F9AAC77AF734A33CA93DEC
:10FD70009FA3F6CCA2F6FE9AEC46F25F4FF64C9E9D
:10FD8000E6561F96E6C8CBCFF1B2E6BE667396750F
:10FD9000D8E51D34C77F40E9EEF458ADA45BEB71A4
:10FDA000C92E5FDEACDA56271FDFAAE19438FE08C1
:10FDB000F10D75F0AE8B9AC6D9116ADDE6C63AF937
:10FDC000D7669A9DB610E696D540B3D55FEF652FFE
:10FDD00061F33B590E05AF6DAC967D2EE1DBC31E82
:10FDE0001B5736B71FD99B347FE699718FFB2C9830
:10FDF000248C3BBD7846D5A986E343DA275F4BBE0A
:10FE0000947A7EFAD9074F651D3F75E3CCD5B317B9
:10FE1000C79D408C8ADD1EA04316D1ED3F513ED5D3
:10FE20007FD8B3EAF0CE651FB5AF10B1A05518D09A
:10FE30002A97FE4705AF7DC3BDEF3AC19ABE2BB3EB
:10FE40005FF6794B6AD98EB25B1F3A3F3775DE8E0B
:10FE500079B7E69F5D94BC78DBE2F9D093265E1813
:10FE6000F5CB04439FACF0B65ED1DB9E88587E0490
:10FE70004ECDC0AA411D15AD1E6753578468551558
:10FE8000417A957A984D155CF34D7DEBB196B9B4F6
:10FE9000CF67A8ED3B44685CF34474E39A721BE8B7
:10FEA0006284FE04F20F2F9023FC042F839C166EB5
:10FEB000FFE59B65A72A4137301174B427D7E8E5E1
:10FEC000B64D03D4FB35824D13D1AF4A187457C4D5
:10FED000DC4342EB255BFB930D5A7D6D29DC5728F3
:10FEE000BD2460884F4FCD4F376C087F6247CD8E61
:10FEF000E5E195E2E4D6DF5EB6ABF777035E792005
:10FF0000E8D41E14E4F64D5AF5901A41DDA2116EA4
:10FF100024FBDD51258CEFB14D18FFC8F76AFF2196
:10FF20002FC128EA23B4FAF598EB63D5AA5A7DB518
:10FF300073DFCDAD2DBB241C1BD034364CAC39E760
:10FF4000373D5E183444AB1FDFB745185428E76EC1
:10FF50001322A6BF270C7817E6386F5B62D98B5E39
:10FF6000F13C2707212740B6BF2FCFBD31BD696DBA
:10FF700015D4E3554DEDFE4BF6F2054D97E245FFE6
:10FF8000C135B0FEFB5AE52FBDA1F61F3C56ED7FF3
:10FF9000578DBAA9727574656BC382A66573A3FD8C
:10FFA000B7CF105BE3B5A76D70D39B6E56D3A56F2B
:10FFB00054A8431A9D737B6CED7370C3FEF73DD458
:10FFC000F55F7A88FA51ADCF783F882F30EFAE8653
:10FFD00093CAA15785D681DA133E0B4183C0D3F370
:10FFE00004BC372AB66A2E9F284BAFD979AA72442F
:10FFF000F3299B6A55AD2E0AD2FC1AF2B6AD727186
:020000042023B7
:10000000FAE64634BDE25BCD55677C4A1F02BD97D8
:100010008382DFF47ED09F0F0A3E33C709D648EDB6
:10002000E1E57AB9DFAE3B54AB5E8ADFF32296ACF2
:100030007B3C96EDF666ACE73D3B5BED2FDFA3D452
:10004000EC37CBB055B04D06DDE5536A110CEB2211
:10005000661E02FDD6A58989EFDF1E2F2FAAD2D4F6
:10006000AEF1522D7DF2D09AEE39A16BFD35F1B58E
:1000700086489F99CB045B50F7F8D64747DDE89E4A
:1000800033796DC503554FA9A76F79CA27FE923DF5
:10009000A65FF45372F5414FCC7531CBF51BCD986B
:1000A00083A7F5506B427865D24ECCC3E0AA39E9FC
:1000B000AD1737D92B5AB05FF869AA84A6352D90B1
:1000C0008B3785D6B2962B83861C61616E8F7F89B4
:1000D000E5B8F5DA263BE6025BDE99932D4FD9347D
:1000E000AFEC45FFFBF6424E1FAE52D52EBED69367
:1000F000E74EBEF890D67FC99BE28DB1366FF931DD
:100100002F6F639B7CEA218FCDF1B7B3DA80195A48
:10011000BD7CAF231F973BCDC7432DD7583E7451AD
:100120006A2C8597FED9F8D68BEBBF6FFDBDEAFB35
:100130001B7D0C9147587803FB9BCE720B3722A88E
:100140004C7B587EAF6EB237D9664547E89E8D929C
:100150007F6F1142AB781DF2EF2DB6E9B698EBE157
:100160005748CEFE464C69D6C2DD3507A376ACDED5
:10017000F14CEBB35E17D4431245EDB2564177DC38
:10018000B04EBCABF58FF5435AFB6A86F858FA0BB4
:1001900030267C3561B53A89D5ABA8DFC36A2768BC
:1001A0008F4D2FDFBAAB0FCC50B7FA0F3908AF72B3
:1001B0005E7D14B96F1F758DC63FF0A00A3459B526
:1001C0006B1E8CB97E1BA598F97AD6C218B38FAE78
:1001D000A6FB0B7AAD7A63CFA6F6D6DBDF6B077B87
:1001E0009FCD6E76AF7ECFBAFBF773C557FBD7882E
:1001F00072B2FA41BC6F6EA9FE45CF774F38E2DF8D
:100200001163B6198153F846D1B38958F9BA8ABD3A
:1002100016BE64A9FE99A3F1D77DB42BFB4D5EF306
:100220009082FFCF18CC2F9C2FF2D1DA1F85BC8291
:100230001FCD7EAFE0CB8B318F1E5F8812F2B27282
:100240007CAF147ADBE0FD824E1E92D7A4FD490CF0
:10025000B589536B7B2CD5CA4F1EF72DB5A97E856A
:100260006FAF5A757477D0498DA918AE179EECD12F
:100270005BBBBB3C43D8BDF263C16FED9DC0E71FC4
:10028000165A57FFDB1E6D94BDB70CD6C6CB0BA616
:100290000FC69E1AA67A7AF7D244DE4ABE398C8FF0
:1002A0007B2474AD3A5E27F8C14DE172FEFB3A9BA8
:1002B0007E37F48C1B239B2EEA451C213E6BBD60D0
:1002C00045EFB5DEB709B08112F8004DF4D6DDB6C2
:1002D000B6570CF016AAC96B429E4B69B105C128EE
:1002E0002D1DF587179E067C1DDB67A97EF29A9867
:1002F0002BCAAB56310B9726426BABE593073549BA
:10030000F1308E55053BB12785C4D7BC812DCBD3A9
:10031000A83332BECBBA634DEBF94D762725C531F4
:10032000ABDEAF85718B796CCD7ABFFDD5BD5EF14B
:10033000F223552A1F2887F8245F1FE90604838CBF
:10034000412778E5D45A1F1226AF095E6B8DF4D78A
:10035000EC7A1D29852D2891F5DCB1F11FEDC2F451
:100360006AF4D8733BA3D58B9BD5F1368D56AB1D64
:10037000EEAD2B5D5B315C27D886FB4B9744031BAE
:10038000CD8BF7A80FC3E851F710648F1E9ADA9E41
:100390004BBD7CFA850A8F30BCFA72A87569BAF039
:1003A0004C39EC22FF7E27BC94DD4FB8111E71EA58
:1003B0003DA1FE873BE16D7A55BB7C2247E377C7C1
:1003C00073826D6AC4D9C3E2F8DA22A1B667DB3D55
:1003D000F21F1F0BB6509BB6D5E7873FA054CF1F27
:1003E000E8B334714443ED9D3A55ED0F3D556F3EF2
:1003F0005FD5B37665CF7E879EF75FFDB1385EF738
:100400009EF05B73EDA397EED90FEE879E573FB733
:10041000B29FDCAF0748DDFFD92F7845D948BFE947
:100420006B1985AC7DB41FCC19EDD1AF4CF5496E7D
:10043000B7CBB7FD2E8E7BCEA7478F7B753D263F72
:10044000E7DFE77B317A6FFC73F86D2B3A8F71AC85
:10045000A538D6621C8B2316EF55F9401B16F8A45D
:10046000A9554D8F7DA05A9ABC38FDA5F8088FF785
:1004700054AFEE1D1B2FE755A970BCC3583CD4D216
:100480000B5654F7C0FD20D0AFFB1975BAC96BD518
:100490003E55821CABF6F69B5E1B65DA2F67BFDF0D
:1004A000ED260CA86F3949D7C32F7D6D149C0DB86C
:1004B000738F7EC7F288998D82D77AB9A5A5971BCD
:1004C0000DD6EDAAB505A961A4570478A95F7DB63C
:1004D000F5F81B57E47523FD96C3986B794AD5EF61
:1004E000D01AF1291F6D8D26E67AE815E2B7CD6A9C
:1004F000E341D5BB56758E97BA710DA30F401148D5
:1005000042303F6B21CCAA22BCEB0CF347C8AB2F87
:10051000E965D057642F8905444C7F53F089FDDD90
:10052000AE5D76DBDAE0B54A395AD3D417E094DE13
:10053000ADAFB5C38C2CBAF7C741778D8D6F2DA9A0
:100540006AEBCEFA5574BC6907F68F637BD5FBFB6B
:1005500008F5DA4AA1063077C10DAA27EC4D6B6C7D
:1005600042D20A0C137DD7913DB6BC207DED639E2F
:10057000014DE98DF01E34CE23A16BE3D72AF5A2FD
:100580000D688DD3B5DFD859ABD5D99FFC497EDA3C
:100590004B782749B5AA253E89C50E2F928C52F576
:1005A000139FF2CD4589A8476C789D7A0A9C09CCA7
:1005B000AAF4F2B375B73399071B4127815FD1C6FF
:1005C000ABDF03B907BCD6BE78544469BCD8DD386C
:1005D0005EFD1EAE4C9EE2636DF29AF035D1F111D4
:1005E000339789E33595D1A02752FF91E05775D510
:1005F0008EF12F374E5E1BBAB642BFFF299F7E6A2F
:10060000C0651495CBF7E41833D27093F00A1BBF82
:1006100089F189AF2BF356C7FAD9CC68B66AD59160
:10062000F823DBDFD0CBAD364FE8319FB6E8FEBC18
:1006300086DE7811DAE5379B0A5B44BBCC6B05F4A8
:100640009CC9AC76FA42AFB94FAB81F6F081F6B8EF
:10065000B8C9EBE6F6900D4011A0B7E974400DFA69
:10066000F130AD89DA6B7ED3D744957DD19AF3FE14
:100670007557DF8A0110E3412F4DFD91A7A3E0CD0F
:10068000E23B7D746D3D2366BE29745F2FC78DEA02
:10069000295FC779759C68F3EE1EAB4DBE988C3D03
:1006A000BE75CE7BE723AA6645CBB18735D0FA8BE2
:1006B000AACEEBF7622DCC8987DB25AE6069373790
:1006C000BFA4E7398FD08D8A56F28E2941BEDFF75D
:1006D0006A9FBFF758FC7C5663FA66F9C7152AACC7
:1006E0000B9C919FD40CD625ADC0BA7857FBE9720C
:1006F000F5FE0BF62CB02B65F3039973C772C9098D
:10070000DA3EF5E96B6004697B35D6F07C6BCFB8D7
:1007100061DD8923B127603D1FE5BFA451F029EDBC
:10072000D98BCAE7A9EB63F3BE56C34B2DF46A7DA0
:10073000E260557DCDD573E503401E413BA643DF06
:100740004D66BDABCA8B53D7217B92A11C304308A9
:10075000DD54B20C8F05C63BFB16F620EC4930B7D2
:10076000038595731DF4E1FD967E7CF4EB163ADA71
:10077000304ADB0BDB431674B7CA85EFC3ADC1E06B
:10078000EFE1B150E731B94EDDAF5A9027EB20C70A
:100790009C32B0BECE7293D0C4FB3ACFBF4E57B797
:1007A00093F5F357A097DE4E79CAA9ECDB699E96C4
:1007B0007F241CCFF559DB1DFA7153F5B5A8894785
:1007C00065FB815BDFCD959FF0B815E743D0FA6EEE
:1007D0002B3AA1B49A7B7F8336D36BDBCBF638DB25
:1007E000F494A34DB176C13FAE677BFACE8D4BCE6C
:1007F0008835DE5777635F30425FE8F995C21B7535
:10080000ECA35FEF84DEFDBB5BEF06BAA81BA3A4DD
:10081000D8FA80F62CC4DABB4B8A535675E62A1BED
:1008200079264867E5A798CED77BD507FA087E3AA0
:1008300036A260B344BDFF841DC3DCB73262EE193B
:1008400018512CFF3320BDC77BAF04FD9C47A1B6D8
:10085000C728B50D69C5EADA0D7B30C60288B1E854
:10086000C3AE72AE67F3DFD59DE5B95FD822AA0E9D
:100870004435E42E5E713C77E25AF9F74370C29238
:10088000CFC38D6BE4A3BB75B00E3A31D2A3D5E6CE
:10089000F521CEC6D8F3E4B56F08EAF87EC2C625C6
:1008A0000A37B1E399825751AB13EAEA6B4E3F1E08
:1008B000B297532BF1D86DDE3CFEF25CE44D70FD37
:1008C00078A87DE2D1E4AA1B0FB47AEAF6D77B5D63
:1008D000B2FFD68CF12FF7EEAEDBB8A2B15DAD3F23
:1008E00065BF38D67F257E5DB26F04F3153636318D
:1008F00076A8A9575BAFBD6CC755C0A0BBBE590653
:1009000037C57C8D9C2DDC52F295ECA5F9CA66ACFE
:10091000CB61F2E533245FAEAAB559B771DDF38040
:1009200033743FC881800F6E673C07BCB967BDD682
:100930001338683BF2DFEA215EA22DC80FEA29696D
:1009400005F0A0B0FE685D34EA06D4E4E79C538667
:1009500053016D3D1925FC8EF1DFEEF58AADD67A97
:10096000D5766DD05D4788B3DE80F8AFB13AB9A2D5
:1009700070EBF3F72E4D14E35AF6F2B27C7C989BA1
:10098000C3B755E8E10DBD49BEC2208FDDB623E2F5
:10099000EEC75E175E79BE42BFD5BEBBDA57AC4824
:1009A000BE6CDF6DEB2B564C6AB6BFF23CFA55E8D5
:1009B0000F301FEEFAA5C3F547872BB8AC785BC0A4
:1009C000B55A93F680D87AECC8359F2F47093D3C3D
:1009D000C6D57FF3D89B36F9F4115593ED545444A2
:1009E000F32961B16FC1CAA665DF44D97276B71F1A
:1009F000568DABC755E0EECB0730EF2FCCAC8EE871
:100A000021472FDEAB3EEC29D8B436CFDD3DBE67A3
:100A1000EBBF779AE1CC7BA2BCC4632DB4C70B2E8D
:100A2000AF525CA5773056D28DDC6936A32FBC134C
:100A300008EDF02248E70E533B1CE1BE523ABD8759
:100A4000F204D95390DFAE3A0C67C102705776F3C7
:100A5000669AEDAFC09A1B76771AEBF0A542908BA1
:100A6000642B661D9A9BB7C239EE5EBD989BFFE56D
:100A7000069451FAEFDDFA19EA95A20403E5943ED3
:100A80003A498DB132BD220F454F9C855E02BA0FA7
:100A90007C3E3C0F374D07A0564A8016B45EB9B471
:100AA00077F4032749E3E96790DA7119F6E3BC1498
:100AB0002DFFE2B9DE3789EB20B53C4AF65831CE3E
:100AC0003788BD6F22D46A247593C75DFC9D9774E7
:100AD000FEDE0CE80C31BC287DABCFEA761E97ED2C
:100AE00073AAAF38D090C55C795D5EC16468012897
:100AF0004333AE50F6F14863FB7877CA8B5041E13F
:100B0000DFA7F051A40FB580ECE30BF662E9F7C163
:100B10006AC7F7227BFFE241B7D22FF5205DB4CC44
:100B2000E33EB05EAF031C283FDE69C1CB3F54F605
:100B3000831BC5B9C6DB7FFA2A9AC40F533BEEE587
:100B4000A96C18C353DD5C44F608B85BF42A6A5BF1
:100B5000D5CCA8D5082AAC017C595229F992EF5A74
:100B60007D57B7C309578E4D67C6328F38E2B752EB
:100B7000FC6F124638C56F227B88EF25A897F85D79
:100B80006998DF8A968034C27F9DFC879346E1276F
:100B90004A8C4B8A3986B6997210C263B465933D0C
:100BA00090624CA6189309BF89FC83154D4AD776ED
:100BB000883AA4E8562F994BF83B087F28C5FF20B8
:100BC000D9078BFA779A4F4E52276805AF0315F075
:100BD000E2DE93EF0D382EEAFBBEE8E779F90FBCB1
:100BE00027573EE129D657E9547E8FE1CB3C97FF4A
:100BF000904F5C11FC400741FE4027CA53BF12B41E
:100C00005A9B7671BF779A17A7F7FED5EBB0BA4516
:100C10002BF43EC0B51BB5707736EE808ED76E884C
:100C20008277E6E0CDABDA6A78F30AD69E3E33FAF5
:100C300046EDAA6B1E15117175656DD5A888DB97F9
:100C4000D7D6E954BBEA7C6604442D5EB978797046
:100C50005DED8C84A837EB46FBF6EC09B3491BDE4F
:100C6000DF3BAAEE2ABC70EA113311FC3CE02518E8
:100C70009F23D55113D7C0ADFC1E506A5F946A57AD
:100C8000CFC17DB9177EB625343FF6FAAFF45ECEFC
:100C90006CE083C37DDBA1CD7B24DF8D7A028326CC
:100CA000BD59557BC765B5CFBFDB63178F8930FB57
:100CB000887E337CE1FCC9959E1109AD70EAC4B30E
:100CC0007D99EEFC5ADBD075EFE2F9B3AB97971E36
:100CD0000C5D4BF71F8F9561CD8A69E0BBDD5AA093
:100CE0003B2FAD441CAEF5E5976E13EE5E7E95E9A5
:100CF000C2E1CB4115AFBD3F0577B1401AFC479D1E
:100D0000C677139EFAB8EB5F9E795C1B7D5F24BCAF
:100D1000226443BE485E7641083EE199CFDDA322BE
:100D20001A8CC155A2F252F3797E1B75A38DFAD1AC
:100D30003A7CAD889D77BA85FB70F7CD758A7B8547
:100D4000B6FBFCB9C7ABCE369CD972EAD0F1E4F65B
:100D5000D46BD32FCD3CFFE0D9AC3339A7B655AB1C
:100D60004E0C13829797D7C9DDB4C31A72E52A8F48
:100D7000F08A973CE0A4D6E3FBE035B291F0E2F7CD
:100D8000BA9FBA11BDDC42E375028D5781FAD16A70
:100D9000B2ABC97F1CD9DB076743693C3C7B29B7F1
:100DA000040B2F68A2E48AC8EE14DF0B843F9AF08C
:100DB000FF4806C90DD1AB55449F6E10BD8A24FB78
:100DC00015D080E4FDF959EE131041F4F872038553
:100DD000D5AEA3F8AE51FC23C87E716982EA04EB5C
:100DE00003E197E95DA0A3EB28FE508AFF7CC5C80C
:100DF000EE542EDB33341E2ED2F81846F6B6930D81
:100E0000154170C3D0388DAA621CE87CF0FCACA6FA
:100E1000FC04537ECE7EA6E4E7314AFF37CA4F205A
:100E2000D97FC1DAE9D64BD40FF944F515C9E78F5C
:100E3000C81E23D5543F2B093F80F07FA27CD99454
:100E4000F0477612BD7F82631A07739FCC53B5DDDE
:100E5000341EA32FF5D404EB4E512E365712BD3954
:100E60004DF4E94EB2B7622E96EA3DBDCA7F2AFF25
:100E7000B5FC379A5F9EF0BBC55BB831A3CC12912D
:100E80003B4B04DD028D6665EB891F4F1FCE3D3B5A
:100E9000AFC722D48EB4E30EF3CB78EF4BDD7FE007
:100EA000FBF1FFFA6708CA9F5EB5E9B36CE5758D83
:100EB00095F3A7B576D39E78C5842FDE353EAD4D2C
:100EC000589EEBBFE5A7ED8D752A5FD01FDA7E77C0
:100ED00002BC10B47DF465C8A187EAB6F2DBFCDF82
:100EE000F2D8066F80A86ABFF1568D9C34C1F3CD4D
:100EF000AA5E9EA76CF046C22F44F12BFDB7BCB48E
:100F00003D662EBC8713AF5569DFB931C37FCBD5A2
:100F1000ED05D3B6D820B5FA5F67C87D2F0862709B
:100F2000ABCFBD3F58A7B53471D763BBE1BB993494
:100F3000001E729C2CB98DCECFD1ACB3E14BAA8FE1
:100F40001E64FF0CDE93C33EB2DDC3FB52E6F4EC3D
:100F50005DD9E7CB521FDAF1D0AD0F9F9F979ABFB3
:100F600023FFD682C9B67EA6910E3DF47D16256676
:100F7000A12F8F596B9DD3CC75E9498FB584FA8F1A
:100F800027F59F0FE93C6029D93F267F1DD90FC166
:100F90000E653AD3972BC51D4ADF3E48273679D2D6
:100FA0007CEA373073F339D2812FE0214FAA78C819
:100FB000A3FBF95990EC87402F8EA5A137D3FC7D78
:100FC0009063C2AB31DCFEFEC0BCA5E7E0BC17EF0E
:100FD000370B88B6EC09AE1CB4A1BCCE78518C831B
:100FE000FD317EB27728D7CEC19964FDBCA53F7A8A
:100FF0006676331EDC0B38377E83B7A9F03434D5E0
:10100000DF59075F350834E1786F6E1BD0C2F66593
:1010100036323AB49B7338A8F1165C39FA22B4BD63
:1010200016C26C673AADC9F8FE30E8DBC6743FB64D
:101030007E016A723FF93349287F863D3C3E6F3519
:10104000E37B26411BD6CD437F935DD141EB642FDB
:10105000693AD35FC8F1AD62F2B91FE1C5382D9D81
:1010600073CCA1D17A2BED2531CC53B91C33E704D5
:10107000EC3AE9682FA995BDD096EEAAB98E6F76A5
:10108000CC3C5A7BF9226A19B090F194463C84EC2E
:10109000A59CF3EC4BE73FBAD52E182934D62CFD8E
:1010A00098F243A9541D831DABDE9FEEDDBCD4A78F
:1010B0004C7774C7B2FA4AB88F210876CAF9EE7E27
:1010C000346A1D4C86B736E0D62EDE63BF0EAEEC1A
:1010D0003E59EE16A75E83AFD9E97C6EF352E15814
:1010E00089787C72B45C3DD903EEFDB853BE90ABF9
:1010F000E6A96C91792A43FE032F74DF0A6F8D7184
:10110000DE68829F462B58F7FAA53F2D043C0B233F
:101110005EE2DC93BE3B4F23F3DF8D95DD13E515D7
:1011200077611A4F5DD0CCAC22FF5B226C709F07B9
:10113000EF1D3F1D2FF6D1BE6677D51357CDC3796E
:101140009D6968AEE26725EB211D3811CDFB67ACC8
:101150003236A25A81B2F371378BE8E306A2975F69
:1011600092BD7E08C8267C44B1DE3FB277B67FD8F8
:10117000D26CFF094F66F98F19243F7B8C97AC6ABC
:1011800096EF5AD69EBF81EE551FEADFB3A83D2FDA
:1011900006576EABA4F1369EC6D3A7349ED6D0B800
:1011A0009C4976A2F9B68FC95E2BFEC25300FD4E54
:1011B00096C229D0B6DADEA76CEF404B9E90220C87
:1011C00013CAEB2A72DF11023DFD278899FE61BF29
:1011D000650DCC67B3C8E8CBFB2B1296661DABF749
:1011E000D7FC96C5FB71D4F1A0839CF3D8DAAA3A58
:1011F000BDE79C18DFCD33D093FBEDBB2CDF01BAEC
:101200004D9C1E8D70D0A34FE16105AC87B3447F28
:1012100056D0786A217B0D9D9F0B759E84C3FB275A
:10122000D8B84F257AFF388DE377C95E2526BEB240
:1012300001E9863A72D337143ED811FE10F5D3294E
:1012400054FE6AAA8FB7C95E0EA5D5A9478B59551A
:10125000D6A6EA6A5877067AE2F9F1B7D75039BECE
:10126000BDFB4845EE525DABE5C225F558AD8AE2BF
:10127000BF8BDAF34D7E064F7A04C6520E4FC94833
:10128000291D5D42F4AA994E653F5C617C07F59883
:10129000727CFBB2FB343E6BB205A8A9B77D30F27D
:1012A000576ACF3B94BA3AFA36957BB2129EE2DB8C
:1012B00041F65231AE027ACE609B3A52CCAE885C97
:1012C0002AABC7C2111A51342AD4FAE8009AEFFFA8
:1012D000C943EC33E3DE3FABEF7F2397C26851692C
:1012E000CB9E3A5F769FC8C1D1FB3DB6437FE8EE07
:1012F000DB478574F503F9F103BAE6AAC7F7D556BB
:101300004D1F29DBBED49146481FA56EF7BD560779
:1013100025A9D8DCD28258181A31590CE9741E93C9
:10132000A511554CF4782BD9E751FE7A2A6595B66C
:10133000D37849E8BD17F412678FD6492071BDD420
:101340008DCF0C2DF7DC9811E83991EE065CF22672
:10135000F6CF889AA16ACACF2DD41F5EE0B167E2AA
:1013600009DDD99C1FA07CDC4DE5CFA5FA788EEC79
:1013700059EA518009B4F9902D584B7A0ADB832B36
:101380009B61A6CED2377AAC27DDBACCFDAD033552
:10139000CAFCA671B4CF266AEF89D41E066A9F756F
:1013A000649FBD7C27F57FD1D1FF5F607983D251E7
:1013B000794752FF79F0EA1E7C2B08EE4CD0456845
:1013C0007646A11EB2F2AA67C4B44D2AF12EB9D74F
:1013D0000595CBCB2C9CBE8F01AEF7F7767C8D6A42
:1013E0007ADD5601EF1F582FAFACD63410F5D18FF0
:1013F000AF7FA08F40A744EF0739644F5CF5D278E8
:1014000018B7BB3252699F547C1F564C94FB8F55C2
:10141000C3DFDE4F6B28FEB1E49F82B1C39D756BC5
:101420009D5A71ECCD1F5EFE51DA20AACF247C5765
:10143000AC00DEB639AA52DC32AFA09B95F108FEB3
:101440009A57858D1A51204E5FEA63E8EC05C26118
:1014500002D78FCB0C73BE2788F723E00B82AEA791
:101460006FAB7E49BE5EF106DC9990D853087E02D0
:101470004EFBDD25EA236A02D4A1CB763CD13CB9F0
:1014800027A57274C0B13EC195C98FD72EBBE65F48
:101490007BCB5155FFCC8A84CFE115BF04F108A462
:1014A00009A71996BD72085E2B87156682F8297305
:1014B000019D3771A30EEF358577EABD96B7FA0B1C
:1014C000DF8276B1F3C4307F53F0F8BC98FC86FC21
:1014D00000076724B52A6D0CE78378BD0CA11A8834
:1014E000E27A0EC07770FB78B9AA9B6A7D66537565
:1014F0006EB4FCDB35559F4C35E6086A026BE1049F
:10150000D682EAE297FE4B4A45F56E380FEDE12DA3
:1015100020EEE8E8D6D6A11745FDE6BDF812B418CE
:101520001F5CB9541FE8892F42FB7713E905C47D7E
:10153000BFC24BB9B7728AEC5153A15F2A2EFF711B
:1015400067827CBC59B7A7A5BEFAA21DD76A231231
:1015500064C3659DEF02765E6786F34514B84F4419
:1015600023AFBCD8433ED70C37FAF4D2C04BCF7070
:10157000EF89A4919FB8D88D71882B3DCAD3F742CB
:10158000FFD4C8B68BB7C21D195AB9827CCA3DCAEE
:101590007FC597A103616EF68038FA735A9CBD141B
:1015A0006ED8D2C847ABBD45BD72838170B4C158F7
:1015B000578767983CAE36D46935FE4B802BF18057
:1015C000385EAB7EE4D9177DD730BA78B92E8AB5AC
:1015D0005C3DF369DEBA28F8C44EBD6345F81FAE22
:1015E0000B67DB4F1CC4678373FAEEAF5B83D2A13A
:1015F00096B33C06FDEFA4CFF501D9CF93E6E5C73E
:10160000411B3075FF1A8F3616B7CDA3D4F94A0D9A
:101610007379C2C3822668C55AE136144DABE172B4
:10162000BBCDC3177D222E5B7CEBD87BA9BFB273E9
:101630008C82D78FF842B8FF921F692C1B3DF93975
:101640001838FB52CB34733EE031FD58FCE97FE0A3
:101650005E328C63C4E562D2A7851B5C9412ED3BBD
:10166000ECABC3176B730A597D9D3FA0D2EAA83C2F
:10167000A728FFC7A83CBB9F049EF08DE6BAD5E023
:101680005B79E24453F5FB2825130CD7385ECBF782
:10169000BCE6A21E636579736B9E8FAEAFC0E3D2CA
:1016A0007E37C456B0D757832DF37EAED7E7A05F01
:1016B0008938AF57D3AC05FA7DBC3EF750FBFCD060
:1016C000508771B7ECE4612AB35B6FD1FC42A1F69D
:1016D000546711FDBAFA139463A79EB9EEF0C822BD
:1016E0001D8477784DF0963AF95F83884ABD770B71
:1016F00095E76B3A3FBA9885DBB5F54197F6DD4340
:10170000EDFB22E5E7351E46FB45D24EAACF5970C8
:10171000D3E0891B33588D8EB93C93B5E8128FCF37
:10172000B16E90AFF67FD363054A186FDF892FFA49
:101730003119C8FD417B7CB7E299ADA19FF0B3B6EA
:10174000367C45FDF6CB709609DDE1FEBAC3351057
:101750005A39738B3750052AAF8ABE5E7004F81E63
:10176000C1A77A46BBE93F177D7F0389384A3842D3
:101770004FECA844E906D1EFF60623C4358AF153AD
:101780004DF0FEBBE01BCFF8D245D4DEA7F1340408
:101790009B6FED481DF9F7862D0D466DFC10D2D3D9
:1017A0003FFA2AAC475A88BF788ED38C80488AFF8C
:1017B0000ACAA8891FA0988E5E23FDA91164BFA83C
:1017C0007E5F23F4ED1311B984305B1E23FA7DA1F3
:1017D000A178B00D29377BD1AD37BDA3BA48F70B3F
:1017E000AE2DDEF8D947F79B60232ECB46EFB84BE2
:1017F000E76F278E04384A4EBFFE41F4EB1CE5E349
:1018000028D9CFC22D2A0C431FA455E6230ABBEFCB
:1018100049EEB3792895F867AA8F1FC87E86FC0326
:10182000C8FE13F1836FD5AD62E5DE0671737EED00
:101830003588BB16E36E7D19674A3C6F89AFCBC212
:10184000FBD485EB8B832B5949DEC33513D1E3657C
:10185000F4EEB644F3DF092ADF97646F25F9114FE0
:10186000FF766526AD38E65A1B019F1057706C7DD8
:1018700031A6D0F23BA6F0C00DE25F2A78E89601CF
:1018800034FF7D47F3EEC764FF96FC7DC9FE1FEC75
:10189000657C0EC59650CAE1BB9A9D4FFCA86E357B
:1018A0009E21C9FE6260F6B3AD9C471FF231E7D1BD
:1018B000B71C8233583D7DFBB27AFF83528F845729
:1018C0008A4F726973D4C3DD492EBCC4AF5BA618BE
:1018D0000F0F9161BA3ED4FE5F51FBF424FBBF2B86
:1018E00012E0EEE8CBBE42EFF7C40D358F2F7F0F2D
:1018F000CBBC46CF439DEC4DB4FAB3DE1F51E9BFDC
:1019000033685AFBADBEC4734EDAF029AC7D467E17
:1019100007333BBB5F4FEB7C2538CA36E0209C2E5B
:101920008417A167B45FF4C53513DE1D3A67399F8C
:10193000CFE7CC1F72BDF6F39142C3D1D4367CD52C
:101940001E6F15C0F7DCB38E363E7EA38F36CEF702
:1019500019C885F73238F9BF5AF8FAC73AB0D52E08
:101960006BBC51D1EC2D68E3FCB7FF212872549F6A
:10197000A7E1D2DCA77D12AFDA11F3E039BCDF4179
:10198000BC579BE88A530B386F3F5D7B10719E16E6
:101990005EF81863F11938567870BD7FD875180352
:1019A000B708B26DF42DB57D231D21BE5F83F2D93A
:1019B0005586B7D7A29E9E9772A6A247D6E3412F1F
:1019C000AA21855ADF48E1FBBA75AD44E9DA067C05
:1019D00024DEEB7E46A9619E2A7FA62D86BD3AAF06
:1019E000D384ECF5F18B141EACAF180D693D365461
:1019F000ED2A05568FBA45E0E97C63D32A67A43CFB
:101A0000B01C58868266D2673AF3C00D9D66C45EEC
:101A1000B9FF2D9AD1101A2495E978AAF6CD3A6D1E
:101A20005CED81CBF61736F8409E9A6C3F0BEB0CC1
:101A3000F03EA34ABEE52EB75494B228A7B036882C
:101A4000598F8BB0D345F4ED44D06F3AAF8F76EA1F
:101A50003411508B73FE60A943DD7CD48CB20094AA
:101A600004605B05D70CBE821201D2199F46FDE9C6
:101A70000CF5A76DD4EFB790FD55F23F4DF69741A9
:101A8000F3E19935B0D3318464A31BEEA31D9BA968
:101A900034FE4ED2F87F89C6DD26B2BF4CFEAD645F
:101AA000DFBA545F36535EB706EE5A7869436DDD90
:101AB00048C1A7B2AF70A86E496B93EDB52825F663
:101AC0007DF7D2CCFA85F1A706DB03CD3EAB470A02
:101AD0009357578C058DEA2A78C178C9D7DEBD3275
:101AE0001B6CBD95FA6873E64B9A44E3299EE8EFB8
:101AF000B7447F3750BE9E25FB46F2FF86ECCFF5FC
:101B00003DB1547FF50179C91A4F9E5A7FE0D9DE65
:101B10008862E9795DD6607A8A6EF9869F86D89662
:101B2000D2C95029FA385066A78C01F990268F3710
:101B3000E17CB75B792652790E6A8F1DB6793573D1
:101B40003FE5E4E9D109347F1C18F08E1897DEDCFC
:101B5000607C65AFE3760BDE5E63A93D882EC155E0
:101B60001BD3DAEDEAC8B87F50BB3D559B1E272E2C
:101B7000251A9CA9D0FB0FC9BE8AAFC24E2AB4FC5D
:101B800008C93B8E03FFA3B1C12D70ED56FFD72EC0
:101B90005D40B36297EE82FCE425D5E2D1551E4646
:101BA0009451A7B75B810E9DA7FCEFF389EC2BF452
:101BB0008673FD18933A40FB29ED2FB5D10BA5A1F3
:101BC000442FDF277AF9581DE413F61106D17CB6AD
:101BD000ACF688339F4789C29F7C87EC3692232AD4
:101BE000EE8768FEFA127261578F3C3990E777E012
:101BF000B13E06F9B92F05CCA3F58F2D34FB0ACDE4
:101C000048A74C4F38737772BF72030471226795EF
:101C1000937B48C50421B86257B936D67F439620D6
:101C2000C6FA376409E115FEAF6581ABFFEB594297
:101C30006885FF5B59829FBAAD67961AFDBA33BCBF
:101C40009E425BCFF2258DE5EA8DC0D198FD414FD4
:101C500057DDEEBF41053B45C115DB2A7AEFF7178B
:101C6000CCC2E27E5AB5B11D5DBC0E55546805C5A7
:101C7000CDA62DB846AE206AF0EF6516CAFA79A94E
:101C80006B9CAE1BC155320BF3FBF5563FE9746DEF
:101C900002D730B360E83748FD02B96EAB085EE1A9
:101CA0001FA6162A26AA41D350AD699D6C6E1FADA2
:101CB0001655FE61EF0D02ED354DEB944758FABF16
:101CC000FB47FD664B6E7AEE11A1A9BD5090AB7B30
:101CD0000857B3CC1B546172B91A720CDFDB556123
:101CE000709385A0FCCC437B45AE3B6E1E2A45AE6F
:101CF0003B651E1A16B9EE8CFF5BA099B05DA7F28A
:101D00007F4DA742DFDE1EE65EBE9166410AF3E923
:101D100014DF3C747BE4BAB3E6A11B22D79D37C322
:101D20006D47036AB58FAFBBE41E5284FAD899059C
:101D30005C0C981BC8D4922990B97330F993A925EB
:101D400053188CEDA6FC3E99D36E6FC868B77FFF21
:101D500060BBFDCD07B9797C76BBFDDD99EDF6C89A
:101D600059EDF6F5E01F0AB030B3DD9E03F02DB853
:101D70005F03F72D00DB1EE4F0367CDF06613ECF0B
:101D800069B7FF02E099CBCDB73A00BA15C7141571
:101D900059120B0CB94669D0DD5272FA9429546F6E
:101DA000C69252936C340FCF02FFE1796673067EC0
:101DB000649073A8ACE437CF506231654B13A4A490
:101DC000E8FB3392D393322645A74E4B73095F54F9
:101DD0006C2C34679914B3630C5280393048920DDF
:101DE000F9F9C66C29244432E5161695980A73BD94
:101DF0000587FFB8712925451095199C25CC856468
:101E0000C2FC8E9306079807BBE17907FFF77FDED8
:101E1000C1D28CE8D4E4C4E4847112D68DA42F29F5
:101E2000292A9142244B89A1D06CB2988A0A311F89
:101E3000962229316E8A5EEAEC17FC7F493EA85C47
:101E4000A6C252433ED43056B464B6182C4629205C
:101E50005BCA812C59474666045815BCC442C81B4E
:101E6000603E84B94B494A31730F4442D33892F0F3
:101E7000D20BE5A29212A36C3164E51B252316CE8A
:101E80003C0E6A2F207B1CB74901F9F956C96091B5
:101E9000028ABD59BDA24F8C3E5D32961A0B2D8031
:101EA0001A3912E266F53DCD54602CB25A24438EA5
:101EB000C588E1AC92093E0C5847666F97769162EF
:101EC000A64E9D96113F253A2123EDDEC4948CA9A0
:101ED00029FAE4B498442885B530DBDB89E7955CC2
:101EE000C4EB9C77C81263AEC90C111A0127903A53
:101EF000DA44292C481A32440A7474BCE8D4D4E871
:101F00000732D21267EA030B8A73CC19E891612A6F
:101F1000CC362E0C37650705091DFAB3D21F8BF39B
:101F20000D16A8C502EA882CFD544A10AB30BBA898
:101F3000C0602A647D8C27261518CCF3A4B08501D7
:101F40000B83BC093F9D7749AB29DF1202B871D3DF
:101F500062B0DE00A5D8DB757C6440DFCE3596CC60
:101F6000622388E77B4E68D182426309D9A4BBEF24
:101F7000965C3C319CC550926BB4E0989C9496C69C
:101F8000065546348ECD12A3D99A6F81F479EB8F22
:101F900093720C261C3AD01FCDC6C26CA900C6098C
:101FA000D4DD30C95C24E594188DCA5062F9A5309F
:101FB000380C4DD05D28ACD39F123599A500EB307D
:101FC000C98534A04B31C439CF545C8C45CE2DB279
:101FD000140D774483C565E1135312A5E8D87BA59A
:101FE000BFD12FF4F189520A944AA9272921659A71
:101FF0009467346443801263A9C90CB82CD9B031FA
:102000000BA552B3645C580C7D160A8A0EDEEEF8FE
:1020100066D343462930C01A2461A245395097D06F
:10202000AF784AAE78B1A9B111E17F16A9822F5BD2
:102030006184145AA42931D10C1D0AE0860D838EC7
:10204000E1C17084F682FA404448D750526228C3F6
:102050008F6274C7E24A104D89C968EE2A1A1E4F72
:10206000A1B520450981750F38B2D1986D862EB77C
:10207000D054602D901CC35C90A623353060780C42
:102080003989972C3434D4DBA51EB142A6E638A298
:10209000D4431ECAFE3C5A255C6EA1C1622D314A52
:1020A0008530080DCEBC7A0B7EB3C227FBCD9AE4F7
:1020B000372BAC80E1079879B8B8B854467A947851
:1020C000FC66450798A57847C7E2F61483D96C6487
:1020D000FD9A0D4CF7515B6C2CC989B59498D95079
:1020E0002D28CAB6E6C330CD36665973D9BC83DE17
:1020F000B2A54419A781AC1E0BCC41CEF481329B12
:102100001851866A7094C76C84563459CAA4E2A2E6
:102110007C930C4609A35F586F53A74D853E36DF6D
:102120006A34C31028292AE06389C601FF1EE740EC
:10213000282E29CA336599306096121960166718DF
:10214000175A60C019B333B2AC3939D0066ED3A771
:1021500093DEB0A1827FDC673E293A3B1BC6B219F1
:1021600007AE7121E4D542A3CCDB41A7E715028D70
:10217000E0743F314E69AB30A415239CF5546032B6
:10218000CBC365335012633ED49463629EC06879BA
:1021900088B5B0D05060CC9E2814C7F23E9D6490A4
:1021A000F34C85CEC9DE505C0C256243733826158E
:1021B000C6EA9CCD3319051C97C589E3DB31173975
:1021C000A6A110C85EBEC565BA76A49386287146DE
:1021D000B3DCA15E6EF20F99C8638362C92E5E8E76
:1021E000F8A618CC9D22637BBA6042FE24986866EC
:1021F0000598E74821139949744D82F96A9C84BD7A
:10220000C65BA173D0BE8642D9949F6F32C0C08096
:10221000D164E0531151EF850A7D4F53E89D9C67CF
:102220002D9C078D23655B8DD8624A45408D430305
:10223000983BCE775D866344DF9C672A96A8BB01F6
:102240003D3764C7E417C9F3E20B532C2E9DC89D9C
:10225000FFCA2DB628FD3FBD904DDC10190695B282
:10226000302C630790068D708EE73FC5C32114E8BC
:102270004EA4CAD031C8199E13CB2E691910CC6157
:102280009DD26577FAE4A041929E0213A942DF0C29
:1022900005D78D5201127084CAD4E4528E1CA01D41
:1022A0002EB9C1B224A4E3C880944302C2221D7F88
:1022B000468CCA5FA81464382461301BCD4AB9E447
:1022C000A28262E8ED1025B7FB1BF8380C918DF95E
:1022D000F980E58FB453B1B0F6C9E5A6A130176314
:1022E000515ADEA00C5FE40AF3D9F86149669BCC31
:1022F00098DF6CC7FA03BAA8D58CF4729C6348C700
:10230000A6A54A01FE0B793DBBF03BF0C7242B7D0F
:102310006B983B2BCCF118E30BA4CD22E1B076E512
:1023200080A5D83CA33C0F6A1DD905E7C4ED9CF9F4
:1023300060822C0E9918501C340EB96DD99A6F50CA
:102340005AADD399D0353D62312012680F77AE0077
:102350003B2BCF5F296F4BD6321C1F1B6812522FAD
:10236000A09E8C77C281E5C85F06300B930C85D99F
:10237000F9C61220B6406565890829CE3DC84DC50D
:10238000A5627FFA137C62571885046244933F6B01
:1023900029273D726497FA75E7F974F0D2D4464262
:1023A000484808E79FC97ED3BCC0260E7391B54448
:1023B0006694B08B69C2C9B7DEFD678CAB0B9748DA
:1023C0001CABF754E05391472E0DC80E558805E617
:1023D0005F9232E0D7D9B223837938FE64784BD24A
:1023E00070F89266DF8C3A9C612C8230D26C8C2B18
:1023F0006391B7B408FEE11F0CCD6393D8E722299F
:102400003083198B3282A445603851A5A118FB7026
:102410008C857FCE46CCD92CDE0992828A09516800
:102420008C76B8C4ADF00B728915B38BC133862F8F
:102430009242110B2D8B306806C30577F6977D43CA
:10244000C4F4638928DFE0AE54149BAE4AE6CB485F
:102450006B5D785D2990D638D944EA185EB1A94BF6
:102460001CF4B7E467FDB93FB0BB257F9A0A4F471C
:102470005972D0DAC2CCB86707AD730F84F82EACAE
:10248000BD858D231C92B81450568030E775561EBA
:102490005ABA00BDC4F5A0B1CBF81DF961987F5EB2
:1024A0008014053719088F5B5FC2C5A3B7004C863F
:1024B000311F6865807918C32F2C2A34BA858B3771
:1024C00032CED2DC219CC39F952B1666618BD3DF65
:1024D000EAE28F6B8B3823CE899D879FC61AC10590
:1024E00003FDA5289CD5263DE482170B7375114C7E
:1024F000280ECC8EF9484BFAD3745292D2FFD43FB7
:10250000D5C89AC989D2C13F2DCF6AC9C65940C121
:10251000E0FEF1A692820506E0BC6360B6EA50BF19
:10252000C092382634075E1AB66C8776C896EE8D50
:1025300021BC54A848A8110949C874E03990DE3973
:10254000F19C14454FED2C0125654B99A4C4B4684A
:10255000E9FE29FA648E10E3E87330D3764C0FDA83
:10256000C7E91FC77B5D87F675FAA794984A5DB3E4
:10257000C2FD5DE74560A50CA149F74F0146432E1A
:10258000CAC6CC0438E651673CAC8230935DA48364
:102590005E7AE4CD195BD6493E92523AF6B3EC8EA0
:1025A000FE093089C00CC9D60FE314D6B1433E10E2
:1025B0004F61E2634C1673C7789226A524B926C4EE
:1025C000FD1DD573537C0A9D484A8CD34FD127609B
:1025D000C540C32BCC0CB8EB3B73C74538CE1E3877
:1025E000C16658606262369A648621290899585CEF
:1025F000042C2A3025CC8B164E963C534936325348
:10260000650E8948BE290BD7F48E753DE338FF224D
:10261000FE212C0158DD01B3024B216702984D7D4C
:102620006AEA38695A9E91CFD0C02D40F7705F4258
:10263000CC0AB0CE71D22D238A01FF828E9A8C05EE
:10264000869CECF9727ED65C4B716961DEBCA2920D
:10265000050BCB1ECA55DA27CD68B11643D374B427
:10266000C702DF976F74AE2B661A4B8A5CD7AD71C9
:10267000D001F38B0C8EFE46D3AF036586817F2499
:102680006673CE918D1B305DA5A281C82344F2FAFA
:10269000BDC93DA20BF7F02EDC4770F7D211A12384
:1026A000C2C81C416638B68B592ECA292EC851F2B1
:1026B0008B839DF19B30080DCC64356C2C54F85005
:1026C000B3852D200C5945A5C04DE741B7CD2BCA88
:1026D000CF16B28CF9450B5CEC85C30D0C1FB81CF2
:1026E00098122C454AFCC894B9BAC979C866413BCE
:1026F0009A0A8188E5C3228DAD3384C442B3A5C450
:102700002A33FE4A86F5A35182F64B9C9624DD249B
:1027100075E4F1264E4B4C92AC6E32497D6CAC1395
:10272000630AB4094661B61401D19B06BD628A09E9
:1027300096545956B36B2CD07EB888E30976195756
:1027400007BC3F4915F9465C30DDBC8075ACCBCC8D
:10275000B9D90506FED775651F0874233F88F7E7CA
:1027600078C7FC6D90517EAD30FE9C774C0A813568
:10277000BCA33F223E1F54C8642AA30417F6201CA2
:10278000BA9B16A54EF9045476715109729B690FD4
:10279000A44DD32749F1D18953D253F54E3E9144EC
:1027A000EA81EE39E4C38E09F8F890BA498E014304
:1027B0003F03A85A8765BBD05934B00A4F4B884BAA
:1027C0008ACE4049B8922E73011E046AAEC4546C7E
:1027D000C1D1FB90D585A727612A0C69901E94185A
:1027E000E742FDBBCA0F94F0D0BF005F115881ECE7
:1027F000CA25C27C53019088BF174F877C984B64D1
:10280000102D4167FDBB19EA221EA44F663605C88C
:10281000B8EEEA3A8EDCFCA22C433E929178E86F47
:102820004CC037CB3427348FAF645CFB13B278D6FF
:1028300062C5EC7C9FA404A85949212ED394F93B8E
:10284000D1492D87A14C047A99419A672CC35E47E0
:10285000222F08C52265218629FD0D240020DA8754
:102860007F12C90B8A19BF60227BB6A18CCBAF61E6
:1028700085C3E472A6422B524F10AB1515029594F6
:10288000A6844BB16C18CD00916712CC0EE67198FE
:10289000C00243195AA6E198C282E23A95CBFD4C98
:1028A0007C1B09FA967376B919BF780677708C0B82
:1028B00069C4683EE32D54E4396398FC0FD6B3EC49
:1028C000CB6292E799B1DA03980846929850485241
:1028D000E45CC96C9D9C6458083C8151665C222C68
:1028E0005838CE3809854BC088E5034D201F124F5C
:1028F000710C26071A3116A77669440424361C6722
:10290000EE00291C3E99DB4837374CDF6CCDE2F3F3
:102910008EB59806680050EA8202686F5641124CE4
:102920004894299661698AB130D792374E62122A4B
:10293000583BC21CEBED90F3BA6C77B11EEBBA2397
:1029400022B8C80F525CA42224C7E2825607EBC209
:10295000E42DF1E088F869D03F8B4A1211C345D4C9
:10296000C27EC1146F20C957CB48745258E4587FB7
:1029700032E685737B40885CD70301662A958BBF5E
:1029800093C121FF6C777FF432BB8477D0C3806C16
:1029900094313BF0706FA6A830202C3C5BC154B83A
:1029A000A010E503C306C8493CBC9C48662A99337D
:1029B000C8BC5F704B3F19E89FC2C775E0AD3AC114
:1029C0002BC91DD121F54EF19280B2BB9787537B65
:1029D0006F218DCC74C5E4BCAFB7930FA178D2CA78
:1029E000CCA94694F4B8D7AB42FF49D6E908C7B69C
:1029F000560B8B415E64C95168FF0293258F11719C
:102A0000148D145B71FB906D6D415F74B8E02A0208
:102A1000C63C76AE87802572D2CF02D8E7844E625C
:102A2000CE609B1A198838CE497604DC79C887E8CD
:102A300093381A46CB785D33CA44412A66CA055991
:102A4000C638BE2F0402ABFC9C8C12630E321930C8
:102A5000175A4CA50E018D5394C1BF50E820491957
:102A60009D0837BC672B928CE1D270400B44C101AA
:102A7000FE75082C783010472C62D20B26BEF0462B
:102A8000A984341CA514E091C9640F5C20A1C82E50
:102A9000321D720F26C8400F265F982D4D97E0FF1C
:102AA00070107F2C229105994C244232104C2C90AE
:102AB0000B32500E313B63F86C2EBB1886C28BD99B
:102AC0004C84C18518E8C6C2A0DC65361768386535
:102AD000179DFF50E431FC2F70DCABA933376F2E0C
:102AE000C8E17592A1D4B0D38DFEA28145E1821FC9
:102AF00067A562D158ADB0FA194ED5475598293916
:102B0000454012F951A5BA5630C6B088E43FB39992
:102B10004CCAB536151F562FE8E7AC73E7B7B7A315
:102B2000E216B16A51EA5872D66FC622AA32A5B629
:102B30009D359FF1D795DD59D53BC7C34DFD186431
:102B4000262E3D99AD7588E1035EB598AF79DCD747
:102B50003730D72A4B314E119954D4558AFA6778B9
:102B60007906B3BB32001B8C845FC2A8A3D91919A4
:102B7000B9BB06E2385216AC9FEF662205E0AB41C6
:102B8000387C37CE3B39F9865CF3DD2E82060A9F0E
:102B90005D64E4C421CF00CB861C45F8C0A3F27667
:102BA000E201539003224F9051192D0B60D5E1C8DB
:102BB00050E05F2517C4C8D15FA3B9D74F21525940
:102BC0009C1C91F0007703F3A32291E791C886C281
:102BD000A11665678DEA09B40B4A8A80F3E6A23331
:102BE0006739CD86425CE8334ECEEC2A15EE44BE02
:102BF00076F3BC067211C09539A3EF20904CAE68F5
:102C0000CEE0D590E1A81ECE2D52129453F243216E
:102C10003C4CEE58209776C096C61501379928325D
:102C2000C794039B21B0CCE0F51F08127DA4FE5C85
:102C3000EA97A1B0084EB9A26B7105D8F432E6321A
:102C4000619F739D46CC28E1733C94C5E4B345BDB8
:102C500084CBE29B705CFCF9D2AC0302EC8B147762
:102C600016B1B5903B62B432CB07E4B5C45A6C716F
:102C7000590725528755AA9E95001A9CFA470E308F
:102C8000D28EAEAAAC9BB08E3A692E37FF02D960C5
:102C9000E5BD8CB30B051648E76EF789DC0D1FFD0B
:102CA000C35DF1B1D6DC03B8E11B8B65176CBEF5D3
:102CB000D3217E73B140FB4937E72FC089ECFACDB1
:102CC000025A285C2E99E611648671D3407683629D
:102CD0008F20339C4CD2FF314492399ACC51140F3F
:102CE000E19B09DF4CF866C23713BE59C11F4BE6A2
:102CF00018253F23C8E419B0507E2C941F0BC56FD4
:102D0000A1F82D14BF85E2B78CFAD3FA70EEE74C28
:102D10002B9A87420DC7BA09DAA44CCE37296686AA
:102D2000A1D8844B0B579E89D16F4E9B0739F8175A
:102D3000AE92E0B00F978B719B4EC86652D90C4B88
:102D400059315F9A8333338BE6F1055111AD4C0A4B
:102D50000AAC210E246C4FD8872F1D66C0CD741786
:102D6000BBA9C06C9219036D36E5C05C310CFD4304
:102D70004684868586B9854367EEE2180FE61065BE
:102D800061CEF307B40D8A6CCC0E293016149594DD
:102D900039D2EDE05C806C25100133EC1B45052C2D
:102DA0001C16B050C9AF9B3BF0F321058662BE2EC6
:102DB00053E44F2C7D926F1538F83AC121FF8A2FCA
:102DC0002A494F8B99546406CC6836F7417B94307E
:102DD00079B7905DC463402150BEA9D0B97F6F28F8
:102DE0008159D3E960356765179865C18A3B5E668E
:102DF000B6D8CAC675F034D4E140B9B59169730844
:102E0000491DD2EFB02C16F218FB09B974B8F05F67
:102E100096D1EAE642E939DC946EA2D83BA8250AAD
:102E2000B83C750DBF20BB28D7D501F68A32607734
:102E30002FBF43B202DB0706F18992635098E3EBA0
:102E400068D4639162405CC525EDE9B85EA7CA45C8
:102E5000FF49FAE829D326254D4DA678383E2F9D07
:102E60002B5E5A92AB3F97BF907E06EB5FB03DE280
:102E7000E20F9BA66CC3E43EABD1CAFDD9763EF609
:102E80006765EF57D9E02F05FACCFB0ECDD93C9DF5
:102E900049FAFBE3D2418C0AFBD9B04D54A6A000FD
:102EA0003B9107CBCA6C6B01D12152E5A374954DC0
:102EB0004BB34331234D9F20D0BE388BC76CCC75AC
:102EC000AC62316353C263A36327E91DFEF9E15C81
:102ED0003867E6DB118E7DFB147D6A7CECB4540709
:102EE0001E6A05C1D4692DA47866C44D4D704D6726
:102EF00081C122E741DBB1ACE0B4CA87A100C21CAA
:102F00006646DF9F18999136257ABA3E23652A28AE
:102F1000D729E3B1A3FB882EDCC3BB70273227E897
:102F2000478EC848E44563BF7414E966C4395CB889
:102F30003DD1CD1EDEC13FBC837F4407FF880EFE1E
:102F4000911DFC235DFC313F712EF989E1BC93009A
:102F5000AD857BF40E3937D869A8C7823858A10AE5
:102F60006C3F0955AC709CB2968F07396A3EC60318
:102F70009A9D68BFCF0AFD7A1A0CAED829898CA316
:102F8000E3A22AAE7F928B7B295C9651CC55791DAA
:102F90007A5AA9FA34FD3436EE71AD9B520488B0EA
:102FA000C505FB5645B1A1BC1F4E61B2FC386A573E
:102FB00092A548662B98D021873B5C50010AD8091E
:102FC000DC6463DBFB3C89E9FAD4B444185D4A78DD
:102FD0007319F4BC02A994F6A16EC24F4F0181B4DB
:102FE000DE999E95C4621DF1E2F431E9092EF9E201
:102FF000FDFF263421499F344D9F364D88077E8D35
:10300000491B6920E1560AA2DC97C6076E1AEC9E9E
:10301000CAB4C55B6A3248E88EFEFAA4A4D8CEFCD6
:103020008DE01EDA897B1A34726ADC70C55BE0F6CB
:10303000AEF0428594E807A64C8D8EBBC9BFD85030
:10304000867C9FA39D289B37C7C3B329C0C4109714
:1030500094162BE817A2D88B650F89053AA374D074
:103060000C02B5A21264D36361AF009A1FDA3D1D52
:10307000EB19DADD0AF5CB3545CD56331010DCF906
:1030800013401CCFEB19280D93CDE3388670A80EA2
:10309000923829D6D15F81CA65702AC79DD07F4AF0
:1030A00051AE636F07ED20A6CD70B5C714194AB2B3
:1030B000C901ED3836620C8585380FF15DD98C3445
:1030C000500236E467245B0BB24024EEB25184F820
:1030D000D08C2928684933E6C26E728E29B7833BAB
:1030E000D034A46120C9343BFC612701B8E50CDA77
:1030F000FF8418738A5CA375E66B0A504E170F376E
:10310000B93BD8274EE41225EF90AE7EE003524C37
:1031100060CA0B2416A1C49396B88FDB0893E253C0
:1031200012601F95F974159BA2D7868B40B343A8F4
:1031300009A273D8413433DDE76CD4BAB100CD862F
:1031400032847A3B059FAC8F141871A7C804DB51F9
:10315000E3B8FC8A04B529BC7F09A86F348E6921C5
:10316000498A7C91F38161E124CF23FA895ACDE326
:10317000BCBD60F6C1C907964813184B9081CBBE01
:103180008968CD6782D48994E1EE5280EC94A84A94
:103190000B602B17B8A9612E4E6CBBCA112FCBAC9C
:1031A0009977EE090E2533AE478E71269964A05C9F
:1031B000A84D9258885972D4635A911C120F7D3AC7
:1031C0002FAE0419A211E1119123478D1E33363A17
:1031D00026364E1F3F62E488C811F853DA39363E6E
:1031E0002164521ACAEDA1C3E718646348525A1CFD
:1031F0001F3F127256B81C2C64AA58A11212625CAE
:103200000EE2F207E635F201053A2910A6C229219D
:10321000B1485DE703E185C5CE2C2818C61F1A10FA
:103220000642E93930AFE2A88933411E1732C11C8A
:10323000A5EF74077E38D65AA478903B5075F700F6
:103240002EEE18C0E1214D9C18609E3041911DE684
:1032500002FB836D4E1B5DB8B3C27BDDFD49539805
:10326000C61F302BF9B0E28355A9D96245759A5231
:10327000E0E3B35DF4965159BD4B5FF0C745416241
:10328000F63817090DD79F2685F70C16BD99E4E887
:10329000DE4E77504B3121B51FD7C11DD363E8E413
:1032A0000EB58B94280319F0428B43631495833237
:1032B00050B3DEEC481ADD9DF9727484C0D4203618
:1032C000A698CA5B5A518E85AB69D03A450A84D11B
:1032D00081DB14CACCC39430E07F0869987927A5B4
:1032E000C4A7814061CA4D1830C7E1C4C1FA5789EB
:1032F000D3D70CEE49A690E91290C3CEC2C44C05B8
:10330000027F7772526C78698477A01C04F2D9E24C
:103310003290CBE659A4F0B011A343C2C3C2474ACE
:10332000CE6ECD48811EC85D76B691499F619A04E4
:10333000AA5D946F659B56A1DEDE26DC2F85B16DFC
:10334000609D5261F53A94E8E694C6624AE1D20C77
:1033500023B27CD02F4CB926601D0087E282A912CF
:10336000AA135864A4248971E39CE39FEF6FE0E9FA
:103370000A2ECA461A9303BC77D1027E02A7289F61
:10338000880AA72B6C2915828A472120A70BC9958B
:10339000652970618A01E42D09C9E9526A625A2CD3
:1033A0005496A3840930A72C1C332A63546410EC70
:1033B000E38486878629F409B1212B7F336C7868F2
:1033C000E448CCBFEB424172AE9E14F9FF2CB6A785
:1033D0003F47626638991164463AE5F828DFA7ED61
:1033E000A958B6C54EF5C1A4FD68E617817011A9AC
:1033F00018947F1EFF801D30147D8056BF8B9D0466
:1034000020D001730B70438BCF44565EE38E6A135A
:1034100002464442CF062E3D209BA93716E5E42004
:1034200023C6D6DD61F9A0E35B9C57066B580367A2
:103430005ED0790C5B8DBB9F3772F4C3E9E1CA782B
:103440004E82090D980045C7CDB173692D74EA9A73
:10345000A23E0C26CA57F9C5772BCBFD7C779D542D
:10346000872BA6EB548A63231E2B8AAF05407B1A59
:103470000925A74B6E725B2E4B804C44C392BFC490
:1034800045F513E8BE222280FAE16C64001E8F002D
:103490003E134545C8AD8210B680C96339D3037D5C
:1034A000D5DB4D3F5F613F891E06F2A60119056F0E
:1034B00001DC32B216F083539814AB9694F40CA04E
:1034C000F79C3F243BB17902537F3171BDBD007E33
:1034D000CE0AA74C3E690157064AC8C31C56A6D45B
:1034E000CDEDCCC79BAFD39539C331A74065FDE97E
:1034F000E4C1E42353A2D32665C4A526C24AA66329
:103500009BE518F2CD464E8D89CF63BCCB4D28DEAE
:103510008E734B139CC796F050608A1ED870C1F50D
:103520007C87D95C90351C682BFBC83071A18DDB82
:10353000B927AE5BABB46320794C743910057C1BA2
:1035400057A9551275F14B27551C14FA9A8B619E99
:10355000C539693E328A3092B241113A9B8FB90225
:10356000732E13F6408E01AD706A4E62B1891F034F
:10357000E33216873F283B989C5EB314F739A1CA03
:1035800097834F728A3DD95E2CB604AEC59149C26D
:1035900088F0681513184B72BED1A028782BE7620B
:1035A000909F558E524E4D9F96362D3A390ECE2213
:1035B00066C44E4D4A99A287A584A207C5F1EFFEC5
:1035C000BB01102D2E7A5A7428CE67322943812AE6
:1035D00002463327D46A56E4BE817C9E75AB67B63B
:1035E00056752A2F836F67354DF2C40EE74946841E
:1035F000440E4712C72402D0C681056593FE3405E8
:10360000877FE76938F4B05D3B3A74045781361B15
:10361000770EFD84CE091FE81D6418F9D1024868B1
:10362000C428AB53BF1A8286A4C925284028362057
:10363000E990C2AD204F280386120E9949F79A628D
:10364000825CF4F80099A5F357780C734A6252171C
:10365000784332E8DC0D300FD0D5866464E487739C
:103660002BB58B151893624B49862588A3E2613FE1
:10367000C83928EDC1B62D221B512D43F0760C7AA6
:1036800027C7E8CA490506E24E2EC4926DB64CE53E
:10369000B47E08E34D18B14ED3C74E9B9ACA74D27C
:1036A00043460405614EC2ACEE7A4F0505328222D4
:1036B0006775C4571C9B5622635C682FCA61F98DDD
:1036C00008070FF788949360F1B42580EB44D77511
:1036D00090140D7C7A41B185CED81247CE57AB7885
:1036E0007644FA533CB6EC6458125FA8A2B79ED653
:1036F000A29CC5E71AFB8E0A71C1A3A5336207021B
:1037000039CBCF82E93FA8AB803785EB023150C679
:103710006AF98704EB2FE8E0132419F8628BD0F1E3
:10372000FC5606B2BD66569F0CC135008407FC41AD
:10373000A0069601E70B1481988BFE26A8E6981E3A
:10374000E27F9DE7B2B5F0823AFE546A0F66AAD5D1
:10375000B774724ED82923E413175F1981D274719C
:1037600090724E87AF8425BE121E2739F82D580A55
:10377000E467E31E1B3B5EE486C5C2C5E9D31213B2
:10378000921DFC1CD9411CC31D90BF4370EAB1C0FF
:10379000C1D129FAE9FA29DCBF43FCB49A4874CABA
:1037A0005728209362BAE80729EB39B94406E9E6BD
:1037B0005FAD12917F074D3A4685B11B651B913471
:1037C000B26D44A5FCB1E400739CE3D40B3BF3055C
:1037D00021F8811DD824B2E2F9533A4A83A6EB3985
:1037E000AA8EE1B9C20F1D08FD133CE7A91BBE6BF1
:1037F00048FD35CE914546FD509310CE97E1D62336
:103800003B3AE85204C66151933AFBBB532911A7D6
:103810004CA77ED130DC32C5A59C3302EF0EE79376
:103820007067B9C3B124BECFD2E9996D9EA67B7FE4
:103830007341A41CB9B83032204D2B29A3C670CFD8
:103840001F933605986F1A57382C5811FF647C2146
:10385000BD04B99B5C5C9601B16414834845192989
:10386000CEF1D631223EEE1CF40D3407FF77E8A5E9
:103870000B5D6409FC1561C4A4B9B238679D3AC4F4
:10388000EEE4A7B1D941959BB17E193836800B7310
:10389000F2D4F9651D74048B3B1C8072E8E131851C
:1038A00063A7229EFB38906101475AAA9CA03AF771
:1038B000DF488EE73C674823A1107483F3CBD8D947
:1038C00034E7193DC65E38CE616738D4D412B3A749
:1038D00015C139445EA1CE9DEA10C9CA62A34588CC
:1038E000DBF870A7F78C28985C8FB8052A7D3DC857
:1038F0002DBF8ECA4C550E5ABA6BBC2987EEBA380A
:10390000148EAAC7CEC3E1EEFD15AB0657BACAF8AE
:103910002D661DD74946219BCE8D7CD69359381AEA
:10392000FF7C2FBBE3896CA79EA3E3DC1B880C4DB7
:1039300039A01309D9743D17894DE468DA6945B097
:103940003ACB702D99F4DFFC7577F0430152843542
:1039500020C0519FB39473DE9163C68F1C3F6244B5
:1039600081C4CE84CFE9AEF407545861BBF0DE1CAD
:103970002F96F0E31453C26FE58A00E0CA8107E294
:103980005AA56CBD03ABDE1250ACC17B03AC12D1A7
:10399000316FDA4784F927C55DC5154F74C3F1C689
:1039A0002989C3247D1A5BD2E01D05587EDC87E09F
:1039B000D443D95165E7B4204D5EBFD39017C7DD1E
:1039C00005C641E603D1420E5D51D574B4B7A94B8B
:1039D000CD5D2AEF0C902CA298073A4C8AC1C244C4
:1039E0001C7C6D2AB143A48E79064444660BDB75BA
:1039F0001EC7CF6A4A46601B991684CB7486F32D86
:103A000056C55F22E2723C644A9143810F8E39436E
:103A1000C74B3229E77F928C05D380EE04025A040B
:103A20001E3160F8934C7F077F1472DA8CA705FE75
:103A30002CB9A83044A66FFC39EDD28CD818B66FDB
:103A4000CB1669281D603489AA06BB2F9EB180DD84
:103A500014B3626767313252A624C6BADA616F9432
:103A60006D8DA63BE4F7DC1D56C58AFC3E36D1E8D9
:103A70002ABF0716D729FF4F8E9FEABAEF873B3040
:103A8000121C7280AE45C7C9F3CB5C2725E7844280
:103A9000F2CDC434B67FC53A00DFA172DCC4C0F7F2
:103AA0002FA7001546FE9731985CE5AB0322E2553F
:103AB00005B4DB270F69B72703A4024CBBA7DDBE03
:103AC0006352BB7D5102DCDD93D86EAF9ADC6E8F02
:103AD0008F69B75F02F792686E22F488E5667E9C74
:103AE000D34D811DFA76FB2680D5F1ED7609ECBB2E
:103AF000C00C83F852C1BCA6E76EABE07B2DDC7A2C
:103B0000B7096017C00700DF00AC33817B0E87E781
:103B1000E07B134023C076805D006F01BC0BF00199
:103B2000C06180CF01BE01380A700AE01780F3003F
:103B30005700DA013473DBEDDE00BD00FA010C043E
:103B4000180C1008100A1009300E200A207EAE331F
:103B5000EDFF81FF67A01D4003F73E7903F402E803
:103B60000730106030402040284024C03880288032
:103B700078802900A900F7033C08900D3017A018A1
:103B8000A01460114039C063002B0056033C03B001
:103B900001600BC0CB003B005E07781BE07D8043DB
:103BA000009F007C01F02DC07180D30067012E00C2
:103BB0005C0310F2DAED3A806E00B702F407B80346
:103BC000E02E8060803080510013006200260124C6
:103BD000034C03980990099003900F5002B010E035
:103BE00011804A806500AB00D602AC0768007811EE
:103BF000601BC06B006F02EC03D80FF021C06700A0
:103C00005F013C676CB74F9761DC80D908B01D60DD
:103C100017C05B00EF027C007018E073806F008EAD
:103C2000029C02F805E03CC0158076000DB4833795
:103C3000402F807E00030106030402840244028CAC
:103C400003880288079802900AA0CC2FD7CB05469C
:103C5000A167B70BDE82CBEFDD0A777BC7DF173FAB
:103C600077EE1F4EE1667608FFD66977FB87E47F23
:103C7000E294BBFB27E4FEED7277F70F8E8B9DA6D7
:103C800017ECCFF144B26FFF80E3AD1EE21E7E3D24
:103C9000D95564DF4778BB7CDDF1260DE67635D952
:103CA000BF22BCE706BAE3DD96C3ED1AB29F26BC7D
:103CB000D76FE7EE4F507A9393B8A925BC2B84F7C2
:103CC0000DC5D723889BF707725347789E0729BEF7
:103CD0000EF93B44F81E4ABD507CEF77C03B4A7654
:103CE0004FB2F7A2F83E0876C7FB9CEC5E64EF7F0C
:103CF000B0F37AAEBA83E3E18931DCEC34E2B93176
:103D00005C07E19558A029318FDF8B65E08CBFF30C
:103D10007E8AB67B542CDC3E3257919949661899BD
:103D200002999F4CE4E606328BC98C22D345135589
:103D3000397FCE822FA17C3F46E62A32518F3483D1
:103D40009F4B6078EBC8FD4532B72BF5ACD40F998B
:103D5000C897811CD3A1A2C2CEA99A0B78294B98EF
:103D60005281ABF8AC537FC8A0C99CE7F437B9C8FF
:103D7000A1F2E92EAE0CBCB8870B03B91EA0A22F8E
:103D8000C6DD60C7077815A59E2181AEC663F937E9
:103D9000BC7D0A37743E2E553042B0EF3B37E43AD3
:103DA0006E2C0A7FEBA78C1FD69F4192B2D0EEDE1D
:103DB0005F8EC6F27682A38819B1287F4E4A4B4C9B
:103DC00021BE0A2F4672B966C3C1C7A5F00B9A324D
:103DD000128C966974CC54E8E2389180CB2CF78B26
:103DE000A760A7BB28861F2DA47088C32FAE12FE24
:103DF0005FF77BBE83DD4EBFFFC9CFFFE4E7EFFC7B
:103E00001CCBF6547EE812B6B98D8EF3DD0AF16054
:103E1000C40B86C74227BDB9D9DF7DA1890B53D01A
:103E20004761681D541BCABA8CBFD0E2501466FEAD
:103E3000D974C83D83DD4B65764DA2537F97289892
:103E40003F9E10E391DF1441E7FECE081CF502CA45
:103E5000586C7D97CAEFD151CACFE8A7722F0A508C
:103E6000065AB1312A7C93BFC3D77169A2F0498C3D
:103E7000CA8DCFC824BB420FDBA2556E7CC312B2E1
:103E80006B5CDA2D1974F43AD2BFA8BB39DE183254
:103E9000C3C80C245322B33F99A027C976EFE9FC8D
:103EA000A9B06A21F0C8009B00DE046804D80EF0B7
:103EB0001A40F912E00597B6DBC700BC0FDFDB0044
:103EC000DA01BE05285F017CE472777075FBB08370
:103ED000FFEB2EF6FBE97B9B8BDB06F8CE7B12F229
:103EE00002B00DE073806B00D253C07702E4033C54
:103EF00005F03AC0F7001AB8D53E182005A01460A6
:103F00003DC0BB00A7017AAC06BE156026C012807A
:103F10002D001F029C07E8BF06F874804C804A8081
:103F200017013E04F802603B7DAF06F81CC0732DFC
:103F3000C405F0410BF0D2009F037C037014E01421
:103F4000C02F00E701AE00B40368F6032F0DD00BBD
:103F5000A01FC04080C1008100A1009100E300A229
:103F600000E201A600A402DC0FF0204036C05C8015
:103F700064323F01A83AD86ECF3A04EB0B3037B425
:103F800042DD00BC05F005C0B700034F4059009664
:103F900001EC0278EB0CA47F0EF07F863C9D853C03
:103FA000FFC24D74CB76311DF3ED7F3AE7D7423730
:103FB000BAF3C5A7BBC03B5DE1CE17B7758177B635
:103FC000033FDF55BA39FDDDD3BDD205DE0777FEED
:103FD000BDF896F9FEBDF80EDDF9F7D60B93B4A245
:103FE0005B7C0A5FECEDE58E5F42784ABD787E4BE4
:103FF000EB801277BC5BC78A6EE3BE3FE15551F898
:104000002F167373CA58F16F95B797C63D7FD2B715
:104010005DAC7BFECB3D7F815DE07DF1AC7BFEC284
:1040200008EF4C08379F8AE466E016D18D5E45752F
:1040300011DF23C5A2DB7A26A50BBC075F12DDD6F4
:1040400033F7778117A311FF56BB3DD1A15FF5EA86
:10405000629DF25CFFBFD70FCEFEC33DBEBC2EF209
:1040600017D8DF7D7C7495EE84FEEEEBC6E22EE27F
:10407000CBECFFF7FAFDE73AF77ED0D5B8BCD0A17C
:104080009F76353E62747FAF9E37CC75AF97855D66
:1040900094E378F0DF2BC7D10AE16F95E38BA7DCBF
:1040A000EB39F0BB2ECA51CBF1941BD8C7105E146C
:1040B000997D5673FF3E4A7D937B3199470F73FF7D
:1040C000BEE4FF18B9AF22F3FD2DDCBF1FF9BF48D6
:1040D000EEDBC91C48F1FB2AF548EE9F90F9C13A86
:1040E0006EF657DA4329C7F7DC0C0DE3E66DCAF824
:1040F00026F74032176EE3F1FB29E390DC27917934
:1041000085EA73A0523E72CF23B37433F7BF5D29A3
:104110001FB9AF22339CCA7787523E72DF4E66BF0B
:1041200029DC7FD5245A8F139FA3F03B0A9FA3F06D
:104130003712E10989DCDC9E40EB75323F89A7F03C
:1041400064B6E9293C99BDC8EC5CBF9DDDFBE13656
:10415000EEBEFA81DA91CC36323D8F72B31799FDFB
:104160008F76A0A3640F2473C3B3EEE32693DCF32E
:10417000C83CBCDC7D3C2F21F7C7C88CFBC35DFE6F
:10418000B38FDC3F20B3ADC25DEED346EE57C85CC3
:10419000B2C95DDED3FF187797C89CBDD55DCE133D
:1041A00045EE93C83C73DD5DBE9349EE798A7FA8E6
:1041B000E826D75942EE8F91595ACECD5B14FAF7C3
:1041C00033D50BF99F257F6510EE23F70FC8CCAAD6
:1041D000E06637659C93FB6932AF51FACA3E9F2770
:1041E000D19B5E647A0FE7660F65BC937B18998755
:1041F000D5DCECA9CC1FE49E49E669F2EFADD029ED
:10420000725F42665436372DFCC850065E2332ADCD
:1042100028B6209B8911321CE7FD3A2E855651F8AD
:10422000C20277FAB381DCA7AD7677DF4EEEAA50F3
:1042300077F77DE45ED9812FF984DCCFFF57077EC5
:1042400080DC27E5B9BBB791FB850EE9F66A257ED0
:1042500024DFDD3D90DC8317B9BB4F22F7F36BDC25
:10426000DDF3C83DDEA3033EEE93F1CB97DC162CC5
:10427000FCBC88EB69C40E0BC95E0257C8E9D58B3C
:104280009B6164A690594C662F2190F002092F90F3
:10429000F002092FD0910FD872E557B49A6169D70F
:1042A000C97ACE45B0C6DCF9212C12C3DDEC4EC76D
:1042B000806E96DBB9788CAAE1EDD6D17CB00BF795
:1042C000FFAF99C39EF9737FAC17765F5E87E645B3
:1042D000773C7B9F41779931BC0276E2330365C31B
:1042E000FCD4CBCDEE4C668CEEBC098A8A653C2FA3
:1042F0000C8D57D889FC142FB870494FB97900BB81
:1043000000285AA1AA8DE32869273713F07078E7AF
:10431000026AC8704FE1139ADF044F9191FCAFC855
:10432000EE49F636B2F722BB27CD2BFDC92E915DA3
:1043300022FB18B287917D12D9C790FD7EB24791BA
:104340003D8FEC93C8BE90EC29647F8CECF7937D95
:104350001DD933C9FE22D9F3C8FE3AD98BC9FE0153
:10436000D903C91E0EAF035D01D0FC066B468081E8
:10437000007700CC04C80128017804603DC0268085
:10438000ED006F017C00705E6BB77F00F01C403960
:104390004028C01D3ABB3DEF16BBBDF06F403780D3
:1043A000DB00248054802C805E03ECF669FDEDF682
:1043B000B9001680EB003A703B35D46E5F1708F8F1
:1043C000419006C074807C809860BB3D19E07B8082
:1043D000D27FD8ED93003E01680C87BC013C186188
:1043E000B72F01181509698CB6DB57014C8077206F
:1043F0001F017806E07B8051D176FB4280AA1848E5
:104400000360759CDDFE3EC0E700F9906E56821D8C
:10441000F6CFEDF60680B701DE9F64B77F05F00B9F
:10442000809068B7F7011808300CE02E803CC8E790
:10443000EC84FF33383DC36E3FFB80DD3E7826E4DD
:1044400017A01CE0A1D976FB16806D00BB00DE062C
:10445000B864B2DB53E602CE3CBB7D13C0928550FC
:10446000663003F3A16EF2B9FD12989602A89F225E
:104470006E47789BBEFB95801F400FB3D32F90BE35
:10448000FB59ECF62880C1A576FB32806F4B9D3836
:104490000ABCB6809B0B311D88733AA47D09F07469
:1044A000905E29A51F0E90B5F0E6B01D613BE0B708
:1044B0000124439C9F3C61B71F5F66B7C72FB7DBE2
:1044C000C7015C273BC276FAF67471C36F173DA033
:1044D00091630B2437BDA0B070EEA0D82347BADBA0
:1044E000C78C71B78F1DE5660F0F8B70B78F08EB08
:1044F000601FDD797C1DD4FCDCF62FA6C0D165459C
:104500001D8CA9ED307DB0347624FC263531A26FA8
:10451000E7DE7EE5FBFF3FC35B62D3A4BE6244D906
:104520005831E2E25B6284E925617C4DA038DEEB24
:10453000A030BEFB47825FFA02C1AF5F9D78DF7299
:10454000BFFB878A7EFD7E14227274E288E57ED3EB
:10455000470B2396BFF4ECF8952745BF2F6E15EB5C
:10456000D79C17FC8E848B492BEAD77C261C5C1EBB
:10457000B2A2FEB306A12966BA30BA3465D3F89E5A
:10458000194253CB37829F6ED7E1F1BA8F85A68B44
:104590009BC5A6967471BC773CC09B90C22B627D74
:1045A0007A81E0D7778EF829C4BD47485CF1EA727A
:1045B000BFF46721C5C5EC7BB716B17E12FD660658
:1045C0000116E475EE21C16FFAD7E0173119BED29A
:1045D0004D80F912D9224E854059004AD78A892B3D
:1045E000C67B83FF1128C5DA3A96D6EE9A3784FB4C
:1045F00096D7AFF951F0FB6228E4376845FD91D1B9
:1046000042C88AE6CD57DFAEB759EF09797EC4F3C9
:10461000BB6F5900A5BA53F4ABB30BF547EE11EFDE
:104620005BE9B7F6072169C58895F53FFC53689AA1
:104630007A598C38B045DCBDF20F3162C16871E443
:10464000CADDCB32C4DDCBCE401A2F897E5F9A847F
:10465000FA350F60982FDEE0618E3C2DFAAD2D63A8
:10466000DFE3AB01ABDF19B17E66B050DF779CD8DA
:104670007406CBF10DF8351D3A24D4A7CF857234DA
:10468000922D2227516CB226423976413E772F3B3C
:1046900024601ABB9FF80562A817FD663C2CDCB7A6
:1046A000B23EFD1F10E26716B7DFACF142C4BDB9E0
:1046B000E2E8EAF9FBFD3C86AE7CE3F9DDD5B9E240
:1046C0009EF57EBE508A19509AE9F7C05BCFF5BEC1
:1046D0003F089FAEBC7BA55FC63F8588A93F8A1176
:1046E00009778BE3579E8092D4C1F75671B7EE07D6
:1046F000E18DE7EABFCC17FCEA5E867CCF16BF5E91
:10470000E9F7E55B90D61B50A2F550278BD8F79EB2
:10471000E7FCEAA01C5F0643A9C7319C6F0807CAE3
:1047200050D7C8BE23726742EE01160C85FA78E3B3
:10473000F9C1B96F3CAFCADDF9FCC003C773772F6D
:104740009B21BEBBC07FC80C71FCB204F1F802FF14
:10475000C004717CCD50F1DD5CFFE0A1E2EEE5CD5F
:1047600062F982DD55DF097D3EDEFD449DD8B0C093
:104770003FB44EDC5D335AACCAF59746ABC72FDF6A
:104780002AFA0FDEAA0EB62CB3CC351D3205CF5D4A
:104790003637E7E1FD0F0F5954B528A7607F411266
:1047A000BC95D7FCA3D7DCDAEA0539035B9A9B7387
:1047B00077C3BB94A767B7345F2E9C505B3D74F4FE
:1047C000C083CD97A76EAEADDE9A36FB60F38C1E2C
:1047D000F7D5565F1E3AF0A3E605DAFADAEA038F58
:1047E000CDFEA8F9C78A3B6BAB9B9F19F869F3977D
:1047F0004767D556D77DEA2FC19B7683B5C2EC4F6C
:10480000E105D5C3F81A36BE52997A5A773DF99721
:10481000E927661E1D18DD58195A33DEE392D0FFD2
:104820009DF04A9F6B97D5B2F580303BDA3674F62F
:104830003B724F6F55AD97A0D95D93185D5FED2525
:10484000C8B91754E5036A9755AA6ABFF6521DB254
:10485000255745D8268BE752847BC76BE2C42F6C63
:10486000436CE7F67D7CD94FA3B99EFCB438F95070
:10487000CDF85B6A845AEF36F5D80D87995FCF4B38
:10488000B5355E9ADD1EE3A35B4F5F6BAF9F910D65
:104890006FB50AD7C7EB2EA9EAD3B38567B487D61D
:1048A0000C7AAEDE43272C7F2FC6E263AB54E1AB1C
:1048B000C8F8D263C35CD5BCD435317355FDC4A7E9
:1048C00006198A528438FE0E357F05127DF125487F
:1048D000E70BB1BDE03CD1B6CAFA195F88F56B476A
:1048E0000947A0275789F55FE8C48D9A4F85DA2FCD
:1048F000AA85DA4B977A3678F8F9A29F7FDFDFA096
:1049000097558BFE3A343DC441151BE1CB67C1E599
:104910009EB5BEBBE0A5757C85DDDFF798E0537AD8
:10492000495DEB51AC8697907F3C002F7A2F518FD9
:10493000AF3A1035185E51C4F7A26D03CEB5659C31
:1049400019260CB60D8A3FD7B6F7A78A84D7E0950B
:10495000E50B42C58C4DC2463007C6D57F592DF8B0
:104960002FC5AF8DF0B722E102BC048EFE27848DE7
:1049700060CEE6FE15F8B5B102FD2345FF4AF4BF4F
:104980004BDC08E6C049CCDF865F1B6DE8BF3E57B5
:10499000DDE4A169D5A8DBE1ADE2EC86CC68515538
:1049A00011DD7BF051DD89818B832B6BCE4DC816D9
:1049B000F58853AD92BBAB0527CE5BB9EB73DFCA6D
:1049C000FDF5DFE57565DF3564AAB2A3C5F22513F1
:1049D0008C2C36B5AC560BAA0A518FAFC8875E181F
:1049E000D64BF74BF89551D7DF3CFAF689774FEF66
:1049F00087379CCF45DD3AE47826BEE24E291982FE
:104A00002BDF9AFAE48140C3B9E2A267FDC3349A6E
:104A100009D9EB73AFA7814BDEB9E2A9EBFDC768FB
:104A2000340317D57CBC4E1E93E6F523A67C7D0689
:104A3000F8E59F2B5EF98CFF048DA662A8C66BF18A
:104A400082C5BE57573664FA075EF0E4B9C156D442
:104A50005D18F2CBE4D3C927528F064D2B3B58315A
:104A600054EBD55829C6D91EFFE940C558AD105A98
:104A700073AECD7E21B832FDD7C955F81AE9392178
:104A8000B35B7065F75FD5CD352A9F87060841FF78
:104A9000AAD8EAE5D1B4E02ABE0E9FD9F46382F821
:104AA000C27B436CAABAEE1FADCAA6F7BD637D5B9D
:104AB000F09D6C5BF3B9B6477F8318DA1EFD25B80D
:104AC00072648BC33F9AFCDF029F734FBEB87ED1E6
:104AD000B3EFAD97DF9A678378CAEB822B45474CDB
:104AE000C6891CF3E4AE736D3FFC52B1D9CB23A24F
:104AF000EC0DC1A7CC2B33C29428CADDBD048CFDBC
:104B00009E5F6FCCF07FF98267C5568DD7D57AFF4F
:104B1000172F782A6F4CC7981A4CAAB9CAFBC658E7
:104B2000662CFB98B2C6EAD01A8DBCA3C647EB71BF
:104B3000A5B65273C5A7D2C3A3D643EB29AFAE1611
:104B400044FDD817656F2F61A041AE1E2A7E9B39A8
:104B5000C4565BE971E5A3E6C39052C62FC6AFF910
:104B6000CBC318337FC11ADFF00EAEF4B42E8FF72B
:104B7000AEAABBC8FAABF99CB06452EF9F0643885B
:104B80009E4BCA1306BEF354C2C0968684D9EFA0CA
:104B9000CBF09F95B7BDE7CC6F388A2F0E579D1885
:104BA000723DB50DDF1D7EF0C404E3B69AA5D0B703
:104BB000822BC36B2A65A89F2A6CC7E0AA5A9DA0C6
:104BC000B23DFEF47BB5BAEDAA81995B6CBE7A3535
:104BD000BE8BAA5A271FAEF49D0CDFDE8DDA73510F
:104BE000AA47EAE0BB76D95C8DEFBDE076CB3C7599
:104BF0001D98B58FCF53C99F6834DDB27D8FB07AD1
:104C00003FE5376080702E6AF0C3772DB405F968F0
:104C1000341E5807B5D51A4F79E00515BE202CC6AD
:104C20006FB1415EB7FF36ADB12AB9EA33DB4CDB79
:104C3000B90DA993EA1F1F20A456319FB68C97BEC9
:104C4000AFD9629B5C8558626963E5E2DD0DD6648D
:104C5000C03AAF37EDF9CC865FA9FA633BCFDA7C77
:104C60008D2C9F33E40A6F0163391FCB7D4B626D3E
:104C7000C1039ACFDA726C8A4F6A0CF7F92CDA16F4
:104C80001CB0575E97204E87D8615CB4D99F6E30B8
:104C90003EC852321435DA9E6EBE3F7AB40E66AF0D
:104CA000E9D562BD6FB50814A85FB5F0DB8A232B88
:104CB000DFC9A9ADD2B5F9CDA816AC2BBF5E59EEB0
:104CC000BBB476E29AF22563E7E36BC18D35A1CBE5
:104CD000C26D75506BD0FF5E462A3DFD84EEFAE052
:104CE0002B3B968DAA79B3F2DCAAF3C2D893EFE4FA
:104CF000A4561DB605579E5B120E33A90D62B7C1AF
:104D00001CD60C69F9F9DA589CD1B97EE936C1C7CD
:104D1000C3A3AD6CF99CE5FED24BC29309EBF7B986
:104D2000BF9BDBC05ECEAD3B89299D9C31DD766E9D
:104D3000D5E087832BBD7E7A276772152BA1F0D92A
:104D4000E84F137E6AE618FAE988A12A0BAEECED6B
:104D5000C48852C9B51E826A4E739D96E57716E2E5
:104D6000BC5BEA164BDB3BB7BE93705FF3E269892D
:104D7000CD23E60FBE3AE4E2E4DF927F4DFD69FA0F
:104D8000C999C7BEBF7EFCCAA90B67DACEFE32AA9C
:104D90004677A3B1725B4DF8B273DB8F650757FAA4
:104DA000CEC35EF178BFDA5B4495EF04F8EE36656A
:104DB00057ADB7A8AEEDF68EE8D37DA9AAB6FB52E3
:104DC000510C921FD408C766C8BA0BC291195ABDBC
:104DD000DCF7420F5F13E07A79F9A5BF28C637E008
:104DE0006CB3FDBE88E0133331E79686DCE0AA6F32
:104DF0006C13E1BBA170D04F0F5631FFB67F9E946C
:104E00007DB53DCAAD59D0A23BEEFAA2CA370762C2
:104E1000D0E50CE2A15FB5763F1833E3C904B9DFF2
:104E200065D5C0E867DFE3BDC42641FF18C4BF5B9A
:104E3000A473FBEEF9816347CF0AAEDCD97CAA6A82
:104E40002EC55D743CFAA4AAB4B0FA8BAA43B6543A
:104E5000B0DF79FCEE93C7134AE2E53B2F691AAC49
:104E600058572562D2773CCF07FB36D8C4788C657B
:104E7000442050967836576E9F3FB4B16A3084A66E
:104E8000746F83FE789BA83F533CD9D268F12E3BC8
:104E9000639A3CB771AEF7BC530FC72FDAB248B76D
:104EA000F8544110B428C5D75BBF977FBD74EB9C05
:104EB00066FE55D37D3EB9FDE49DB8B76C7EA4E097
:104EC0005DC5E7CAC9A7832BB7559E6B3BF7AFDB20
:104ED0003FC297C9B10FBF7A67708D637CDDD1582F
:104EE00035B9AACE88ADBCD9CE7313209EDBF05461
:104EF0006F51AFD019A4320D39AA1C3EEE1E3D767B
:104F0000B279CEFC3A2B86B09D1C72BDEA04A72173
:104F10009C7E34569EDBF78E28CFD4AACEED1B1490
:104F2000195CC5F1B4AD3C666D6FA8DF5B44BDFB99
:104F30001BE1FC75F0E0CA2D541B011BCF6D10A2C4
:104F400004FE96C21232F7912988DC8C22730999EB
:104F5000D1E41F43662C997164EAC95C4A663999A9
:104F6000156456926923F31D32DF25F33D32DF27A6
:104F7000B3854C91D25791A9265343A656C91F9980
:104F80003164C6921947A69ECCA564969359416692
:104F90002599366EC22A98691BD9ED1F7EF86104E7
:104FA00002FE01A7B308F8E73B04FCB31B01FF2C8A
:104FB0004058605FB0FBBBB34C55E9BF15414F088B
:104FC000FFE17B1FBE37E1433B68229CB3FF00F843
:104FD0007FD8FFD86B7FD4BEE0F29E73F6367B5B42
:104FE000CFEB1F4E80A83FB69F83486FD86FFC6001
:104FF000DF0B715DB65F7EF4E1EF45973D1865BF4D
:105000004545FB2A6ADA3FD1D03E8996F64374B40F
:10501000EFE141FB1B9EB44F710BED3774A37D058F
:10502000BEB7701BED9679B9C4AEB8DDE6B2D3E673
:10503000BA1B24BAE442F3BFA57F85150A7B127719
:10504000FE8FF93FE6FF1D261C52759CC28B87031D
:1050500093284312FEC67D6057AE3AF6739608EE6B
:1050600076D87AC10D3A877D9FE06E677BE7BD9C5D
:10507000F64F04773BDBDB96AE75D877EA605FF2DC
:1050800028A45BCCD3FEB35F14E2E50B4BC2D0CCBB
:1050900073E26F1848FBC6A4F7B68AEC4BC82C56CF
:1050A000FCC94C21338ACC30322532EFA778BE3A86
:1050B0004F7A2E8C30210D1091007820ED99C8DCAC
:1050C000D05BBC855178FC4212E1A555F0EE7647E5
:1050D00051898A87CA81C24268B5CA97A85512F217
:1050E00060C89E6CAE50BE42DDE3131DB9526B9595
:1050F000CD69168BDA110B2361FC8BD14B1602693B
:105100009F886453F47064DCD3E186BE219D24E45F
:105110008C94ED72AB1C79E6568D23A78CB4EA947F
:1051200098558E4845A7AFE34BEDE9E6ABEDCAB71E
:10513000CB10DCAD93989DF1891D0AE3A8308D7BDF
:10514000E5B0CD776703681CF5D26911748E5A13E8
:10515000DDAA8EA7AB73FFF274B77682273A2A8C4A
:10516000358A4B6A9D45E52C8CFAE6DEC48BD5C1A9
:10517000EAE85CCE62B1BB1858CC2A0F47CC1E6E51
:10518000E9AA1C5D45EB5E4A95E81EC2AB93227806
:10519000BA79741A415745ED3A2167C9356EAD2584
:1051A0000A3737A34B83AA3BC99A3321F7CEDF7561
:1051B0004578B897C353C99FCAF3AFEBC011B64344
:1051C00017F83F28B4DA6DB08B1AF7AEACB9B967EF
:1051D000AB3B14950D679D5B7FEE900D556779167F
:1051E000FF577BD71B1BC751C567F7F67C7BBEB348
:1051F0007DB65235800A678C50A3649D3BFF698E53
:10520000A46A4E7662C5B4060B3B285084139F7384
:10521000B9233EDBF51AC7418838F91005893FFDEF
:1052200080101F2A104245A14210F543296E4543C4
:105230008A505521C807242494A8512AA180A0444B
:1052400055055191286F66DEECCE8CF72E6738F34A
:10525000697E56F2767667E7CDBE79F3F766DEDBD8
:10526000C2574A124A6E59A9EDE013E26A3042C7AA
:105270006311D54F2A50F7FE5F49AF9CE4668DB0AD
:105280001BEA4BF8AEA6E85A52B126143D48CF5659
:105290009BAA3851143DAABD8AD5D39C583DE58AB6
:1052A0006A78C277EDF053699E9D36F1604B4D955B
:1052B00054E3B54E84A88D56D07F48D5D909D49BE8
:1052C000FEB7BF5E9FC7A23861C767D7E9F8F64748
:1052D00075C261AFEB887861F040BD9E3D45A33C4F
:1052E000AA3E8D1A1A4475FEC26EB1E27C4BDC2FC9
:1052F000E078684DDBF77B04EF3FADEDB73986F71B
:10530000CBAE7A7F09EF3FAFA5B38EF7FBB57DCB70
:105310004FE3FD97DDCDFB79A8952BD840C3CE0F89
:10532000CC1C5E8BBC2FCFD33A71FF5537DAF79A7E
:10533000E0E742C6C0B2A51C664604C6CBAA074435
:10534000E9F9217E8C441DF7CD3FA4EE0B3D545569
:10535000F77FF6F7ABFBEF447C470BC7B5B0D84FF0
:10536000F7E1EFABFBE7C473570B27B5B010DA8D4D
:10537000C7D4FD71229CD6E2776861B19FEDB51C60
:1053800051F6AFDDC67DB5192DBED8BFF60E7E2F06
:1053900095DB2837153ACE2C858AF33960E39E3A9F
:1053A000705C99E107EA98BDB52AF52E085A37BD19
:1053B000C8AC3F4CF8A7C61798B925B6EFAD3C3F2F
:1053C00013DADA0967C036C8D401B925E0DB3B80BF
:1053D000FFFB482FC9C3B2CA095832F925D4465831
:1053E00097B3AD98E5586D966BA5AD8CB5D3CA5AF9
:1053F00039AB681D0FD2B06C3B16739C78BCAD2DD9
:105400009170DD64B2BD3D954AA73B3A08A6DD0622
:10541000A9BB907E3BC8AF0364D00DFB751F8419F8
:10542000F987481FD94D06C90158B6992225E2C30C
:10543000B2CC0F60C9E54D5E89E599BA45B9503ED9
:105440009413E5C56A33C974F71037916C6B8FA755
:105450009C74ACC3EEB4BA303ED725A11F998CEB37
:10546000B8AEE3B8B6962ED2987C8E51D2938F8880
:10547000F907D6A3CB487F8CFB3185A1925B78FFDF
:105480000ED20B97F9F38F0A46FFC2FD45486FE72E
:10549000393D8A80F911546E36FF016580F90AA5FD
:1054A0007004F439C4079ECC1F181C82DFA4291D88
:1054B000403A88344F29BD4BF727D0BBE17E5E666A
:1054C0002C45A3D960DF021300152DA376CC21B99A
:1054D000FEA1FEDCE030D9EB7DEECBA27EED40F903
:1054E000806952F28BB7DB2FEFFEC295577FBEABC0
:1054F000E2BCF3D0B3CEECF0DCEF65799E1393C839
:10550000E7D5FDB631BC2E8AF64DCCF7F09F384773
:10551000271A9CC95769439E2445F895CBB29C1E17
:10552000516F9C58D2D94BB445A406989C3A3A2561
:105530005381A13FD43DCF9EC4751D465FC0F3F09B
:10554000B72F44C73F3C313E2DD3A03DFB6974FCCF
:10555000E9296E985250FB2E8FF7C2DFA3E38F7EAE
:1055600062EC53320DCEC17C353AFE5174452BE8C6
:105570004F30DF7FBDDEF8FCBEAB8567DF8A8E3F34
:105580003EE92B345823B8181D7F62EA8842053E55
:105590007D333A7E46A3022F9E57FB87669191D6B4
:1055A000E99A39C7DCEA7463DB94AEB34DE9BA1803
:1055B00027B00F54E77CCB569125EA79C987F1BC17
:1055C00080CEAFB04DFCAE17A3F94D6E13BFB53A08
:1055D000FC2ADBC42F8BFCEA6139F0ACF1DFE1CEB1
:1055E0004B3CFD7B2FD94DE53F903B9EFF1794CA66
:1055F000226AB55DD4BFDCEBAA7C44FD39AEDD1771
:10560000FDF4BA765F8CF72E6BF7457F7E5DBB7F2E
:10561000979394D2864E8D4C6DEA14EC2CED87AEA8
:105620000E241D3A856A9B8C27E2E76D62BF97883E
:105630005B94443F2F12F61C88384FF1F6F7F0FCCC
:10564000DF3A9E07F82E9E8BFB0A9E13F436EB077B
:10565000959990C3A51BADD19F42CAAEDB9E527EE9
:10566000A23CBED3227E579AE477A545FC48BA31C6
:10567000BFE09C4E8BF84DDE875FA07F2DE2773731
:105680005DBF1ECAF2BCD5227E6E67637E429E77E6
:105690005BC4EFD87DF805FDEACDD6F0BBD7D99C29
:1056A0003C332DE2B7D4D5585F8273666FB686DF80
:1056B000D52E7B4BE914B570E23EF14FB009A957E6
:1056C000A3360F1B9959797D9D8FE376E278EE0E14
:1056D000868B237C847FEF15DE15B8614658F8DE93
:1056E00039B5ED6F761C28F2E59FA9463E3F82F959
:1056F000583F1F8C476D5D00D8D7B0A9FE0609FC46
:10570000F185C67E22F00D3C2FF81C5276DE883AD9
:10571000CFABF3CE3F709CFEE81BF5C6DDE333D381
:105720004F8CD4E5F7C7BFF0F7E691FE10E9E4E34C
:10573000B642693AE0F463BA593D78E266B80E3190
:1057400035F1C943879B7CEF9973FCBD5DEED6FEB6
:1057500072C9F0EF61F893C3ACBA77853C0E31FCA7
:10576000E6D2E0E0997F8AF3ADFF1B3F95B7E0D723
:10577000CDF09EC24FE4A1BD8DE94BD1AA13EEE15D
:1057800066968A3B1E803B399862E383C21897CFA6
:10579000DA039CBEB683D35F63F8D6614ED363D180
:1057A000FAF0593C273F8BF445A42F0BFA149EEFD7
:1057B000C4F07EB453F0790C1F42BA81F6082EE192
:1057C000B9F16F237507F0FC64E79FF9E441348079
:1057D000EB8E9D65F339F0490290FC128DCED4FC1E
:1057E00039EA8F486ED7C44A6D4C9BB7C4B5F15A9D
:1057F00002E3B94893485348DB91A6917620ED44E3
:105800002AD442AC9F5DEFF8F7DFE029F515061EBC
:10581000435377E894031F67F82BF618DCBFD26078
:10582000E8AA0F4F45B84B0AF7D12595081B5A1E19
:10583000F5CC335EAA82CB0530B8BF12A447E7F09F
:10584000BD35117F0F6D15BC2A8BE6819F673043F4
:10585000B3001E9A9657E657078673FB4874C4D365
:10586000909EFA04F38D2E45F5BC5B5ADEE5E77B8E
:1058700048D74811DF2DE6C367F4BB7AD187287873
:1058800040F06A25E1517499DA5C052FABCCFB8DB1
:1058900092D641F45D1AC3627B9CFB1AF557073F11
:1058A000A6C49B96F244E31D5B5E7D64084CA496FF
:1058B000E74A413CAA16B3EC7E98275A7E4F5549D9
:1058C0000D5626CB640E560BBF542D81B51F4A7C56
:1058D000FA7F990AAF0A1795A59A7887AAD345AD9A
:1058E0004CA9EA7D5DF857A5CF028BBD1E98C25D1D
:1058F00059068F3F411726F2FC2D4D8E8DE44AAF9D
:105900007BF9B783443C48BDA44C659E95DEDB9093
:105910003629897F56CDF741194AF3A7C334A9DA4E
:10592000F796AB6BE078B5244E0B8934AE6979FD00
:105930005DC2FF4C51E3217E50B4FCC552B3BA9D09
:10594000E23A4057F1BD59D42CF10D6F309DA15D65
:105950006B7120C710E6A153D21D16457A96C1F28D
:1059600097D65BAECACFFE24F1B7B159B039AFD3E9
:10597000A5F229C66C00B9C5D02C835E9F78D4905F
:105980006756F0CCE25164B11AF298BADA24647026
:1059900051DB8E764D2BEB77B5F086B4812C529788
:1059A0008A255944ECBD1E4946BA8F5E454E69B5FD
:1059B000DD6CA48F5239B29FED3622744E96710A77
:1059C0006952FB1627D0C35A8909BCA0E63D1B21AA
:1059D000737F6EA85222A5B9057F0FBFD4BF231BCA
:1059E0006CE591656DF5203F11EEC3A561BDEEB686
:1059F0004971FAA577E8E382743D2A5D4F4BD7657C
:105A0000E9DA97AE2F48D7DF94AE9F91AE7F14D4DA
:105A10001DE6740244920F8A3386F2EB5DF0F38F39
:105A20000C0FE74E908832CC6694553BF11D3FD366
:105A3000BEFD575A1946C9E64929FC5B625D8B6A6F
:105A4000E79275DA39F60D27C1A91958EBA7D536B3
:105A50009F1F50EAED0723CA155CFECEF262655720
:105A600011DFD69D0D56A49AEF77946FDB89DF3650
:105A7000467F62A043723ADC847F1FA77D48D81F0F
:105A80005837B465A18CF4CD716D13270C17ACB7E2
:105A90009668135A51DA515D2622ED77FD53B56AA7
:105AA00055C9A31D13C31221330F7C931537F76516
:105AB0007AFD49E8B266EF1536BDE72A6D3E18D289
:105AC0009F5D5C2B0EEE63ED9B5CDF1E8C2C17162E
:105AD0003D889313E5B12F6C588FF152C97F4D9ECD
:105AE000D2EDB35D7998D348D78E4BB2E894CA33E0
:105AF0004A86E2DBE3415D39EBEB9D298DB72BAAAA
:105B0000ED38EBCB1DAFD6E334D6292BD47FFBFD8C
:105B1000D2B0B29EFEB3BC8195D8133E77538DF2BE
:105B2000B57BF742C7B837BA72C4B879207B378BD8
:105B300013D108047D5465D13FB910BC03634D7B7C
:105B40009047CFEFCFE78721C185821C9FBBE62D11
:105B5000167239A53DA1FA7350F2BAAED4B7757575
:105B60007E5EB79E63DAF9DC504EEF9F1BA59F293E
:105B700036997E847BF866C614C1D8811B6C288E4A
:105B80008C8D2ADF1E7CE72B57958CE0BBF6416D90
:105B9000AC94ECA39E76E0F76C8F793F207DD4DF48
:105BA000005E530FF4F3D490E512383200C75B84E3
:105BB000AE4DCC42C97BE08B138C412E94CE821B20
:105BC00071E67E97F9538329BDC72E206F7C78BB81
:105BD000078C0587571E7D570A9E5C83DFE37DB6E1
:105BE000C9838DC97C6A446605D4B64F1A04B09C3B
:105BF000440E3097B8210DD2C75EC698FC3ACCDF70
:105C00003275C92825E073AEE01492F4B1D5047C56
:105C10008FE70AEEAF4ACCC06100DD3010BE4CA069
:105C2000527967AA732B15EABF803A23F3CE2C81F1
:105C30008BF625E8BFBD0A38D00473279032BD012A
:105C40007DBF74878640CE5E7EA6B0CA02151FB4A3
:105C50009907E1D52F56E80860393F20050686A54B
:105C6000C0704E8E961BA222F6AA8B98171AF02BA4
:105C7000D5F20A41170A1EE74A5D50CCD32EC8C39D
:105C80004246F12C80ED1E1FE477D6A345CC2E842E
:105C90002C6BD0288AE2874B8826EA748E60558464
:105CA000529A03770D201D60BDB008E92F11030340
:105CB00003030303030303030303030303030303B4
:105CC00003030303030303030303030303030303A4
:105CD0000303030303030303030303030303030394
:105CE0000303030303030303030303030303030384
:105CF00003030303030303030303030383FF27FED9
:105D0000030DEFD466000100130000001300000033
:105D1000B385C50217A5DCE00335452FAA9597A7E3
:105D2000DCE023B5B72E9727000083B7272863F35D
:105D3000B7000145828082804111F32700C093871C
:105D4000C7123EE4732700C0A267E36DF7FE41016E
:105D50008280B7270020D847C176FD16758FD8C737
:105D60001307D007D8C7D847C166558FD8C78280D8
:105D700013170502019397270000938727F09316C6
:105D80004700BE9694426383A60002901207BA971A
:105D9000D847B727002093870708D443D98ED4C3A8
:105DA00094471347F7FF758F98C7828097A7DCE069
:105DB00083C7475297A5FEFF83B54579B9E7854765
:105DC0003785B8ED17A7DCE02306F7501305053239
:105DD00097B8DCE0938808991B8707002146BA86AC
:105DE0001313F7031358F3437D363378A8001B577A
:105DF00017001376F60F3347E8007DF28A06C69641
:105E0000852798C293F7F70FE1FB7D5797A6DCE94A
:105E10009386461F17B6DCE01306C69499E917A5CA
:105E2000FEFF0325A5711347F7FF198D13351500E4
:105E3000828083C70600FD158506B98F93F7F70F9B
:105E40008A07B2979C431B5787003D8FC1BF411102
:105E5000B727002006E422E0938707089847B70693
:105E600000800544758FB7060040F91694C798C79F
:105E70007D57D8C3B727002080CB130500029700B9
:105E80000000E78020EF1305100297000000E78074
:105E900060EE1305200297000000E780A0ED1305D7
:105EA000300297000000E780E0ECA26022850264E7
:105EB000410182803705080A828017A7DCE71307B3
:105EC000671497A7E4E79387E713998F37070800CC
:105ED0006373F7000290B70701022D47A10798E30B
:105EE000B727002023AA071617A7DCE91307871195
:105EF000B707000A6373F700029097A7E4E9938756
:105F00006710B706000C63E3D700029063F3E70065
:105F10000290998F13D71701BE171377F70F81C718
:105F200005271377F70F914763F3E70002903717C0
:105F300001029307F00F130707801CE337170102D4
:105F4000130787801CE337170102130707811CE33F
:105F500037170102130787811CE337170102130764
:105F600007821CE337170102130707831CE3371767
:105F70000102130787831CE3371701021307078405
:105F80001CE337170102130787841CE3371701024C
:105F9000130707851CE337170102130787851CE3E6
:105FA00037170102130707861CE33717010213078F
:105FB00087861CE337170102130707871CE3972521
:105FC000000083B525FEB716010213070010B707BE
:105FD000000A93868682370502003706080A98E28F
:105FE0000F00F00F3388A7008CE393870704E39D2D
:105FF00007FF06070F00F00FE393C7FEB717010274
:106000001307F00F9387878298E30F00F00F8280C9
:106010009307F6FF63FAA500AE9763F6A7008147E2
:10602000631AF600828001A03307F5008147E36917
:10603000B7FE01A0B386F50083C606003307F5005E
:1060400085072300D700E9BF2A96AA876313F600C5
:1060500082802380B7008507D5BF4D715AEA3A8BFD
:10606000137748003AE87D5786E6A2E226FE4AFA10
:106070004EF652F256EE5EE662E2E6FDEAF9EEF523
:106080003AE41377480083BB070019E7330CDB4081
:106090001387FBFF62973AE42267130317003377F5
:1060A000E30019E36376DB0223B007002330060028
:1060B0007555B6601664F2745279B279127AF26A42
:1060C000526BB26B126CEE7C4E7DAE7D7161828044
:1060D0003EF436EC3C61146232F01041AE8C338DEC
:1060E000D5003EE0930550034041033A8503832DDC
:1060F000050283294502032C85022A89DA9BE3EFF6
:10610000C56617250000130525A693152600AA9538
:106110008C41AA9582850547232EE9002334090086
:106120002328E9003374E8001DECDA8AE684014C88
:106130008149814D014A894563F0A41903C60400D1
:106140008504331686002124336ACA00E3F685FEEF
:1061500091A20545937628002320A900DA8AE684D7
:10616000D1E6715561A0328CB289B28D3284014A78
:10617000E3F1ACFF03C60C0093841C002324C90088
:1061800063FEA4050326890003C50400FD4E1B1E03
:1061900086003B0EAE003B7EDE032326A9009385DE
:1061A0001400E3190E6813750502E3150568C2674C
:1061B0009379F600E119B339300189EF1B56460097
:1061C000212605453B15C500216E6367AE00335699
:1061D000C30019C2638B090A854979A809469376D9
:1061E00028002320C900DA8A0545A5DE8267FD560E
:1061F000B39686002330F90493C6F6FF8277B3F690
:10620000460123228900233CD9022320B9032322FB
:10621000390323248903B384944184E3A277B38AA6
:106220006A4123B05701E34605E885669386065B1D
:10623000B3F6DA028327C90141661D43939E070323
:1062400093DE0E039BD707014536E3980A5C9B97C4
:106250000701BB87D701232EF900E31C05E413785F
:106260001800E30808E403270901E304F7E479557B
:1062700089B5E68431B7E685029093064002232073
:10628000D900DA8AAE847D55A5AADA8AAE84094699
:10629000E37386EA13767A00232AC9001B56160098
:1062A000232CC900135A3A00753405CE8D45631668
:1062B000B61E0290A946BDA8937628000D4623205D
:1062C000C9001DB7DA8AE684BDB5E3FFAC3F03C65B
:1062D0000C0093841C00DA8A33168600336ACA00E5
:1062E0002124137674006198335ACA00012481492D
:1062F00049C41D46637C8604939509028191CA9521
:106300000D662E96230446936134135A8A0085291C
:106310000D46E37F36FD0D664A96835986920356F5
:10632000A6921346F6FF421641926387C90802906F
:10633000930670022320D900B9B7937628009945B7
:106340002320B90032844DB5DA8AE68422865D5571
:10635000E3F5A4FF83C5040085041B048600B39500
:10636000C500336ABA00E379C5F82126D5B793761C
:1063700028001D46A9B7DA8AE684E3FAA4FF9395BC
:10638000090203C504008191CA950D662E96230467
:10639000A6928504ADBFDA8AE68451BF1D46637BB1
:1063A0008602937DFA0F6134135A8A0063F57A05E9
:1063B0002380BA01FD39850A6388090A65F063E61E
:1063C0007A07A5461DA893762800930530038DBF54
:1063D000DA8AE68422865D55E3F7A4FF83C50400CC
:1063E00085041B048600B395C500336ABA00E37ABE
:1063F000C5FA2126D5B7930640032320D9000945C5
:106400009D46E3F59CDEE3F386DEFD146134D5BFE3
:10641000DA8AE68461BFDA8AE68455B79376280083
:106420001306600269BDDA8AE684E3F9A4FFB38546
:106430005B4133069D4063F3C5002E8693950902A8
:10644000819163F3C5002E86A685568542FC32F8FD
:1064500097000000E78000BC42766278BB89C940A3
:10646000B294B29AE39D09F403264901058AE30038
:1064700006E261980124E3FB9C26E31504261374CD
:106480001800014AE315042E930620022320D900A8
:106490000145BDB7DA8AE68429BD85456312B61485
:1064A000130600122326C9021305F97F1306000202
:1064B000130389042328C90295451305955E42FC00
:1064C0001AF897000000E78060B8627842731306FC
:1064D000890DA1450503A30FB3FEE31DC3FE1306FB
:1064E0008914A5450503A30FB3FEE31DC3FE1306E0
:1064F00009169D450503A30FB3FEE31DC3FE130656
:106500008916A1450503A30FB3FEE31DC3FE0323B4
:106510008901634E035E130600048145A808C2E4A6
:106520001AF897000000E78060B242738565938592
:1065300005DA9318030293D80802338FB802056670
:106540001306068081459AE046FC13058F164A958E
:106550007AF897000000E78060AF427F130600489A
:1065600081451305FF7F130595164A959700000096
:10657000E780C0AD83278901427FE2781396070246
:106580007982130606024A968322C60006632668AD
:10659000B305E9012E85014F930E81056391E21742
:1065A000768502ED930E81099303410D01468142E8
:1065B000832F4500910E1105BB825F00BB8FCF007A
:1065C0001B961F0023A2CE00E394D3FF4165630A0C
:1065D000A62205466377562202909306300299BBA5
:1065E000814993950902819117160000130686567A
:1065F0002E96034606001B050600636CC4068545FF
:10660000BB95C500FD35B3F54501335ACA00139655
:1066100009020192099C172300001303A397131585
:1066200026000A061A961042130505024A952D9E69
:1066300050C585290946E37636FB0965130585B8FB
:106640001306001281454A9542F897000000E78042
:10665000E09F427881490326490363E5C9044D461A
:10666000232AC9026DB5937628002D4689B9DA8AA6
:10667000E684139609020192971500009385854DD3
:10668000B295E3F2A4FF03C6040085043316860026
:10669000336ACA0003C6050021241B050600E36215
:1066A000C4FEB1BF0946637E8602139509020191BB
:1066B000172600001306868C2A96034506000966F5
:1066C00093757A004A952A9675342304B6B8135AFE
:1066D0003A00852949B7937628003946CDB6DA8A3B
:1066E000E6848945E3F9A4FF03C604008504331654
:1066F00086002124336ACA00E3F685FE7DB703468F
:1067000085040505052F0A067696832F0600852F3A
:106710002320F60161B5DA8AE6847DBD03CE8504C7
:106720001B030E0063070E04930F810913162E003E
:106730007E96832F06009B821F00232056009A829C
:10674000014693F31F001B161600FD3233E6C3000B
:106750009BDF1F00E39702FE63E466041B1E9E009E
:10676000854F33EECE013B936F00930FF03F63FBF9
:10677000CF00852E8505E313DFFB0946639FC71411
:10678000814931A2931F060293DF0F02BA9F860F41
:10679000938F0F16CA9F2394CF013B06C300F1B716
:1067A000937FF63FC69F860FCA9F039E8F16631680
:1067B0000E002394AF162A8E79351B5696001B5671
:1067C0001600937F16003B0EFE41AD4F134EFEFFA9
:1067D000631AF3013A9E130E0E4B060E4A9E2314C3
:1067E000DE0141BF469E060E4A9E856FF29F039EC4
:1067F0008F9663160E002394AF962A8E79357D33DB
:106800007DBF02131306006D13530302B388C80241
:10681000814E7D55A9463307C302B1BF394663682F
:10682000860233069D40854563CAC5101376FA3F3C
:106830001306F67F1306166506064A9603138600AE
:106840006343030A1B56934069C66364C40C137602
:10685000FA3F1306F67F1306166506064A960316D8
:106860008600634D060E1B5596401376F61FBD45F8
:10687000B28D335AAA00099C63C5C51093950902CD
:106880008191CA950D662E962306B6938529032617
:10689000C90283250903B19DE3E2B9F86398351B6A
:1068A0008D659385C5920216CA95019213058904D8
:1068B00042FC2EF897F0FFFFE780C0750365C90220
:1068C000C27503660903AA951305F97F1305955E42
:1068D00097F0FFFFE78000746278032689017D3618
:1068E000232CC9002DB1A94563F585020565130563
:1068F00005253356BA001343F3FF058A1A962A96E4
:1069000006064A9603138600E35303F48525E31233
:10691000B4FE63FEA40103C604008504331686009A
:10692000336ACA0021243946E37286F00DB79376A4
:106930002800414669B2DA8AE684E1BF03C6140042
:106940009B05840089043316B60083C5E4FFB39524
:1069500085004D8E336ACA004124D5BD856829451E
:1069600093880825B355AA0085891346F6FF2E960D
:10697000469606064A96031686000525E34406FE5B
:10698000FDB5930506FF91E963990900C14D029099
:10699000C5464DB2DA8AE684DDBF41360216019261
:1069A000171700001307871B3297034C0700636219
:1069B00084091B850DFF0215019197150000938531
:1069C000651AAA95054603C305003B1686017D3668
:1069D000337646010D653B03C3001305C59213963C
:1069E000090201924A9532954146335A8A013B0485
:1069F00084418145639BCD001B86F9FF02160192FD
:106A00008D654A962E968345C6921316030201920F
:106A100042FC1AF897F0FFFFE78040634273627808
:106A2000BB896900ADB593762800494649B8DA8A32
:106A3000E684E3FAA4FF03C6040085043316860047
:106A4000336ACA002124A5B7DA8AE6840290D546C3
:106A5000D5B0B94563E38508854563D1C50603C64E
:106A600014009B05840089043316B60083C5E4FF37
:106A7000B39585004D8E336ACA004124B9A8A94553
:106A800063F185023356BA00058A098E1306F64A69
:106A900006064A9603158600635105048525E3130F
:106AA000B4FE63F5A40903C604008504331686000A
:106AB000336ACA0021243946636186021376FA3F9D
:106AC0000606130606164A9603158600E34905FADC
:106AD0001B56954079D6E366C4FC1376FA3F06064A
:106AE000130606164A968319860063C909049BD5C6
:106AF000994093F9F91F1306F00F335ABA000D9C11
:106B00006344360F63FC7A0523803A01850A0D43FE
:106B1000054EF54E33069D40E35DC3F233865B417F
:106B20006343CE043946E37C86F245BF9376280062
:106B30005D466FF0CFF8DA8AE684A5B7A9453356EB
:106B4000BA00058A330636411306F64A06064A9607
:106B5000831986008525E3C409FE71BFE14671B83B
:106B6000DA8AE68445B763E78E0203C6140083C55C
:106B70000400910422064D8E83C5E4FFC205D18D29
:106B800003C6F4FF62064D8E33168600336ACA00D0
:106B90001B0404021376FA3F0606130606164A96ED
:106BA00003158600634705149B5595401376051021
:106BB000AA89335ABA000D9C05EA1376FA3F0606F5
:106BC000130606164A96031F860063430F149B554F
:106BD0009F402380AA0013760F10335ABA000D9CF1
:106BE00063080614850AFA8993F9F91F1306001041
:106BF000E38CC9869B89F9EF821993D9090217178B
:106C000000001307A7354E97034C07008609171697
:106C100000001306A6304E968319060063000C028E
:106C20006363841305463B1686017D363376460141
:106C30003B048441335A8A01BB89C90039466367E2
:106C4000860233069D40854563C4C5161376FA3F18
:106C50001306067806064A9603158600634005105B
:106C60001B56954063000612636EC4101377FA3FFB
:106C70001307077806074A9703168700634A061426
:106C80009B5596401376F61F0216019217170000C7
:106C90001307C7263297034C0700335ABA000D9CDE
:106CA000060697150000938565212E96831D060024
:106CB00063000C026366841505463B1686017D362B
:106CC000337646013B048441335A8A01BB8DCD00A3
:106CD000E26713960D020192B387FA403EE063FF2C
:106CE000C712C267638C07120290930650026FF0BE
:106CF0006FE4A9453356BA00058A098E1306F64A91
:106D000006064A96031586008525E34505FE79BDEE
:106D1000A9453356BA00058A3306E6411306F64AFA
:106D200006064A96031F86008525E3440FFE55B5E7
:106D3000A380EA01890AF9BB9376280065466FF0C3
:106D40000FD8DA8AE684E3F9A4FF03C604008504B9
:106D500033168600336ACA002124D9B5A94563F3E6
:106D600085023356BA00058A098E1306F67F13068C
:106D7000063806064A9603158600E35905EE852572
:106D8000E311B4FE63FEA40103C6040085043316B8
:106D90008600336ACA0021243946E37986EAF9B5C8
:106DA0009376280069466FF08FD1DA8AE684D9BFDE
:106DB00003C714001B06840089043317C70003C6E9
:106DC000E4FF33168600518F336AEA00412479BD0F
:106DD000A9453357BA00058B118F1307F77F1307A7
:106DE000073806074A97031687008525E34306FE02
:106DF00061BD937628006D466FF06FCCDA8AE68429
:106E0000E3F9A4FF03C60400850433168600336A41
:106E1000CA00212445B5DA8AE684F9B58267D685A9
:106E20003386C740A2677D8EE2673E9663F3CA0051
:106E3000B285139509020191AA9563E0BB068945C5
:106E400063E43507E38509CC034506002380AA00E7
:106E50006396B90003461600A380CA001396090280
:106E60000192B29A6DB1930650036FF00FD9DA8A8E
:106E7000E684E3FA7AFF826713960D020192338665
:106E8000C740A267850A7D8EE2673E968267034609
:106E900006008507A38FCAFE3EE04E86FD59E30833
:106EA00006C69B09F6FFF1B7034506008D0A0D06DD
:106EB000A38EAAFE0345E6FFF539238FAAFE0345FC
:106EC000F6FFA38FAAFEADBF93762800DA8AE68488
:106ED0006FF08FB1E3FAACFF93841C002124DA8AAF
:106EE0006FF02FD9FD1461346FF0EFD8630904D827
:106EF00001A025C81D46637E860222869375FA0F7F
:106F00001B0486FF135A8A000326090185291B16D4
:106F100086004D8E2328C9000D46E37C36FD6FF0B8
:106F2000AFD693762800130690026FF04FB9DA8A35
:106F3000E684DD55E3F7A4FF03C604008504331699
:106F40008600336ACA001B068400E3F985FA21240F
:106F5000D5B7937628001306A0026FF04FB6DA8AF1
:106F6000E684E3F8A4FF83C50400850471BF81496A
:106F70000144C5BFDA8AE6846FF00FD1DA8AE6846D
:106F80006FF06FB083450700834817002107BB856A
:106F9000D501BB88B800AD9F8345A7FFBB8717010C
:106FA000834EF7FFBB8515018348B7FFAD9FBB88B4
:106FB000B8008345C7FFBB871701BB851501834810
:106FC000D7FFAD9FBB88B8008345E7FFBB8717019C
:106FD000BB851501AD9FBB8EBE00BB87D701B30536
:106FE000C701E3E1D5FA13D736000E073A9BDA88DA
:106FF000BA8563E8D502B385E64033B7E6007D176E
:107000006D8FB38ADA408566BBFECE023A9B9386CB
:10701000065BBBF7C7026FF04FA35A87330E63417D
:107020007DBF03CE080085058508BB0EDE01BB874A
:10703000D701C1B7C2678549638207986FF0CFA3B4
:10704000157156F562E966E5AE8A2A8CB28C8145E7
:10705000130600070808CAE15AF1368986EDA2E94D
:10706000A6E54EFD52F95EED82E882EC82F097F0E3
:10707000FFFFE780A0FD03BB0A00FD578193336744
:107080002B0163EAE70CC667666A867B89E797F798
:10709000FFFF938727C863160A0017FAFFFF130A3A
:1070A000CAC92D66130606B185455E858297AA84F6
:1070B000715451C1AD6923200500AA9905478D6718
:1070C00023A6E9B0AA97021723B0E7B03D4723A44F
:1070D000E7B023BC07AE931709028193021B3EE081
:1070E000135B0B0235483C006287E2860A86E68520
:1070F0005AE497F0FFFFE78080F623A6A9B0026B61
:107100002A84634805040DC1FD5723A6F9B06D54C8
:10711000A6855E85029AED576316F4000129012BBE
:10712000631B6901755401A883678100A6855E858C
:1071300023B0FA00029AEE6022854E64AE640E69B6
:10714000EA794A7AAA7A0A7BEA6B4A6CAA6C2D61C0
:107150008280755475BF79741304048FE9BF8D471D
:107160006304F50463C6A70205479797DCE093879D
:107170006751630DE50009479797DCE093878757D0
:107180006316E5009797DCE09387C7483E858280C9
:1071900011479797DCE09387E755E319E5FE97974A
:1071A000DCE093872739DDB79797DCE09387873F4B
:1071B000F1BF797106F422F026EC97F0FFFFE7802B
:1071C00080B9B7A7080037070837938707081CC797
:1071D000B7270020054723ACE708B7273F003777DC
:1071E0000020938707F01CC737250020B7870020B1
:1071F0001307F04723AEE7C071469795DCE093850F
:10720000E5061305052097100000E780408C372520
:10721000002071469795DCE09385450313054523CF
:1072200097100000E780A08A37250020130600038E
:107230009795DCE0938585FE1305452597100000A2
:10724000E780E0883717080037340020130404185B
:1072500013077790B717040078C09387D7A03CC472
:1072600078C03CC48567938707F05CDC97F0FFFF2C
:10727000E780C0AC8567938707805CDC97F0FFFFF1
:10728000E780C0AB8967938707805CDC97F0FFFFDE
:10729000E780C0AA9167938707805CDCB944171424
:1072A00000001304E4999797DCE083A7670263EB7F
:1072B000F4069797DCE083E7A7018A07A2979C432F
:1072C000A297828705479797DCE023ADE7D2B7877F
:1072D0000020938707C09306101094C3B7F6800868
:1072E00098C39386F62FD4C3B776F0379386067784
:1072F000D4C794CB89669386860CD4CBB75600F05E
:107300009386C60C94CFB70600FFD4D3B70614807B
:107310009386161094C7B707403E98C39797DCE052
:1073200023A8E7FA9797DCE083A7C7CDADFF97972F
:10733000DCE09387E7E81797DCE0130767E89796A8
:10734000DCE09386E6E7639CE7320D47B707013E32
:1073500098C3B717003E98C33707000113076703A8
:10736000D8C31307005098C7370700011307071049
:1073700098CB3707004B13070730D8CB05671307A7
:10738000070298CF23A6070023A2070223A407021F
:1073900013070006D8D7054798DB11670D0798D368
:1073A000B727003E1307501598C70D67130707C38B
:1073B000B706203E98CA13078020D8C323AA070027
:1073C00023AC070023AE070002C41307700CA247CA
:1073D000637AF72AB707000193877703B716003E51
:1073E000DCC2B7070001FD173EC237060002D842D3
:1073F000718F630D072837070540B7270020150751
:1074000023ACE70A0F00F00F02C603A7870B137720
:107410000704630607281307400298C7B727003EF2
:107420000D47D8C797F0FFFFE780E092A270027483
:10743000E2640145456182809797DCE083A707E914
:1074400085271797DCE02323F7E8B787002083A779
:1074500007C293F70704E38707EC9797DCE023A7BD
:1074600007E689471797DCE02324F7E665BD979781
:10747000DCE083A7A7E5394785276367F7001797FF
:10748000DCE02325F7E479BD9797DCE023A007E44F
:107490008D47C9BFB737002023A007103707103E1C
:1074A00085471CC3370750361CC3370751361CC3EA
:1074B0009306F04737870020232ED7C09306F007A6
:1074C000232ED7C03707803E1CC3232007009147D7
:1074D00051BFB787002083A707C2139717039547AB
:1074E000E34207F881B537870020832707C2B70634
:1074F0000040D58F2320F7C23707803E5C4391665A
:10750000D58F5CC39947B9BF85473707203E1CC359
:107510003707083E1CC39797DCE023A907DA9D478D
:1075200091B7B787002083A787C093F70708E38B3D
:1075300007DEA14705BFB787002083A747C1139780
:107540008702A547E34007F2F1BB414597F0FFFFF3
:10755000E7804082454597F0FFFFE780A081B707AD
:10756000112094470567130707C0D98E94C7B72722
:1075700011209447558F98C7A947EDB5B7870020CC
:1075800003A747C183A687C263D50602054797961E
:10759000DCE023ABE6D2370700DB23A2E7C2377774
:1075A000F0B71307077723A6E7C023A8E7C0AD47C6
:1075B00055BD1B5707011377F707B14663EEE60089
:1075C00009479796DCE023A1E6D0370700DB23A22A
:1075D000E7C23777B0B7F1B70D479796DCE023A540
:1075E000E6CE370700FF23A2E7C23777D0B755BFF3
:1075F0009967378700209387F707232EF7C09307F3
:10760000F007232EF7C01797DCE00327E7CB854769
:10761000631CF7049797DCE023AA07CAB14799B522
:107620009797DCE083A787CA056779178527E378F2
:10763000F7E49797DCE023AB07C8B54725B5B787D4
:107640000020938707C09857370700FFD8D33777B4
:10765000D0B713070777D8C798CB19671307F70771
:10766000D8CF1307F007D8CFB947EDBB9797DCE029
:1076700023AA079845B91043110790C39107E3EC7B
:10768000D7FEE1B1A24785273EC491B3124709C78F
:1076900012477D373AC2A1BB3EC2029089BB324736
:1076A00005273AC69DB39797DCE09387A70463113B
:1076B000F514B70700201CE19797DCE083C787C06B
:1076C000F99B1797DCE0230FF7BE1C6123820700AC
:1076D0001C612384070018618347870093E7270014
:1076E0002304F70018618347870093E747002304CA
:1076F000F70018618347870093E717002304F7001A
:1077000018618347070193F7F70E2308F700186104
:107710008347070193F7F70D2308F70018618347A4
:10772000470393F7D70F230AF702186183474703EC
:1077300093F7E70F230AF70218618347870393F74C
:10774000D70F230CF70218618347070393F7F70D50
:107750002308F70218618347070393F7F70B230801
:10776000F70218618347070393F7F7072308F70227
:1077700018618347870393F7770F230CF7021C6187
:1077800037978647130707C0238207041C612384A9
:1077900007041C61238607049397050281933357DE
:1077A000F7020CC5C1679B56770063F1F616854753
:1077B00003380500B68863E0D71C8347C80093E709
:1077C00007F82306F8001C61238207001C61238050
:1077D000D70018618347C70093F7F7072306F70020
:1077E00018618347070393F7F7072308F70205A2F9
:1077F0009797DCE0938707E9631BF500B707102034
:107800001CE19797DCE083C7E7ABF59B5DBD9797DD
:10781000DCE0938727E0631BF500B72710201CE10D
:107820009797DCE083C707AAED9B61BD9797DCE0E3
:10783000938747D7631BF500B74710201CE1979744
:10784000DCE083C727A8DD9BADBD9797DCE093877D
:1078500067CE631BF500B76710201CE19797DCE04B
:1078600083C747A6BD9BB1BD9797DCE0938787C5CB
:10787000631CF500B70700281CE19797DCE083C77D
:1078800067A493E7170035BD9797DCE0938787BC23
:10789000631CF500B70710281CE19797DCE083C74D
:1078A00067A293E7270031BD9797DCE0938787B302
:1078B000631CF500B72710281CE19797DCE083C70D
:1078C00067A093E74700F5BB9797DCE0938787AA0B
:1078D000631CF500B74710281CE19797DCE083C7CD
:1078E000679E93E78700F1BB9797DCE0938787A1BA
:1078F000631CF5003767102898E39797DCE083C78F
:10790000679C93E7070175BB0290C1B302901C61AD
:107910002386C70018610CC52306C500233805005F
:10792000233C0500233005022334050223380502D9
:10793000233C0502233005042334050423380504C1
:10794000233C050423300506A306050083470703EF
:1079500093F7770F2308F70218618347470393F7DC
:10796000B70F230AF70218618347870393F7E70FDE
:10797000230CF70282801B9366009B571700BB877E
:1079800067409B9676001B931700959F8346C8001F
:10799000B99F3D8393E606F82306D8001461BB87A0
:1079A00067402382E600186123001701146103C7B2
:1079B000C6001377F7072386E600146103C70603A2
:1079C000136707F82388E6021307F00F6373F700C5
:1079D00002901861230EF7021DBF91C503C7050071
:1079E000814701E782800290828003380500834648
:1079F00048010346D500558EA306C50093F606023E
:107A0000FDD69B860701106185272300E6001397AA
:107A1000070201932E970347070001C7E395F6FE7F
:107A2000E9B782801C6103C747018347D500D98F1E
:107A3000A306F50013750706828000000000000011
:107A40002A83B682054323A06200014323A2620079
:107A5000328323B462002A8323B862002E8323BCBE
:107A600062001B03F00F620323A262000D4323A0F8
:107A700062000F00F00F8280AA8203A3020013733A
:107A80002300E31C03FE23A0020082802A83AE832E
:107A900011C6230073007D16050365FE82802A83CC
:107AA00009CA83830500230073007D16050385053D
:107AB0006DFA82802A8309CA83930500231073001C
:107AC0007916090389056DFA82802A8309CA83A37E
:107AD0000500232073007116110391056DFA828051
:107AE0002A8309CA83B3050023307300611621037A
:107AF000A1056DFA82802A83AE832A8E233003008B
:107B0000833E030013030304E34A73FE37030102B9
:107B10002330C321130E0E04E34C7EFE82802A83A1
:107B2000F32340F1854EB39E7E00B3FE6E00638763
:107B30000E00F96273A00230638203008280F96252
:107B400073B00230828013000000000000000000CB
:107B5000050504000000000002030700000000000B
:107B600003030B00B2E5FFFF0CE6FFFF0EE7FFFF8C
:107B700060E7FFFF18F4FFFF66E7FFFFE4E7FFFFA2
:107B800012E8FFFF18F4FFFFB2E8FFFF30E9FFFF44
:107B90000AEBFFFF18F4FFFF18F4FFFF7AEBFFFF7B
:107BA00018F4FFFFD2EDFFFF30EEFFFFCAEEFFFF3C
:107BB00018F4FFFF18F4FFFFE4EEFFFF18F4FFFFD7
:107BC000D2EFFFFFFCEFFFFFDEF1FFFF46F2FFFF0A
:107BD00098F2FFFF18F4FFFF18F4FFFF18F4FFFFFF
:107BE00018F4FFFF70F3FFFF18F4FFFF10F4FFFF1E
:107BF000B2EBFFFF12E7FFFFB2F2FFFFC2E8FFFFA9
:107C000032E8FFFF18F4FFFFCAF3FFFFFAF3FFFFAC
:107C100018F4FFFF18F4FFFF18F4FFFF18F4FFFF3C
:107C200018F4FFFF18F4FFFF18F4FFFF18F4FFFF2C
:107C30006CE8FFFFACE8FFFF0AF3FFFF88F6FFFFE9
:107C4000FCF7FFFF32F8FFFF58F8FFFF96F8FFFF41
:107C5000AAF8FFFFCCF8FFFFE6F8FFFFFAF8FFFFF6
:107C60000EF9FFFF40F9FFFFB4F9FFFFE4F9FFFF52
:107C700002FAFFFF30FAFFFF0000000000000000E2
:107C800001000000200000000100000000000000D2
:107C900002000000400000000200000000000000A0
:107CA000040000008000000003000000000000004D
:107CB00008000000000100000400000000000000B7
:107CC000100000000002000005000000000000009D
:107CD000200000000000000006000000000000007E
:107CE000400000000000000007000000000000004D
:107CF00080000000000000000800000000000000FC
:107D00000001000000000000090000000000000069
:107D100000020000000000000A0000000000000057
:107D200000040000000400000B0000000000000040
:107D300000080000000800000C0000000000000027
:107D400000100000001000000D0000000000000006
:107D500000200000002000000E00000000000000D5
:107D600000400000004000000F0000000000000084
:107D700000800000008000001000000000000000F3
:107D800000000100020000001100000000000000DF
:107D900000000200040000001200000000000000CB
:107DA00000000400100000001300000000000000AC
:107DB0000000080000001000140000000000000097
:107DC000000010000000200015000000000000006E
:107DD000000020000000400016000000000000002D
:107DE0000000400000000400170000000000000038
:107DF00000008000000000001800000000000000EB
:107E00000000000100000010190000000000000048
:107E100000000002000001001A0000000000000045
:107E200000000004000008001B000000000000002B
:107E300000000008000000101C000000000000000E
:107E400000000040080000001D00000000000000CD
:107E500000000040080000001E00000000000000BC
:107E600000000040080000001F00000000000000AB
:107E70000000008000000020200000000100000041
:107E800001000000000000012100000001000000CE
:107E900002000000000000022200000001000000BB
:107EA00004000000000000042300000001000000A6
:107EB00008000000000000080100020003000400A8
:107EC0000500070009000D00110019002100310014
:107ED000410061008100C100010181010102010333
:107EE000010401060108010C0110011801200130F4
:107EF00001400160000000000000000001010202DA
:107F000003030404050506060707080809090A0A09
:107F10000B0B0C0C0D0D0000030004000500060007
:107F20000700080009000A000B000D000F001100F7
:107F3000130017001B001F0023002B0033003B0021
:107F400043005300630073008300A300C300E300F9
:107F5000020100000000000000000000000000001E
:107F600001010101020202020303030304040404E9
:107F7000050505050000000010111200080709069C
:107F80000A050B040C030D020E010F000000000097
:107F900001010000010000000400000000000000DA
:107FA000000001C0BEEEFFC000400208000000005B
:107FB000040000001400000003000000474E5500BC
:107FC00057069E6CF5EB08DC4F9404CFDBD44BD9FD
:107FD000C24C1399000000000000000000000000E7
:107FE0000000000000000000000000000000000091
:107FF0000000000000000000000000000000000081
:108000000100000000000000004001080000000026
:108010000000000000000000000000000000000060
:108020000000000000000000000000000000000050
:108030000000000000000000000000000000000040
:108040001B5B324A1B5B481B5B306D0D0A48535368
:108050003A206465636F6D7072657373696E672033
:1080600066726F6D20654E564D20746F204C322025
:1080700053637261746368202E2E2E2000005061BD
:10808000737365640D0A004661696C65640D0A00CE
:10809000004853533A20654E564D20696D6167651F
:1080A000206F726967696E616C496D6167654C65C7
:1080B0006E2065786365656473204C32207363724B
:1080C00061746368706164202D2068616C74696EEE
:1080D000670D0A00004853533A206465636F6D7062
:1080E00072657373696F6E206661696C6564202DBB
:1080F0002068616C74696E670D0A00000000000062
:10810000000000000000000000000000000000006F
:10811000000000000000000000000000000000005F
:10812000000000000000000000000000000000004F
:10813000000000000000000000000000000000003F
:10814000000000000000000000000000000000002F
:10815000000000000000000029082908290829085B
:108160002908290829082908290829082908290887
:108170002908290829082908290829082908290877
:108180002908290829082908300930093009300947
:108190003009300928092809300930093009300927
:1081A0003009300900000000DD0F00000000000071
:1081B00000000000444444444444CC88333377F7FF
:1081C0001D00000000000000000000000000000092
:00000001FF
