:020000042022B8
:100000006F000010104E010000012220000122208C
:100010000001222000012220000122200000000017
:1000200000000000000000000000000000000000D0
:1000300000000000000000000000000000000000C0
:1000400000000000000000000000000000000000B0
:1000500000000000000000000000000000000000A0
:100060000000000000000000000000000000000090
:100070000000000000000000000000000000000080
:100080000000000000000000000000000000000070
:100090000000000000000000000000000000000060
:1000A0000000000000000000000000000000000050
:1000B0000000000000000000000000000000000040
:1000C0000000000000000000000000000000000030
:1000D000FFFFFFFF424F4F54204D4F44452031203A
:1000E00044554D4D5920534249430000FFFFFFFF47
:1000F0000000000000000000000000000000000000
:10010000970200009382822E7390523081400F102C
:100110000000814101410142814201438143014488
:10012000814481460147814701488148014981490D
:10013000014A814A014B814B014C814C014D814D5B
:10014000014E814E014F814F735000340145970598
:10015000DEE09385250C88E1174CDEDF130C8CEA7A
:10016000732540F11702DEE71302C2E91302F2031E
:10017000137202FC85453306AC0232921741DEDF72
:10018000130141E81291731040307310403401C9DB
:100190009705DEE09385050888617DD911A4970055
:1001A0000000E780603397000000E780C03105451C
:1001B00097000000E780003497300100E78020A618
:1001C00097000000E780602E97000000E780A024E1
:1001D00097300100E780E09D97400100E78040D321
:1001E0001705DEE013050551F1659B8505200D46D9
:1001F0001705DEE01305054997400100E780002060
:100200001705DEE01305054197400100E780001F58
:100210001705DEE01305053997400100E780001E51
:100220001705DEE01305053197400100E780001D4A
:100230001705DEE01305054C97400100E780001C20
:100240001B05000097400100E78040C79705DEE0EE
:10025000938545EB97400100E780804D170500002E
:100260001305452C4C410946638DC5061B0500004E
:1002700097400100E78080C49705DEE09385F5ECA8
:1002800097400100E780C04A1B050000974001002D
:10029000E780C0C29705DEE0938515F09740010026
:1002A000E7800049D5B71B05000097400100E780B3
:1002B000E0C09705DEE0938555E997400100E780AF
:1002C000204701A01B05000097400100E78000BF08
:1002D0009705DEE0938575E797400100E78040458C
:1002E00001A0147110652A9608759702E6E99382B9
:1002F00062D11703DEE91303E3D0B3826240E3E483
:10030000A2FA9705DEE09385E5EF88E11705DEE9BF
:10031000130545CF97400100E78060A845F509A087
:1003200097200100E780C07E8545630AB502170566
:10033000DEE01305253C9705DEE0938515E1974047
:100340000100E780E03E1705DEE01305A53A97407F
:100350000100E78080421375050475D501A01B05D7
:10036000000097400100E78060B59705DEE09385C7
:1003700045DD97400100E780A03B1B05000097404A
:100380000100E780A0B397400100E780003F1375AC
:10039000050465D505459705DEE09385A5E788E169
:1003A0000F100000010001009700DEE9E78080C522
:1003B0001705DEE9130505C57310153473104030B9
:1003C000732500301375F5F7F9759B85F57F6D8DF5
:1003D00089659B8505804D8D73100530732540F12F
:1003E000814573002030010001A0130000000000CF
:1003F0006306B500233005002105DDBF82806389D7
:10040000A5006387C500146194E12105A105D5BF4E
:100410008280411106E4175501001305A592970546
:10042000DEE0938525BE1706DEE01306A6BE970024
:100430000000E78000FD175501001305A5949705FE
:10044000DEE0938525CC1706DEE01306A6E49700D0
:100450000000E78000FB1705DEE01305A5E6970521
:10046000DEE0938525E897000000E780A0F81705F7
:10047000DEE0130525E99705DEE09385A56EA26011
:100480004101170300006700E3F68147630CF600A3
:100490003387F500834607003307F50085072300FF
:1004A000D700EDB78280611106C097200100E78078
:1004B000A07682402101AA871707DEE9130787B4D7
:1004C00015A01707DEE71307E7B39707FCE7938745
:1004D00067B309A81707DEE01307C7B29727DEE066
:1004E000938747B2233007002107E34DF7FE828050
:1004F0004605B707000A3E956301F50294639387AA
:100500000704E39DA7FEB707000AB706010223B060
:10051000F62093870704E39CA7FE82801300000067
:1005200055838BC002000000700000000000000036
:100530002E6D2585D97A17F5FCF6AFFA000000007C
:10054000D724010000000000C05402000000000099
:10055000000000000000000000000000000000009B
:10056000000000000000000000000000000000008B
:10057000000000000000000000000000000000007B
:10058000000000000000000000000000000000006B
:1005900078DAACBD7D5854D51630BECF993967187E
:1005A000020507183FB0904FE576BD24202ACA0BFC
:1005B000CA3042C6356F40FA56173D7CF859EA48B2
:1005C000A6C58D8F398C839AE8800389859498DC41
:1005D0009B17229DB20C4C91B432EBA66637BBC878
:1005E000F0A18686C18818C8BBF639FBCC20C4F3BD
:1005F000FCFEF8F93C2EE69CBDCEDA7BAFB3D6DA32
:100600006BAFBDF63E66849029072133FCEDC8C967
:10061000F156375148A530FC277F8D82512F427704
:10062000552E8B1EE802A2EFA857C8908ACEBBA316
:10063000A27F93A936D2FDBC2694FD17CD2DCD52B5
:10064000CED8A38E013CEAE4EFE376AB691AB07C26
:10065000B5FC026A81CE2D3A04FE8789F75A347CB4
:10066000669DE1101DB547E74687618AAE8D6A0534
:1006700082BA9A18B1EE0A996E311A3F254EE716E2
:1006800007CFB121BF46D7A6EAD062375B3DC1F3A1
:1006900012F17C28C00961435E8A9EF2AACE2D2504
:1006A000A43B687188D5BBF7415E8E0ACAC527286E
:1006B000A41B4787F9852D9177FBA210D3771F20C4
:1006C000D36F3390E9F3198833D0A88E863E5279E0
:1006D000B7A75588BF726F7B5DCF9F9127F7EAC19F
:1006E0004F75FBBA8579B5E0E7BCDAE99B6CEB980E
:1006F000CE715D13EF3DDA5FD95CD55A7DFD48E7D9
:10070000075DC77A8EDFFBAC7FFEB5B8B6841B8968
:10071000B796DC49B62DEB7B61A0E55A7BDBCD1BA0
:10072000B76FFD76E7AEED7EDF83015D804F181574
:10073000C0691964F6A170FF3E55DE086528D41D16
:1007400080C2CC17849E3CA84C6D594E6F9CAF6BF9
:10075000D1B169556971E9EDE9ECCB552FC76D6EE3
:10076000DFECBCB27A65C2AA9BAB9CB7566F4D78E2
:10077000F5E6AB63D61E599BB8EEF6BA31FF38F2F8
:100780008FC4D76FBFBE6785AE685CD80700E9909D
:10079000CA8DF397EB904F08EEFF5837847263A829
:1007A000186A7EEE7C6A41EE022A363736378ED2E0
:1007B000E66AA985B90BA9F8DC782A2137817A3253
:1007C000F7496A51EE22EAA9DCA7A8C4DC44EAAFE3
:1007D000B97F05EE87E5E588FCE3D8A3C82F8441FF
:1007E0005398ABF579399CF120F0AD11792C2FBEDF
:1007F000368539C05C847B31EE6CABDA06DC633461
:100800008BCCF0D7C4373EA9BE0BD76CDC62F13D70
:10081000A10152BE84943FAD66695C1E40CA7F57F9
:1008200027D1B8DCDF0C7FA13C86C8C13DF17EE357
:100830007C73BA0CEE6BBEA84C8DA1D4328432917D
:10084000F5AE3908F59A0C8A1235FC05392DE6DE2D
:10085000E840E640B85770C6C46DBB8CDC16149DEA
:10086000DAAD7057583B2F8344A859901C36F03BA3
:1008700090A0072AC5A16F39793B6D56383D3019D4
:100880003A2E28DF83BB40437B41A4D9B4CB2F440D
:1008900081A628AC4F49B244FED1D20F37F1CFCB5D
:1008A0001834C869E761F773F05FE831865A0BB313
:1008B0009E52B10D634AE254E315B429652175C413
:1008C000EC57A3A0FD3E54A0A25F9820ABE7E5073C
:1008D000BCD6FB645E4E5E8EA509D1F916C3A0B7E7
:1008E0002D2F676E96AC4381CC97812386A0E7C6F7
:1008F000288E9B196DA9752C5ACCE4E5982FC1DD83
:100900008233CB8A32C6A20AE7D2D51896BF88E1D5
:100910008E8D18864634A3BA990D286B575D4417FF
:10092000EADB55F6E5EEB3BC56DD4123BFD0DE3C35
:100930004CE3805023A69E6FD1BE8E9F293B651449
:10094000EEE136C8701BB226EFB2A81740ED112DAC
:10095000C7142643EFEB5C4F07DA29E018ED4F9BF5
:100960000C995B4BD7E0E7277C59FA92F0B7A97C4A
:10097000B3484FEC95770C1FE47DF28056DD4B2198
:10098000BFB9BDC1B89FAA141EA936F78EDDA7E670
:10099000A9F98A2BBB26A5F0544CAE2ACB36F6CA51
:1009A0002E5FE6F99D54405E4E3EE88B4CEB89F697
:1009B000990DD424B582BAB24BA60D47324D000230
:1009C0007C4F1E8958A6CD59E8DB8E1877DF66B6B6
:1009D00035582FCA4D43BF4531E682C970F93637C5
:1009E000C1265731B194783FFA77467B2585DB7A6B
:1009F0008856317A720FDDD7E07BA9F85E2CB17D85
:100A00000DF722142847A5ED18AC3670BA43E85A02
:100A10004A652A9D16C5C7507939118ADFFEA25250
:100A200004B95F4DB17AB53D806768622F6D6D295D
:100A3000CF0F5CAB3F9A12C5E7E56CD910D859AD22
:100A40009FC2245C4F6C9D6E647B7CBB96347F6040
:100A500014319B7F8B540450DCCA43ECBE943EEAB5
:100A60006047A473045CDD9407EB55BCD4828AAE66
:100A70005C2DF7A2460677483B737E3DA9E5BA0E8A
:100A8000D19F28675350D63C0D9791BA1B6EC19DDC
:100A9000CC708AF6A08A128AEB0C7A54B99EDED406
:100AA00092367F55E52A7A7514AF599E9793ABB568
:100AB00059666F48E85A727D5933DBEF7B2FB027B8
:100AC000B133B9F55ACA8C42EFCFDDE382B74F2775
:100AD000AD6BE8F1FCDA89E81F6ABF98B28F8947ED
:100AE0007E3EF7D114ED3E856DB05A3F5DCFBDD847
:100AF0008B54662CC91D943A138F114DEB8F9BCBF1
:100B0000171C37E7190EC6B6AC9FBF89DED2B26A92
:100B1000FEEACAD5F49A40BE72D314A89D89ABE40C
:100B200097F1A46FB7575DC5EF96F1BFD51BC9FA12
:100B3000C79CB397A05BCBBF75F5DF50EAE753883E
:100B4000D2EBDDE3A4FB39BF682E3AC5EC539E958A
:100B5000C6A69FAA0B23E5E1948A799270A7E2EAE0
:100B60007EADF57ECAEFAA70864ABA58D7D787AC51
:100B7000F9CAFBEEFE1A0B7E9394BBAB82ED9C7E12
:100B8000A6AEB70D199B3624B5A432982301EB0904
:100B9000BDE6DBBCD6EA697B304373F5FF1BFE2F55
:100BA0003BEDF8B337605EB2FDD57AD7D8F54E810C
:100BB000FCF456D2A21B95E99C924707B5BF69B8D1
:100BC0004936C49D62D0C524CC9DCA4DD379CC93FF
:100BD000DD5AAB93AD7F20C96611A52586C152C2EF
:100BE000F60832A39F51487872C1A4584F733D87CD
:100BF000D860A38AD74BF271BEDA18C9F8534C2CCF
:100C000077FB30ADE24F93FB3E5F07C3FD3914C75E
:100C1000E1BB7679FE12CB969C484BF3B948E5616F
:100C2000141AE64F55AEF7E51D7282A58489B559B1
:100C30002877DFEB6C67A05D9BA2CF7131CC102DC4
:100C40006A3E53AD3FA9599AC4DD2DA187C87F6381
:100C500070C1498D2F7963D1DDD4AD462DC7F72002
:100C60008B02B93FF7454BEAFCB4CA34CCC5A79315
:100C70002ED6ABD40C4D99AA0D9486EAC835A91886
:100C800044833CC9624C13AC310127F355BDBD63AD
:100C90002758A7041CC0BFD004AB7BC06EF8150159
:100CA000BF9401C67C7EFB6E2B037AEF91EEBD9C58
:100CB000D1AA0AEE0ED6A97BD1B6F40FCC45CB4310
:100CC000D54D60E36D8333CCA1C7DA51DDB12A6421
:100CD0003AE685EEBC111A6E437511BD286BA7C9A3
:100CE000A246D93BF372701F035BD9CE60FD11D2CF
:100CF000CBD4DFA91B957CA02471F7DD1B9D5696F4
:100D0000AF9CBC5315EE891CADD705A1301EB4CFE6
:100D1000223727630B1CF859F98AE366D97B5A04FA
:100D20001AF82CA2BA835243A833BAC0D4D43BBB1E
:100D30008C378A57CC343FBB80FBBFCD481794EA31
:100D4000D6B72BF4E221C418F3720652AED6E76A86
:100D5000BFAE37A760EBDBF129A5D9DD54AAA39A72
:100D6000B66D0E0DAF40504B6A0C8CBF62A9E2B35A
:100D70009D60DDCC1914B6F773D5678471B5C0C416
:100D8000A0C7D4E9784C65E6B1ADE668EC553447C8
:100D900017EB66651D337BFF02A31D3C2B8BD01E1A
:100DA00077B53FCBCE561FC3CF166C35316ED3C44B
:100DB0006735B3A5677DE68565A9D89C71E5F3071E
:100DC00022F2D4B9A63A43131D65F6DE5C76CAEF6B
:100DD000084BE7E5B86BB9970FD112ADB85922AD02
:100DE00033C126A6991169F1B3245AA9B3F09B2DFA
:100DF0006BC263B72C9CFFF7078AA812E873B8C9C7
:100E00000C6FDDDD74B18312791F2A3F8AA6C69E5E
:100E10008CE51425C8DC2C4856A9FF6907AF45CDE1
:100E20004AE84AEC5C721DEB97FA63A84769FC87B5
:100E3000F92CB4C1A8CC63626312F2038C689FC121
:100E40003698A7EECB075F405E65DEA6E5C66A284A
:100E5000D042816285B1323D58EFDE28BD57742FF4
:100E60004669F59A3D203B2C979D8CE7E8D9B20462
:100E70005EC44486553B549B7AC6525FD8EF14F942
:100E8000BD17266B011DC13A2BDA34ACB773B3B66C
:100E9000FD5DBD80C23EC8C6B959BC66DB02F57FA8
:100EA000B047C22D9BBD41B4AC629B935BCD2FC0BC
:100EB0001B3C72FB6D5D60F41D2AF0039E5A48696D
:100EC000458FE6E051952CC7C9FDAF9E891CDDC456
:100ED0007E72F936E2B71FFEE68881DBD444FA93CE
:100EE0006B321518FE5CC856EFCD7FAF0078DE344C
:100EF0005DF8FDEF02C4191F93F9BDEB45D51564EC
:100F0000D2D8932377F3C722662A3F15DE346D2D9E
:100F1000BD3E5867C8A4ABCD7EEF2A94CC4226686C
:100F20007780D5BBA9AFDB3FFA0EF788933CD73F5C
:100F3000D048C5AA97414B9C9DDF3739E73895C407
:100F400073DBF5F439A8BF18ED53F40D8A32902203
:100F5000FBCE9C7FC8E064FCE67DACD982A78A16F4
:100F60001DB6FF8E7E92F1779F6655850D88764D72
:100F7000B2FB984BA26711D4873D819D4D787CCE02
:100F8000D506EBC1FB8CA3E21A358C06A445A0D193
:100F9000100C5E42031E5FF1E82A7A93BECD3A68D8
:100FA00029A311E5094D56A9E5602FB03E980C869E
:100FB0001DA06F4D0AF4F42F8CD62FA70381AF3AF2
:100FC00047B7D8678E498194F8FD85CA7B68B38599
:100FD000C27E89BAD25CBA46E7A6882C7D49E7A6CC
:100FE0008E2CD5E9DC82224B37EBDC22224B61BE12
:100FF000A08D2C7D1D660D911F713AB7CCC88F3224
:10100000756E9B233F027C43E447806F8EFC08F0A3
:101010000F457E04F896C88F00BF29F223C0BF1C7D
:10102000F903E07744FE00F8BD91E59CAE4831C776
:1010300012847CFC2A144EB8178C06F7C3F5A4D88A
:101040000F9F78738D20871E95A9A1E13CA2D354F0
:101050001A4F8431184D5E4EF806DF1B09D77EEE1D
:101060006C6F656F05B69DEFFFEEDEA59E1FBB5A48
:10107000AEDF6C7EB13FD838A36766EBF1ED9FED34
:101080002056D714ACE7E21979359F4064B9A1D452
:10109000A430A2A8EB26C55914D5695228698BEB58
:1010A000980B112EBFFD25AAD9A488A782F5A69D6D
:1010B000576FAB5C1E778FEA8A798A7B528E2AED56
:1010C000CFA23DDCB30C7AEA19CEF0C818BF8AED86
:1010D000E86AC5FC7473D7E02094AC324D6068D3E5
:1010E00015255D5976AE8CE31F71911D8C47A42C9C
:1010F000DDAFE29F086808570D2B83B773B18C935F
:10110000ECA0512AE7820B57103A39699FC8AB11FE
:10111000D793A6887C645FB469E22374026FFAD126
:1011200099164B2B5670DE47159CC6594E6711FC1D
:10113000E5DCC6F7699A3C5D91CA6DAEA62381993C
:10114000D5859CEE9FE8C7C2BC89F869550948C29D
:10115000EE8492EA37AB0D580A9EF8925758CB535B
:10116000061D3D4BD507EBAD1AE637079FA20B8254
:10117000F54A8BB544D9931BBFBBC23A891FB02E29
:1011800075EEA7D3239DA363484F965A533503D6D4
:101190008DAB7FFFAE704BBD6FA6F16D6B69C7FD68
:1011A000A48BBE199559E606613C38BB7480D3BB4D
:1011B00020BF8A1DE8666A425A759AF3AAB8AD55EF
:1011C0005BD957DBD7C4ADAD5ACBAE6BC94EE4DBB0
:1011D000B7B82EC7BEDF6BC8B72BB093EDA9266397
:1011E0004BF3B560FDE446C19713EB5B7242CBB5A0
:1011F0001DA23FD0D62AF66FE74F2D8C26FCFBEBC5
:101200007E2DD77708C5C8A591198FC94FC8BFAE25
:10121000E716B0CEB3370402C527186C6312BA665E
:10122000E8A71BB1953966043B233C9DFA5470A195
:1012300030CA8BFC5C54A7288BAE344732D528D4F7
:101240006280D94019324D64E8A45D988F4FFCCA82
:10125000DDBA2F8F341C467752B835063AB2D01813
:101260001DE95C8D049F417C7EA12D053C50AA8E1A
:1012700031A2D0826728D7374299D994C80DF4613A
:10128000AEF6618D8F123C9A3B82EF7B27E5227888
:1012900034980309D7D99E60FD8CD663840FA827A4
:1012A000D838F9866F06F61A7697933ECF0FD82F67
:1012B000FEF2F93F0B2FA898D352FDD1D2FD8A79C7
:1012C0000B4F8BFE6C023F7F95461819D87E99858F
:1012D000710BBE3E9D9FD35CC82BB5735AE94EBAC5
:1012E0008BEE11DB57D1D5B21EB7C712918FB0AFBD
:1012F00051A9A04C27141CDB8BC4B923D73F1685FA
:10130000C8F281028CBC0ABF1A9B1BCC23145D322D
:10131000EE7693B309A6A6B337A87EB84C117B33FB
:10132000ED619BFEB959F6B102718F28593C9E3987
:10133000F0149B3E37E770B3BFCA8F50D2E678B047
:101340007D1FAF8AF8403FBDB0BAF08095D7261612
:10135000D799CDE8DF113D7163911B65D662DB98AB
:101360001971D83A4123DA87D48BF911469A3F355F
:101370007F53CB7A89ABC9BC60490DD30B2AF93CAA
:10138000B3F505E6FE482B5BAEBBFABF25509A5E6F
:101390002F5A140AFE9B7B07B3A0DDD6DC386E8D76
:1013A0000DA97B07076511873C8E9BEB2C87C01F1F
:1013B0005223281F04BFC283D20E295789E52AF081
:1013C0008F42DBDA11F64EB9BB8E113FF06371C468
:1013D0000F7CDFC45C908B237EFAC7D2881FFDB1DF
:1013E00048B369ACF9EEE020F829FF55430FFDA2A0
:1013F0007AA763EEAB92B454B559A9FDE8175C1710
:10140000CCBD5F2D1D2CB6AA2D78E670E8FDD2DF8D
:10141000456E28FEACEEC077B45ACF5DD5E6D20E4D
:10142000F16ED09F8CBF88D65C7148A01982E78F7F
:1014300094FB4AC476FA5E17479054EF19B110D363
:1014400080918589CBB58F4D3E304B9AD0661FA9D0
:10145000540329D8B388E2B167F1FC86CAE6255D5A
:1014600005AD81FD09F7127BE8F3C18533F4DC1586
:101470008636C606C4F3F1BF69D63B2DC17EBC28B3
:10148000957FE65C4B684E16C0583DC2072BD3953E
:101490005F7947C37CB641F91ED1BA39C1E7AB7950
:1014A000EBDF98FEAA5436AD65D3FC2D955BE8AD15
:1014B000D3F9E5B89E1FBCA30722BC1BAC9715F758
:1014C0007FD3345A6026708941CBFB4D061EDDF870
:1014D0007D20A9CFB2744355E7B9EBE75BBF6B2E14
:1014E000E8A9EC4AEE5F76EF859E155DC1C6E9ADD1
:1014F000330A8F19C51AA2C755EBB9058C4B651A6B
:101500007D9E4F98F7E46FDAD08E1E64F252D0DCE5
:101510002516719714CE03CF3C5FC199525C25CB41
:10152000EC33965BC43857F1F6EB10B0D3CE2A46B5
:10153000B2D30DCE2A0FF0C58A028B138A554C3CCC
:10154000E52E273529B915FFA48167E29835C6B77E
:1015500004B48296C15C8DDBF82ECB3DDA2B57C9E3
:101560003D91BDDC05625A0BC399C482EF78E91E38
:10157000DA3CF95662717E9C1CED3E17CACEA1BEC4
:1015800033A81448CE3D7A97E64CED74D57A76535D
:10159000DCAAAA55ECEA96ADF35FAD7C957E2D9062
:1015A0006F4F4B074E657BAEAAB7D2BDF7ABF8F5D0
:1015B0004EF631AABD5AEF5E9FDFA84056BEED0140
:1015C000AF5857FFB047185C38DDF8815EE252F340
:1015D000208C8F710C1A48E1CA7B50F63323FD36FC
:1015E000FACC53CFE46A3ED07226338259EC848F12
:1015F00011A757824587B9E28FE6FE3ECB7AB44405
:101600001A437E8637FADAE1FE3B29D929517AEB73
:10161000FF6DBB9FF40CCCD5EE07EBD78165DBE407
:1016200044C5F9764D6FC5B68DD8F7BB95E9D45949
:101630007847E8A9246CA9B08DDAA8B13EC93C98D6
:1016400004B3116CC92BD7E7C669968BD647D683EE
:10165000AD23132B8E10BE67D623C93B6DBE54CD70
:10166000734F3108DAB8AC0B598B0D0F44BB375DA3
:1016700098C10F247D5DBF6543626BB5713A2F8EB3
:101680002F09D7A7EB45BE377757EB13C9DB8EFE83
:1016900015CFD7645A39CAF5C7EFAFB298D270A840
:1016A00097F5353E5121D32A11C7F4224669DDE76B
:1016B0003F684EC2D1B8F4D713EDB31EA87F19838B
:1016C000D62539E207B8664AFB096B8CF62D90F0F7
:1016D000A2F754F31BAE4A573EBD097A95B28B9ED2
:1016E00057C1B056FDE9FE7C2D8BACDB830667E865
:1016F00071ED5C919EAEE63F614F47DBF1BFB5C631
:1017000030F7ADAF17DFF32DF8B61EB7D38A7A1FC7
:1017100030F22BF5982F305EF06CCFF4CE99D7676E
:10172000B48A7DF369DFC7320873717EA66F464BBA
:101730007AE57A8993A78C94FB268467ABE4BDF5A0
:10174000CF88A5BE06CBF5580F7292C6F62BDCCA21
:101750007751B0BE2515E4419857C43F73B17EF26E
:1017600086CAEBC93DCBBA0A3AAB5ACF3527F62F1A
:10177000B9575D083AB79DE8CB7F41969E827123A9
:101780009D8A4B965A7D22D838B0944B50B29B9C80
:10179000D4C9D816B6AF3DC74BA50DF02637C6BA8B
:1017A000DFE2968631ED50531CC470D9552D5BE6AF
:1017B0006FADDC4ABF1A00B52E231A127D65923335
:1017C0008326B19E888B8E955541EC43EA67F402DF
:1017D000D7B3BE19A110BDA93270E37B1115AB8A36
:1017E000F540AECD09FA6C4BFE19052AFB9C57B4A7
:1017F00059EAF4E6E8EC30A6DCA487996C3D137B4B
:10180000A7FE1CEF6865C307C1C6DAFAF00D816D4B
:1018100009D7B03FC9DEF2BD817DCA9F3B5BAEB741
:10182000B762BF12223885335A67761E277A9343F0
:10183000051B9F6EF34D27E3D03742148AF829D158
:101840005F809FD279085D4989BAF401E80297D791
:10185000E1C4152B2652B16515BE19FB589030ED29
:101860002B6EDFE159B3680BFF16AC5F7E7546F255
:10187000BE82D9C8C43422D7C03B6F6E78532AF5D4
:10188000799D1BCF78D9A5B461610357A8442DE990
:101890008905C2A82FD6EF227A57ED5B867B5709C0
:1018A000BCF32AEC5D396A6B6801DF30961923447A
:1018B0003F449A274C9318DA37DDF4DF47E8D09D90
:1018C0009B28223F9F9B0C727AD2239E288A8FBA34
:1018D0004E7C8AE375AEE931C1FAE0C29BFB57EF5B
:1018E000E0BA773E8263672F140716FF5840C5554C
:1018F000DAEB685E99746B7E3ABF88D0B74432FFEA
:1019000094EAFAB0327DDB85650592E56B40E0CD67
:101910003A09111A91AF1F8A3636B9187323B0F8F5
:10192000CE9BB581432947BF585DF8C449F029696A
:1019300089F7159660BDE48557D464875392FFF309
:10194000FEB60BC9C6B6A395E9CB0A5690DA727CEF
:10195000AA774C3EC9B8945920BE22F36E5822B5DE
:10196000B7DAE9F496134B8CEB4E44199F07897D47
:10197000EA44A4F3BF62F65B266F38D70C330ABE85
:10198000AA35B9A7A0B3F23A96F8E9AD1F1412AB85
:101990005D53AD97C68A9CE6A4B6CAF4498572F435
:1019A0005D417281648B9B4B60BEE03C9002312DA7
:1019B000B5CD49B0D1622F3E09D6F3DAA79238EF00
:1019C0001EF6B7787CFF3C29A9F8382BDCBAF9DD84
:1019D000078E5127F51D9123BBFD138BEF94261421
:1019E0001FF0AF12786D1FA59E77BD01BDA1BC1B76
:1019F0004C8A0474671F8EC7FA1A2ACD9CB9835E7D
:101A0000527049D29F9B81C58045FB4DEF79001EE6
:101A100077EA504DC37AE6472B10A3B863D9927486
:101A2000D1326143E5BDAA9EF39D975A0BFACF755B
:101A30007D77FDC7E617FA57DCCBE859DDF522C400
:101A4000DB8E18A1FF62CDE5A0EF4F321EAA1DB1BB
:101A50006885C487521C6F93134DA8308B6DAFDE21
:101A60001E581CBC9D4A90B07CF6D29E26F52330B1
:101A700027C935C5787219B631E3D34CC90664BAA3
:101A80007B77AC496D907DEE7571175CCB30042788
:101A900014EE56C29D7DC9062A4F2881282ADC6B88
:101AA00061052CE1778CE9731647C62FEEF285B8F5
:101AB000F8C95F1CDA98BA0B22C0BD879C84B8AF06
:101AC000C8FD3782F5E39C63827D0B1C5A51F149B6
:101AD000521B77DA798C5D27DF001D79D4DEDEEDCD
:101AE0005C7BB58BCA0BFAB2A78A4F9446ED5E1C9D
:101AF000A5F3ABEEC363BBF854815FE5613A59E2ED
:101B0000050F57608F5CDF8BF913131C23B76E78BA
:101B1000F5CEF265FB2D4B9FE1DC6C347D2620F683
:101B2000038D308A891EFD9BD609FC8319B1D6BF6F
:101B3000C9EFB6C3281CB7A96A13BBA57D55DCEA5B
:101B4000AAD5EC9A9657E7BF56F91A9DDDB24E0911
:101B50006F0BCF57263D5228F527F71397EDE893E3
:101B60001DFF42D53BB9CFDF94D113544B95749DE3
:101B7000A18C0A2CE3FA7B10777F1A05B31A2AD4BA
:101B8000B094E2B2209EF78CC69228BEA566E1F919
:101B90006C932743E7EE5E52505502724713FDC720
:101BA0005235D56F6A1F12B453C0ACD82A62FA02FC
:101BB0006628B38A588A9C76B0D24279EACB7EFEF8
:101BC00087313784AB9C2C3F5F126515AE1B5E8E50
:101BD0008476620AA1722395BBFB45A022D981E8D5
:101BE0009615E4299F8D7E81879130231369EA48F9
:101BF000DDEB330ACEF17E3E87693BFFFF67513F45
:101C0000B8053EEE55EC8D244BCFBF28BD15F8EB43
:101C100086DF80DFBF701F4E93DEA6BE48E8ADF1C1
:101C20003B7218ED3C1AAC8F3F11E32E8E4D817242
:101C300096C4A1A3DF706F049FC8D386941AF78A55
:101C4000F824BC8286A32C225E152DE1356C072C6E
:101C5000950D311A11E3FFBF151A5D905B8867136C
:101C6000AC1EFCAEBADB3BB62D8EBB7E066A898409
:101C7000166D11CAA1A40F9758EF9E7980E72FDD4A
:101C800010632D7F75E0BF9FBE54BEB9EDBF7906CE
:101C9000CA7D7A6B656654674BE6BF236C63A2AE60
:101CA000CF4FC7A3F8C94C95A177F0DF81365675A1
:101CB00089A5B6BC51676B471C7B0C79C4C0DC8E10
:101CC000FE1AE64330D392E5A730880FF273B321B2
:101CD00029B2146C386230B15DB250BD2D9AEBB8A8
:101CE0000B73AEF19C8945F2FD6F0DA4D45DBE8CE3
:101CF000426D1DC8F524B1A625C1C595309A8BB19A
:101D000029276E9D6D0AAC8329FABFB54CD7B75908
:101D1000C43527F024FF714C6E4AC940AA4D6CFFB0
:101D20001B0AD5CB7765D5E6DC9DCCE7A55C765262
:101D3000A86723F45285E7961B2DF494B6030A1383
:101D4000CFF4ABE472791DFB21C2F743F5C7A2B90A
:101D50001516BAECEC360EFBCAAE6FE376744094FF
:101D60005A796BFA90DAB7714AF2749F85E8D98E86
:101D7000E0E24688D6E3582ACC85C26016AAF7FF6F
:101D80005B79EACE53E5BAB26FA641B48DF36843EE
:101D9000E19A3C73B9E0FBB4A456A695EB807706B4
:101DA000478CD5BD6D064FD6537FCF3D5B1CC368B6
:101DB000B9F4CBA83CC6F86B5ECEF8E526568D3C50
:101DC000AEF9A126E4BDDC2F4781DA60557220A26E
:101DD000FCA4189BC56B49C9AD783509AF2581FFB7
:101DE000B47D46E14CF00411CD2DBB40E7C61D3358
:101DF000F06C28FB2392C5DD1DCCBA9F1BC47D6F00
:101E0000A027979B3607411417C9CAAC18D3B4D979
:101E100080CA4EE15FCCF6DC58D78E4AFD84F728A5
:101E2000F069120A7EB4FB563E7707C2AC0B8B1EDC
:101E3000541AB8BF618FE333FDE4F2EF8CD47B0E0C
:101E40000CD4C32B65679428FBEE27FAD8984FF47F
:101E50006154A5918B0991F9F2F8094AF3F09A546B
:101E6000C07E714D6A681DCDBF0ECCEE83F1A2AA73
:101E7000E733BDC9903188D7090AFA2BEF9DEBCA29
:101E8000DEE5FA0DF71C4B87B20DD1EF8CA5E44CC3
:101E9000BC4A7E87095830E98D95FD759B2FD1335B
:101EA0000CA1C997684ED78D7E33677BEC332864CD
:101EB0007EA8075975971F4C7B0FE34FF89C8AEF5C
:101EC000B3407452E637F68E9C82A7AF31A6CD0B95
:101ED00051C929B0E6FBEE2293C24DCEBD754F6EBF
:101EE00052E430EF8CED7990ED8171C55F9C4C49E7
:101EF0007F7CDAB4792A3AD0A4622FD0F33BA75F73
:101F00000F96F4B5D537FDF3F4152B07C2AA0A7C5A
:101F10000BE61B483FDADBD7637B1BC90450EC168A
:101F20006C61813E6B35DFBB0FF4151A68C7051A6B
:101F3000D3A6E2B33DAE59B236F85EABEA3F77EFD7
:101F4000BBAE4B9D3F5EFFB9B5A539A37FF5BD176D
:101F50007BD8B6F33DC13B8FECFC403F13E2C42A73
:101F6000E7C5B4C9F902AD7A2484363D82642A17E4
:101F7000441F5E243B2347AE2DD52059CE69ED9BEF
:101F8000E2B6546D61B7B6AF8E5B53B5865DDBF2DA
:101F9000DAFCECCAEC78A89D9B10E7273BE381961E
:101FA000FF6C3278208E8AF3A316729EC994C9E022
:101FB0008F98853882C7796652BC42B57221FA4C37
:101FC0009FDF2447DCB6CD0AF1AF4191AB0D88937A
:101FD000C1EF7DAC62C064BB3B96DB788C35B13918
:101FE0000AAEB99D36B1212CF76BBB1C7497E1E8A2
:101FF000CB63E03E6372025E3E72D9391FDAA652AD
:1020000040F99E76275990127D5610E2E4E7720D52
:10201000DDE6E71B56F3EFB850645D0C7D7FE23DD3
:102020005EAE5A39152DB5E0BFDBE0EF2706B38C65
:10203000971F7D7BB96592A2A90F5BC06FE3ACD7F8
:10204000DBEF9BF7E2384886ABB362A679FC829956
:1020500066DA209BA94426A51129DBC97CE0C87C4F
:10206000C36705B7F9D592DC9E9F569E68E4E55795
:102070004EC80201D309C918EDE1384779CE9569F8
:10208000E553948D1668354B694FC6C93294E86B99
:10209000727538EEEB7AFC0BD781CB6EE0FB100744
:1020A0009435798067DD20DC37B18B1553949CBB68
:1020B000859535F9C38A883FE21EBB8CA4E71DF5E0
:1020C000A0FF4C2B3FAF3F588F39874B3927C002B9
:1020D0006E716A015B8EE99FADFF83F67DC3CBA76E
:1020E00095E75A4C467873AACB347E767E6B54F3D0
:1020F000C3D47DBECECBF45D896B5875547837134D
:10210000C436889827E3AED44B6FC6AAB8FC606883
:102110002D188348ED17BE2BF332A7951F38FA9977
:10212000DE41B9E218E37FF628B6B2C17A75B890FD
:102130001F2293462B4811D28066DFA2D32A53C5B3
:1021400032189DA4CC900AA2214718F90D98E9F9FC
:102150005EB73F3FC8761E6FFEACF5F3EB673AA75C
:10216000F7CCB837B39FD4B42FCCCDB72057436941
:10217000664ADA755E7A86213839FBC419648010A4
:10218000E1C52BFA38BE39F99A3919CB455591BAC0
:102190004A1877AF9A9868993A09C7C7DA8ACC2162
:1021A000C27A9841BECAD86A7E86C2F679A75B0C0D
:1021B000F777969ED12C6602A57ABA6ACC5D02FDAD
:1021C00057E88C2A5E7CB2711769578FFAA270EDBE
:1021D00046AE7FA52A3C34D625976004C901DFA30B
:1021E000809EBB2EAA98EA14DBD0FE86D886F6EF36
:1021F0004D4C91FC68FDF868CEB509896581BB48F6
:10220000FBFE63622AE4BCC5D208391E1FF3832E8D
:1022100059CFC6945DF30B0B90F9CD0A90718A26C5
:1022200039B708E24ACBE06DB339741D7B993E663D
:102230002E5EC0ED6C2774AA768A74AACE9B981C79
:10224000664A7DF94BB94DC1CD79663ADD7BA5FD76
:10225000578CDF2C46FEDC49EFF5D29DB9ABC66743
:10226000F38AB937A4EC963A4350CCDC36ECC1790A
:102270000F78C7CC3D097E047BE2D473311E315CFC
:10228000CE651628D37505C7E859EBEA0C16FAB8DF
:1022900079A6B928D32313E6AC84673EF404C2B30D
:1022A000E8F4BC0C5F3BD7D20B88C7730DC75B70DB
:1022B000F442E45E5BBF142F78E7BF525C034735FE
:1022C000B03F205284FC240153739FC8F415F3419E
:1022D000214FE91391320CA122FFFF4BDE472FB9AA
:1022E000BE54992AAEF7E0784255EB927BCBBA5EAA
:1022F000E82CE8C41185E49E15D7335A57379B3F25
:1023000014C6E5A7A8D808E7F594FABFF0FC235F48
:10231000AEE19F5479CB69D5732EB449FD15FA0E01
:10232000C794E9FC8F0DE0719D1DC33DA218A7DA8B
:102330006C748AFFA67CCDE1A6F254CE14C188ED60
:10234000CCF94D92968AA4790DBE05668D10BFD941
:102350009A683857A0D6E0961DDC4A74FE5BB1A59A
:1023600001B7C8F55716056421415DB0AAABA33487
:10237000A6DECDBDDEDDFB143D83AE30E2F7D2F646
:102380007C0EB310833D2DE5738835346E62E236E2
:10239000D4332456DDE05769706FE6B59376427604
:1023A000520294179EDBA83C2DFEAADE30C3C5FC6A
:1023B00013FCDAE192BCA43CFF900B0A4DE943CC3C
:1023C000F629DFC82C2E549DF977646AEA1D64143F
:1023D0007E1F75C2FAB40BDD079956FD34C98A6BAE
:1023E000957AD7A0CD3FB603AD86399FD82BCD7A4D
:1023F000C2EF5384FFFF23D79F5D73B13EBAAFCFC7
:10240000AF268C62FC4BB407E456CF9E9B0FCF09DE
:10241000E9575BD6CC5F5BB9965E873557A909AFA4
:1024200077D504D4BB6B3CEBA51C00F5F740532ECD
:102430007FD2FC3DD650F912B1350DE45D3357889B
:102440008DB2B8AD744913DBD3B872B99C5885E32B
:1024500022D6C14BE4FAA8D5BDB8DFE15F992D784B
:102460006D403B55CC90DAF265B99021D5D7A48E5A
:1024700010D6E71B1CB916F1A78455C46A0592B49F
:10248000C43F0B74709CB7AD3C5A5A93BF0C6BF2AF
:10249000F95AB5CCD4AB90EFFF526C67F4B79E8479
:1024A0006BA9612E2B49FBFE4EF85343F8F515B985
:1024B000FEA7CB4A9803C988D487E295D7216D152A
:1024C000E97D25BD85D4BF48F434CF4BCF137A4D79
:1024D000E4BAEAA036BB5E5AA9C731591C9BC53E77
:1024E000A16C36CF9ED4AAE7E015E69BB5F9D320C0
:1024F000CE3AB58F061F64DC247DDF208EB5D4294B
:102500007AE8FC99CEA85A4FC51D3397BE4E3515B3
:102510006D0E858C359353CEB850C643662EC1924E
:1025200077F075F53B50A3CC2F3F26716649B9660D
:10253000DF1BBD832AF318580D568D073FD2C949BA
:102540009E50EAE7FF05F5E733A10AB56CA659B638
:10255000502D53BDE224E79C9CC6A89C7214A1DBBD
:10256000143235BC03C80FBC39DFECE7AB60FDFCAF
:10257000152CC8FCA6CB32731CB668054FABF762AE
:102580008BC66681659C44FAFB0C91813FA9202192
:10259000D07C19AF3F18828E9BB3534A4F9D64ACD9
:1025A00093EBEE7232761CEE0D5E6DAEDC9BDFE4DB
:1025B00025BC13AE54E1263ED96C21FA7794E85F2E
:1025C000B10CFABA63657E60BCCCE42C6792F7125A
:1025D0007DFD2B29DF4BF03F20D7BBB1BF5667E80D
:1025E000A345FBF1EECF9F15F72FE6768125105A14
:1025F0001DF857B1D5556BC01B78ECB08533F4216D
:10260000D92C033D3ECBEA76FDAE6C6A3C8CB29190
:102610009017139AA9A0FC826FD02A815A072DF235
:10262000A2E90ACE25F4AB8C507CD4EBF71EF06403
:10263000BB820DB0E4873B2359A4522E9B162F9BDF
:102640005E9C1F2F97C9E6E86959AC874C05F3A536
:102650004B2530BFAF10ACE377A69467103DC13D6A
:1026600007CFCEF9EDCC36BF9A58C6EFC334C6EFCC
:10267000237FC6AF224CE157D8C3BE53A8671F5E65
:10268000AFA2D760AF5BB4C40BAE9208EE4F947BA1
:1026900042339EBF04B6FA649DD4061BC73FCB7974
:1026A000F73ACBA34BB45C31ACE40BBD3DB340EC8B
:1026B000ED996721EF6589C839DE95D8447715040F
:1026C000BB89657A95BA45F8339FF027C9C4842C35
:1026D000E9B3383D2BAE1029E3AAC89CDBE7EF53E2
:1026E0006E90F164BFC8FBF4374914624B95647770
:1026F000A248D4E435323E9492EBCD4ECF8AF329F2
:102700007A15B35C5D877BE2B7CEA8F5F3E923B910
:1027100042F83EF6137CBBD81EEC2724B63AB22A08
:10272000B16EC07AF02E8B762CC855AF1FF75B8741
:1027300013E94BB1DDBEF786AC94B4AF6D96B91812
:102740005BA6D644D23E1D69EF2E2992682EC3198E
:10275000313716EF884DE04FCA4974E0ACB5ACECA8
:10276000812C4029830C1BA712125F6D58E137B5ED
:102770008C3E88332E1E8AF027F0F9FE4A12DD685F
:10278000FE22EBDB81B03C0F2CDFB945757A780B6C
:1027900041C27A65569539BF492D3BB0BDECD47E18
:1027A000D0FB9DDA7510B1C76BBCD8174A6C554F7A
:1027B00003D9522A75B0028AF65BC5F75075477C7B
:1027C0000F8111A05D53487FEE101DB1F967815C48
:1027D0008EAB3642E0260CDB8450792B5D692E7F70
:1027E000FDFD26C28F7C626F72486CEBEFD8EFCD97
:1027F0003FAAA44C0A39134574287D1A89072F571C
:10280000370AF4B3C9F573B208EC25E7D0DE2FF927
:102810007D2A477E1FCAC19B286FF535CFE242153E
:102820009785DF0F73C11C00FD3CDA9641B98B120E
:1028300099D0BCFF1A91A736224F53C13BF123F523
:10284000B6111FEE868F60A94176A3F7297A072576
:102850005B7DC45CFC3A57C08EF358FB692677FB5E
:10286000B29B3CAD682DE7CCBA95479BEEF6F6726D
:1028700045EDCEDE9B60C6EF36F90D4ED784E614EB
:1028800094A66D5BF959C9F192A812D16F6CFE0E36
:10289000307B154E879BE6A67E6C35BB09756D14A3
:1028A000FB78F02512994B2C5EE9B6363F5C4989DE
:1028B0006D0A984462034F8B7801EBC8F5A2F2953C
:1028C000739BBD3741F4C2CDBBA7742DF74B07F204
:1028D0005EEB1726A7798577A7771AD837DABB7505
:1028E000A8EC726F77D0629D3E6B24A98C3E8F6BF3
:1028F0000A24BE469B1791BF04B1AEF40C72ADD151
:10290000D48B4FE664BA4BF27CAE387AE8B307C991
:10291000B33971DF5A4A04BD79DAB25FDB26AC0005
:102920004DD2DB06B13CE1F52DDA036B0BC45DF54E
:102930002A4F7FACF5F284922346B2E6357732799E
:102940003B7132621F9C61757A1AB10F647CCCF9BD
:10295000C6A4F6C7EBC7F273901B26D96C75208C02
:10296000BF33E31682ACCA7DF7E6C7B1B2F12FCB15
:10297000E2BC64AA9759F994F3B3E3CE4B517D6F4F
:10298000CF5B625F1A96495C683EB1636522E94796
:10299000802BE1EF1CC2EF64721D7E505B3E4CC782
:1029A000E6C5ADB3A883F0B8DF142DC6A226132D5B
:1029B00089AB27EDEF3731EB1F27EDAF27ED3FE573
:1029C0002364E6E54F8579B0E19E285D054DF4F17D
:1029D000BDF98D5EB203C6B26BC5FF387C0EE7EB66
:1029E000415ED4470658A976923FF7DCCE38CE7ABE
:1029F000576EDA0B5EDDE5339438776D773E66DE31
:102A0000A1E5723EA2A50C3329CB8FF3BA4766C469
:102A1000A9D79F7B8E0F7AEE27291FAB0C32B82FD8
:102A20000ED17251C7CF860DD5F18C3AB1F5EDB705
:102A3000C1D64E27EFB78EF874965959D57AB70597
:102A400058CF27C9EF0E0ED1F2CD655F4A7EFA0747
:102A5000BCE4A173CDB01A26F27B81C85186ACE3E9
:102A6000353F960FBAEF9BB163E5CCE2F19B887DD1
:102A7000EE25F6D8D7EEF10BCF34CE037ADD838383
:102A80009928DF1B4B146E3D9628FF2CC88982962F
:102A90006C8B9EA4B40DAAD44AF0234215BD927D3E
:102AA0008311BE7C73EE2FB91AC2F99AFDDA55155F
:102AB00076BBBD092C76CA226CB1EB048B2DEAE300
:102AC0006CFBFCADDC61B11BEFA8CB70AEE2D96E44
:102AD000D2BEF162BB3461E45A255AECB3369CBFD6
:102AE00018C8C728CD17C488AFB574DAE0B66763D5
:102AF000E239A7001293AE50F8BDE72F1B69B16110
:102B000034169E412FA65F8C88403EE0B5BB792CE1
:102B1000E0B59F9883A88BBB3E579F34799FCAB579
:102B20009098A79EE8E374FBF8B25B6A2B7393F06E
:102B3000D795F03B985C3B617F94D1FEF0E5FE2198
:102B4000F979A2A72766C2404E666142973836F9E6
:102B5000B751B194A624DE3DA13C96F1FFE4F27D8D
:102B6000C867DCFD8DEC6339CA87F80BB70D32DC22
:102B7000CFF5D1B67D25BFF8F92821FA7B526EF545
:102B80008E1D801D098720A76366EF2B7847C2C87A
:102B9000EC96295AABB1A39FC883AF5DFFF8FC0048
:102BA0009004A281FC2FA4BD1469FFA3E4BA7F693D
:102BB000BD30C3139E6E7E94E8A737D1CFDF89FE68
:102BC00092DEA307A47C22B9EE936676D2181EACDF
:102BD000CFD592F9D6F52971A18A1E941FA740A1DD
:102BE000060B44C0218AF56BFB446EDDE589908DB0
:102BF000666A7AE01D1B93C141108BD84F35B45CD7
:102C0000C8288DDEEA022584EF6D64A5E5AE583351
:102C10003F8E5CDFA134E29BC66F7971AC49113DF8
:102C2000719222EE3E67B3DBE371767A598B62498B
:102C30003FACC49EDE79AA5EBE90F6F2036B41ED16
:102C4000A9E42922CBCD8FC9BFE0F2DFA583257E81
:102C5000B84A34D086CA74C92A6BAE1DB578AF6540
:102C6000E238B02F44BE1F91F0725E74811222DFF1
:102C7000D7C8787C73B7656E9A328ECBB3E33BD9F5
:102C8000F1D7B8AC55C649744FD6CF5DA862911341
:102C9000A7BB4B301B1809B379E5E34219E18BB5AB
:102CA000EDE86B0BB98CBB847B104D11F923AD2281
:102CB000FE8FBC77D2E3D41652FE805CC3DE02F9ED
:102CC000724663EA50233FA79ED4A413A4BE07F61E
:102CD000FA96AF1D5ADFB58304A3A25FC268F83B22
:102CE000E9670BD1D79F6A4F883622A855D428BBF5
:102CF0007FD3A22E10FC82974C8C8F2B19175B0868
:102D00008F336533F9D460FD07909FA53C8BE3F8C2
:102D10008EDD4BB2FF127ED9ECFC7A96F4AB99C8EB
:102D2000EFF7449EEF90EB6FB00E52824C3EBF2106
:102D3000B9B3A0B5B259CC5F5AD2B5ECBA3918665E
:102D40000985093FE65B9CED76B9FD07B16DED9C09
:102D500089491D43E4E40A91A117666CC7AD9B5EE7
:102D60006892333E75CC313A353E7F362F0F3606AA
:102D7000423E429ED93763761BE1FF2F520B53131D
:102D800097C13A23B1EF3F10793B47FC917672DD52
:102D9000486986E641B5AC9EBF06674209333EE509
:102DA0009C983AE3595A36D3981A2A4F9385CAC346
:102DB00062B8B5A7219E3911D5F18D346E7B28AC50
:102DC000B1E599977E1B0A2B75E9F522CF3BBE7AB8
:102DD0007EC3D0DE26774A3D3C734EEC61DC333057
:102DE000EEFB90F7F9A5D86EB45816C12CC7F9FDC3
:102DF0002675AF4C75B95736C3C86BDD3BC8FCEAC6
:102E000014E48F46C8979BBC3AA0ECEE82BE5DB935
:102E100041077E85FD70F1F99972865B71DF65EE81
:102E2000226E5FC45842EBBFC47E935EFB58887C21
:102E30007C43AE8F93F24BE4FA289641534790209F
:102E40008144F257DC1D977F5C8E2CAB564E99B0B7
:102E50009A8A33198D1E2AE7376385FA56DD1DC716
:102E6000953A8F21EFE67BBB7E4758321337456892
:102E700035E09FA524E7A9550A73DAFE8C09199657
:102E8000F49553A2CCA682BBED2A766FAC89E73DC0
:102E9000487BBE24F5D7C6BF979F19CBC822F4A99B
:102EA0008FA7D519B4B22590A700AB4AF4672524A3
:102EB00046F65335FF44A32C239649E4196732564E
:102EC0005FAD362A2D4476BFB4DB87BF842C3A2F02
:102ED000CD874E10FAFF24FD6D22D755647CF94250
:102EE0007AAAE24F44DE1A883D7D8FD8D7D3E4FA20
:102EF0009DE17282A584F4FFB4BDFF41432D43FAE6
:102F000001E25FBE93543FB4774D90B136A375682C
:102F1000EF52CFFB667069C98C770CB73B82C94F03
:102F2000D1206EBF56264B4947FB3361FC6EE7BC90
:102F30007A698BF9E9711129E9E92683D913C6CE9B
:102F40008E42F571F3F8746E422FE2E410AD083949
:102F50008C8A9A194D6D3DC37E7C62F2064D9C6849
:102F6000FB034E4D45387F42CA1A4AEE21BC33124C
:102F7000BD90D6E6CA1E47449FC99D6633D9AF911E
:102F800047AEF70EA48834DB8E2E44519F132B35A9
:102F9000A144339D27FEC77A4A1AF16E07EBBBFDA9
:102FA000514384D1248319D6FA73C566F0C3C07F18
:102FB00078D33DA124C1B4D9037DFC4DAEC653A343
:102FC000DC46ACFDDA3DB1F1A7A516B4D590F9D039
:102FD0002EF01944AB9389F35FC55946B4958CC262
:102FE00011BD0FF028FC70F40C6265785790141135
:102FF0006A877604A1066B87F95EBE4589780D97CE
:10300000761F74F77EB4271967A2D385FB9053DB34
:1030100087708BCF15EFB448B5A254A9458D24779E
:10302000B2A200D69C21560059463D6632D767DFD2
:103030001375BAC013F6A928ECF82277C6811F4988
:10304000871A5A69B319C7D59AE61E37EFD095BFCC
:10305000B47F27787551B03FF4B1BA8B369AF0FD42
:1030600010190F72C4182EBF9ACC8B5FBF752257F0
:103070007312A2564B8528FEF4FE0F9A8FB51EBF21
:10308000FE59E7E75D677AF0DAF3A76B668D9FD3A9
:1030900069DC4EC5EEFF32B855ED29ECD778557C8A
:1030A0001A4D688188335E292019078B609D40C0C6
:1030B000E0B7481862EE76BA90A78C636252CE628F
:1030C00072ABCCC2BB1941021539D9BB262DD350E6
:1030D000206D90D962E6B114303F9276BF4566E12B
:1030E0009BB293467A44AAA58DC8B4D938F68859BC
:1030F000CF816D33E2F6CA8EF16E2AC5E25453D207
:10310000313479CF4E2353C88DB949676F9EA4508F
:1031100044472AB4D4401CD7DABE185FF7FE1F7CA0
:10312000DD17C7DD867533C81F555D6EA7CC2F0B25
:10313000F3DB0C69556BC093DBCF2CE226B18BF02F
:103140005E27B35AD81FBAE1B81956A7B76C41A683
:1031500014C8AD9C30413BB09D5B1DF4147976B52D
:10316000B37266195E67C3CF036704BFB4E17D4ED7
:10317000C924E80250CD350BA602FB31D6329F7729
:1031800007A330B51ACF81146BCB394A73FCCDDD60
:10319000A7F2CCD8F24795682CF8CED9FF81FDAFC5
:1031A00057122AA98739968983FDD335F116F25C27
:1031B000A6AB06FCF4BFED0CE2B6D862890F7C88A2
:1031C0009331B1BA80909ADA7A11EB509ABB84F5B8
:1031D000B26DBE8855F12E8798F9B0DFBC6632C15A
:1031E000D2AEF094B074B668112BBA927365A27423
:1031F000018B6B2882D5F1F70912D67A5B9488D5BA
:10320000FC36E7CCCCD505A4D6DC3A2A62199E9FC1
:103210002C6165DBE6885839FB3905334717B0BEAA
:10322000E65B8215F47FA748585B6DB388D7BF8FE4
:103230009333B3740139355B4E88584DCF064858E7
:103240009B6D33093F4B398A99A90B28AA3948B09D
:103250003293A749589B6C61845F7BB931CC0C5D7C
:1032600040458D9160299EF9B384B5C13683F0AB9A
:10327000987B8409D105D4D48493761D7AFA090900
:10328000EB1FB6E9845FBB392766BA2EA0A16602A0
:10329000C1D2FE355CC27AD5F638E1D72E8E611EDA
:1032A000D7055CA869AC23FC5A345BC27AC5164CBE
:1032B000F8B583A399605D4073CDBA4F08BF12E69D
:1032C000495859B6A9845F85DC58265017D055F364
:1032D00034C10A5A1823616DB405127E6DE35C187F
:1032E0007F90ACDA13A4C6268D46C27ADDE64BF891
:1032F000C583FCF9EA02DC6A0F10ACCC05F112D6EA
:103300006B361FC2AF7C902F1F90AF5A5782A58893
:1033100079CA215F8F127EE5827C3D0AF2556BFBF4
:1033200098F02BEA69877C799B1B047EFD03E4CB34
:103330001BE4ABF60AC1D2CE4D72C8D744112BFAAA
:103340003590AFF1205FB51A82D5317BA943BEC657
:103350008B58CD5B40BEBC40BE6A57D5127E453C03
:10336000EF902F0F112B6733C89707C8576D09C10E
:103370000A0A5FEE90AF7122964F16C8D73890AF09
:10338000DA79A4C6A619E90EF97213B11A36827C4D
:10339000B9817CD54E21589921AB1CF23546C44ADF
:1033A0005DBFE16B90AEDA8B9F91FAA6AF73BC1F45
:1033B0001752DF8B1AC0A9A93D49703AFEB4C1D19A
:1033C0003F67D2BF354F9F05C9AACD3A46F8392D80
:1033D000CB217F2CE1E7AA00C0B950BB9CE064067A
:1033E0006D71BC3F39694FE6138D2055B525042713
:1033F0002820DBD17F9AB4279D019CAEDADC63786C
:103400001F9E686D0372BE2BA002D5E1825F9140C2
:10341000BC86B771C6B8B8FF02DBDBF37CCBAA2948
:10342000CBD5FFC171840557CEEE28B142C47B9342
:103430007E6C62B153338C7264EF489FDBE14F4D79
:10344000A77B066FEC68B440EE08D8616EF27DF0A1
:10345000658D6E7C9CEAB225DA753BE77919D6D783
:103460000C1417A3A01D3655E17DDCACB7665BEAF2
:103470005A0FA1E72DA6D3BD83D9F542FBB28475BF
:103480008FCDB87D3CCE1B917FA2B5D16F283E2B4E
:10349000E1B575E64368DBF2E7776EBB86F33A1C6D
:1034A00025A5CBC532BCB6D6B7AB7C5869F97269D5
:1034B000DF29E4632BB8F64364178C9F906D95ABBE
:1034C0006516E2BCA3BAF1F71077FD235829B00DB9
:1034D000C22ABD9C5970BC84CB57CB42C777A3503E
:1034E000058A59B56B4E29F73243713DF0FF5E1BDB
:1034F0008CF15F5B60B65BD2D14F694BDBCB5B8AF3
:103500006E429EF8D75337B82E508DE992F189DE7E
:10351000CB7777A8984B8378FF2CE412ADE2BC20E0
:1035200043EA1503C2F1A9FC593CCA7E96CB7880C8
:10353000EACC0F505C69542977DD53C6657C04AB37
:10354000A10A9AD258BF50F4DBBC54B077B72EE230
:10355000022A5498BCBCD0C55DDFEECADE3579972F
:103560002A5C0DF4608267796243C29D9B5DEC80AA
:103570006F5FA00DCEDEB891DCB6ECDACFFD2DF793
:10358000DA7B6E7706B74EEFA4E2D53B6164765DD9
:10359000B77545866FFA39122F69F00936724F33C5
:1035A000F4CDF5099BAA37396FB9B92A6175F56A67
:1035B000E735EDAFC6BD56F51A9BDDBE6E1A8CB36E
:1035C00078A7A4E3191FD84B674D64203B1E727582
:1035D000C5D1D9185C684DAAB8EF9B5E49B2F5A277
:1035E000B7576FB72E62EE99CC72DAF4FD65EA66D2
:1035F00031645DA57F88D43385F961E0399C7B2CEB
:103600005A9371D585F32E56698DF9072FE7C6E7D2
:10361000C69ACCD3D025F3B605BC32CF8364F46D03
:10362000A33DA9DDFB0C4A747687F5A476D0514BF7
:103630006A5EB5915B52E1E2B8D3901FBC03F60518
:103640003AFBA6F790BA327C2A49BB531F813C4A09
:103650009AF138A6E5FEDE358ED2524F9ABC82D062
:10366000EDBDDBE6CFE9A227919EE4D29B716D8C84
:1036700002B26C50E89A74CA7A7EE680CAACA4554D
:10368000CF76509FEF7FB100AF9B38CDCFF37267FD
:10369000E7F7CFB937B3674617B1FCFF98BFB9F268
:1036A00065E1D920FAE515AF9C7DC3BAFF467F9D41
:1036B000D195829AE2B8C7BE72E2DAD2A84033B797
:1036C000EE176751D3346A92D9D8D1AE879E6B2753
:1036D000410FB9A7363F62CD91B75BDF50B47E9EF4
:1036E000B913D6672E7051D23E8CFF5A550CE4FEAA
:1036F000A9782D22756E81DC6496A1A7931E46CF12
:10370000B78E635A881EABCC39C2CA8E75920276C8
:10371000A9A49B670AFEE438912B05E3A4B799336B
:10372000A6F113D9412582FD955DA6C90A9AF06AD2
:1037300083AFD097BC9743338F524CE06EE5BCFA11
:103740003A435A4C9DFE3212B82D3E0BB134EB0277
:10375000A6A76AC7D1A3AA62055DA79843152AC484
:10376000B74746BAB5984A5D268F5C2D787F27DE2D
:10377000D929E6E23BF2F0DF5D375DCF37AB0A785F
:103780008AF045296ABD269AF0E762F67BD546584D
:10379000EB7292A27C159BF01E08D865A1E05EBD7D
:1037A000C2CE5D1F55D0F7A58AB9205381A60E3C25
:1037B0003B7EC5965F71441BD659FA5C563865C08E
:1037C0001EDB2765C7212AE5E1EC961BCFE5B2E3B6
:1037D00026B9FC3E786D11D76154F9BFB6387537FC
:1037E0007059DAA9EFD398AB9D76A3AA40C5C289D8
:1037F00018422BDA22083F8934467FC5BC770C7209
:1038000085677612BBBCA425C3F3EB21F861047F66
:1038100090E09FB5A5487B241FCEE38FE271063F61
:103820001FA8DACB42FEF143FD5B83FBE7697150D1
:10383000E5FF225265066C474DCCE5418F0C2EFD0D
:1038400028E4212964FBCF78AF26FCFA33C6277819
:10385000FD44434EC65BEA4AAE2353A36DD0B6B3D4
:10386000AF6F39FBF5516EBF862ACDE4261E42A507
:103870006B64B3582A54A1885145A8D19537983F15
:103880005D535C39E1A83560AA482DE0F7FD27F8C3
:1038900069A6379534DE2D5957F8A6CC7FFDF9ED92
:1038A000DF1573AD6BA8E5CEE92764B3E56C159F12
:1038B0005C06B9EBE238F47BFE2C252A4D9DDC0832
:1038C0002B54946C961195AF2C4E23FCF19DD14C4A
:1038D000DEF33DA12651EF8EDD38C1DDB88E386FA5
:1038E000B54C1601F869DCE65E7A79DC397EAA9B74
:1038F00028C715BF2F8F13F67009570DF797C73DCF
:10390000EE1648AE9AFBF83F5D73DE59FFFC061CCD
:103910001311A3233832B2ECFA0BD23ADC8F7CBC01
:103920002C0CB2C73A87C7632A85888C4BB409F33D
:103930004ED08D33BF8BED6BFC9DC8DFFB61CFB8E4
:10394000448B65ECFD61FCFDA75492718FBC7752EE
:10395000D27078EA5AFC4EA904A251F1FBE420B3DC
:103960008F80CC6EDE37469C8505EC21B3A443FEE8
:10397000EBA904937397AC38D5259A7B931D17F662
:103980001AA9AF9BD447A429F5DDB057A41AE3EEDA
:10399000907692B28A4AA9A4EA57B1E42059C34466
:1039A000079E4B2574682E2F42E6AA95CAB9ED1DD5
:1039B00048FC8DCFF620F4A4ACF0FDF95ABD934B32
:1039C000B46839DA6F189BC45F67AE93FA6F10FC66
:1039D0000704FF4D92AFA527D76553941B8E8A9994
:1039E0003085611CEB8CCC73F0EF04AB89D1DB77B5
:1039F00079A16D64DD6486B291D0BF1688735D04D1
:103A0000DAFC0D221FC5930A3CD0D4B5B497A8297F
:103A100064249A8D79CA04671F2D4D83B973FB8F77
:103A2000A86EEF1574DC7CCC2C520AFCDF920242AB
:103A3000A78DF0AFA87465AE76CA76EA1B9C574591
:103A4000DADF4EDAFB06AF2D5D29EC24FC8EA527CC
:103A50006D57238C53760A720A08E6C156C2CF1DF1
:103A60003F1A4A5732DB5D4FFD1116C449457A466D
:103A70008CA51C05ABAD99D80703C672DF3EF9D4FF
:103A8000700CCDFF88FCF1E60041BF239FA8308772
:103A90000B7A7961A097C44FCE12FEE431C1D7E40E
:103AA00067EB86C706B106AC68D60547DFE90E248A
:103AB000734DAD36E7896FB2968A7AE0D0027A2DDF
:103AC000EC27DE8275E18082A3DB3C4AB9F44170C9
:103AD0003F902C48FBDA80F6C876D875D9D741AB31
:103AE000585EB273ADF67E889EC4569532E4E43AD1
:103AF0000B8E52C29CFE9D287D767D35BF8D646005
:103B00005554041B5D4FDA925505763B49AC40FA9B
:103B1000CFE4F9978F5A20ED0AE51FD266E137FC12
:103B2000023FC900BB73E1642CBF03ED9B70465696
:103B3000798329E53215552C6F86B56BE4F7919C96
:103B40008C820D2A2A7812D12D73218EFC06775A89
:103B5000976FFFED5F6BA5FD1B0DCB679F354D90FC
:103B60000BFBF84DE6D9E05FECE0CA1A0F30527952
:103B7000CE736F282F959920CAEACBFBD594497B49
:103B80009696726EB1B24F9FE1761AD00ED8EF477B
:103B9000DA7B89D4BAA6E2FB49AC079224F205622B
:103BA000BB9BC7E2B6C458562DDD7262E4DBC0335E
:103BB0007EA1974D1D993B3BC4333CCE5ECF0F5346
:103BC000B2E609388665DCC4BD1946C1010F48E676
:103BD000AF4F3FA10D2EE47A0D72DB52E6BD2A7E77
:103BE00009B1AE390799AF8BD364330B11B1FBE741
:103BF00088BC7C43B462C58DA5929513DF6E225FAD
:103C000029BCD96BF2F2D4C64195A79CBE164BEDE8
:103C10000E654A709459C6F80742243B6A7B628954
:103C2000684DD141DC42BF7F199E13D7278BE1EC51
:103C300003BF1AC887382ABCB7ABD23944A9F9D513
:103C4000C6C9F04EC5BDD0ED57C5D6A49F2472D1CC
:103C5000407C92A5460B585E968ACB5EC62778A715
:103C60009659350F765A3CD62E97DB7ECC0F970FA0
:103C7000E2B71CAABE8954DADEC175BBD2BBC7A7A6
:103C8000D515DF47478ACB76EC7FC3F4A1877066F2
:103C90008D6DC7B5EFF367EA07C7AFB416B5F74345
:103CA0003C2DACE7812FEFBD3CF75751623A9604AB
:103CB000160C446069F59BD2BB6443BD09F25F9763
:103CC000C7C19E65B13FA5BEE9DFD68B3989384EA5
:103CD0005900AB577570DA0ABF8A89E75617434611
:103CE000BC23CA87E37B2675AC6CFF97BE12B70B6B
:103CF000EA3C0F235EEBCB8739A9F6F652D24EE8A9
:103D00008679539D88056B597EA7327D7A71527DE5
:103D10001DAF8FB6FEFE713F30A11EEFD38679CD69
:103D2000F7E2CE6EC37FB8920EC8D6C7270214AF93
:103D3000E1D22FA2E297ACF7AB1E94736D96A71B4E
:103D400071DE5B303E1FAB1967BFC1D953E27BB454
:103D5000E6A7C8A9B25FE1742E22E93EAD2AA6AB60
:103D600061685E822CF934CA4FF1A75C5213F84F98
:103D700020F68BD7B13F23EF31671B7E5E96D28A48
:103D80000622FCC6F708787C105E0BE5ACB82D98CF
:103D9000AEDF841E423BF5674AF3BC252B09761F34
:103DA000A7541BF05E2CA84BC6B5DE4579EA6C4DD6
:103DB0004C3E97D68B62C23F5764A7E01D5DF8FE6C
:103DC000F2F04A85BB707F43F81EB8AF147E6F09CE
:103DD0002F5470A714283B3C2F276B43553F44AC0E
:103DE00065D5FA5C8D9313DBE67BEDDC3D33126227
:103DF000AE7F16DE9C4511F95931CE6F2F3BF592FF
:103E0000DB62ADA0D7EFC1FF0AC80685E77235DBDC
:103E100010C10F561FC6BAA27C16AFB5C33B8B0BA1
:103E200035B0A8DB9C824F449CA32B4A09A9CAC485
:103E300034A283B393458C69794330221D183E53D5
:103E4000C5727BA93F1A521A1D884B2734BFE4560E
:103E500011E0CB47C15E5441863394017CDC277B63
:103E6000AB5071A7E429A2DB4C4065E6175F7838B8
:103E7000D19D765A8122AD168156CE144CCBC3C942
:103E8000D10EF990D28AC7745E6C24272F402FB9C7
:103E9000353F5A8C732F10DDC907167F31E48940F6
:103EA000B7A1F4BC87D3F3184A6FA2CECB4BA2378D
:103EB00061347A3E43E9A987D3F31F4ACF53E7150C
:103EC00028D1F3188D5EC8507AE386D30B1B4ACFF6
:103ED0004DE73553A23776347AD143E9B90EA717A7
:103EE0003B94DE233AAF38899EF368F4160FA5E7BA
:103EF000349CDE3343E9B13AAF64891E331ABDD432
:103F0000A1F464C3E9A50DA547E9BC32247A68345D
:103F10007AEBC913D612C53F8653DB24959915AFAA
:103F2000E9BC5E8EB4AA0A5E1B8D4E8E84BB5BB16B
:103F300055A433442ADDF452E91EC52B3AAF82481A
:103F4000EBA3052F8F46A948C22D576C1ADEA2623B
:103F5000A9EC2DC5469DD7DE48EBC4828DA3D1A91F
:103F600090704B15EB87D379572A7B53F1A2CEABD8
:103F70002AD2EA55F0E268746A24DC62C5DAE17498
:103F80003E94CAF62A56EBBC8E455AC715AC2E5E37
:103F900088B3E286D281F71AD21DD010A9734B0ED6
:103FA00069C9B016B12B3186A34CE7765A2ADBC318
:103FB00066749734465ADFE2D346A37341C22D6735
:103FC000570CA7F3BD54F6169BDA5D7231D2FA2670
:103FD0009F3A1A9D6609B7947D61389D56A9EC4DAC
:103FE000F6B9EE92B648EB5EFEB9D1E87449B8C5B1
:103FF000ECB2E1747AA4B2BDECB3DD25B648EB1E99
:10400000FED9D1E8A0B976FE240FA7239F6BE7CF96
:1040100033DD25CC5CE0CF92D1E8B8CDB5F367F1C4
:10402000703A1E73EDFC49EC2EF19C0BFC491C8D83
:104030008ECF5C3B7F16897444891629F94BA565A0
:104040006C427749C05C6B099F301AA51009D7C430
:104050002E1CDEA230A9AC848DEB2E099F6BDDCD2A
:10406000C78D46275AC27D9B9D3F9C4EAC54B69B44
:104070009DDF5DA2996BDDCF478F4667B184BB8F13
:104080008D1A4EE719A96C3F3BB7BB2469AEB58CBE
:104090009F3B1A9D5409D7CCCE194E27CDC19F59AD
:1040A000DD25E9983FB346A3B3DEC19F99C3E96C10
:1040B00072F027ACBB240BF3276C343A390EFE8424
:1040C0000CD754FD5CBB7D0AE92EE1317FA68F46FB
:1040D000A7C8C19FC787B7A7D8C19FE0EE9212CCEF
:1040E0009FE0D1E85438F83375389D771DFC09EC12
:1040F0002E3988F913381A9D1A077FFC87D3F9D017
:10410000C11FDFEE92A3983FBEA35A20077F1E1D5A
:1041100029D1A71DFAF728D8A0B9D672DE7B541B87
:1041200034D76E1F268EB0410EFD1B0F3668AEB51C
:10413000941F3FAA0D9A6BB70F5E236C9043FF3C10
:10414000C006CDB516F31EA3DA20877D1837C20648
:10415000CDB5DB2737B04173AD45BCDBA836689ED3
:10416000DD3EB88CB041F3ECFC71011B340FF8E379
:104170003CAA0D9A67E78FD3081B34CFCE1F166C6D
:10418000D03CE00F3BAA0D9A67E78F7C381DFF7982
:1041900076FED06081E6017FE8512DD03C3B7FD098
:1041A000080B44CAB862F61F6081E67145FC3F46C1
:1041B000B54012EE5BECD61116482A2B62B7820589
:1041C0009AC795F3AF8C6A8124DC37D9974758207A
:1041D000A9AC9CDD0416681E57CA6FFAE3B1192C0E
:1041E000D03C51ABB9BD8A8D23253A4DA26466D728
:1041F000830D9AC799F8F5A3DA20097737FBE2080F
:104200001B249599D8B56083E6716FF3A38EF239BC
:1042100012EEFE91A3BC5E2A7B1B8FF2FC3C6E1F4C
:104220009F31AA0D9270CBD8B41136482ADBC7AEA5
:10423000001B348F33F32B46B541126E099B3AC2F3
:104240000639F8F302D820CC9F1746B5410EFE3C44
:1042500037C20639F8B30C6C10E6CFA8A37C838371
:104260003F2346F9D30EFEC028DF88F9F3CCA81609
:10427000C8C19F25232C90833F8BC10261FE2C1E59
:10428000D50239F89338C20239F8B3082C10E6CFBA
:10429000A2512D90833F09232C90833F0BC10261D3
:1042A000FE8C3AC6A3283B7F62474AB43CCAAE7F25
:1042B00030CA3351DC9BFCFC516D90845BCA468F45
:1042C000B0415176FD8B021B14C5EDE5A346B54107
:1042D0005176FB3077840D92CAF6B273C0064571F1
:1042E0007BF839A3DAA028BB7D9835629E1645F489
:1042F000788F6226D8A028EEADD147F9E828BB7D9B
:104300009831C20639F803A3BC06F32764541BE4B2
:10431000E0CFF41136C8C19FC7C10661FE3C3EAA7A
:1043200017E4E04FF0082FC8C19FA96081307FA635
:104330008E6A811CFC091C6181A4B23DAC3F5820EF
:10434000CC9F5147F91C077F7C465820077F608C23
:10435000E7317F1E1DD50239F8E33DC20239F8333B
:10436000112C10E6CFC4512D90833FE3474AF4BB94
:104370005176FDF3021B14C5EDE6BD46B5415176FD
:10438000FB306294FF30CAAE7FE3C0064571FB4745
:104390001FE51B08EEC0CD11168894DCB90DF62779
:1043A0000AEC8FCBA8F687607E3D82C6F7A4E42492
:1043B000D0B818C595F14EA3DA1E8279A27D84E5A6
:1043C0002125B537C1EE4481FD928F6A7708E6CE8C
:1043D000F6E13AD543742AF717B039515C098FCA10
:1043E00017F241E55F0C9F9D8366D6D86300B458F1
:1043F000CA0C896ECDACB1CF7111E8668D754F23B3
:104400002A5F8CD7B270840C285E10A2645DE279BA
:10441000CEC5283BA9D2E0783ABC86C4B67E1D162C
:10442000F522B55665E46ACB48B67273C33E582987
:10443000FEE982879338DA0F89CA9036C06967AF80
:10444000882D84AF9C48A5451AA9B444F132C464B0
:104450006A38F7632F972F86FD4D180FDA47289596
:1044600024E12F92006E9228431B450CA90CF828DA
:1044700095ED663702E51A6E7FD3FAE2C576BE5F28
:104480007848EB6BEC63CC707FA128B3C66EC3C1D8
:104490005F48AFE1CA6C6B8B17DB3D980B0FC55FB4
:1044A000A4B69B15AB47C44D8AB2A4D252C54A8864
:1044B000C0D4701EC7568ED6B31CA9F5104318DEA3
:1044C000B302A9AC984DEB361B6AB8A2A6B4D17A58
:1044D000565463B711C33D8622738DDD46417CA1DE
:1044E000A4862BB7BD504E66D98EF60874822A6A10
:1044F000EC3662B8C75074B0C66EA396759B0FD5E4
:1045000070A59665C542BF1EE2106E7B608DD476A5
:1045100088210CEB5791452A2B659321FE02FCB9AB
:104520009B3C1A7F1A1CFC7966387FCE38F8B3A4FE
:10453000DBDC84F9B36434FE5C70F067B8C7507498
:10454000D9C11F882F5CC4FC5954BCD86C16CEBF8F
:10455000EE29E2302DBAF3211B5063F731128A386D
:10456000D03C8DC30AB4D5D87D1CF01BDA6AB89252
:10457000830B8B176FE31E6A9327E651176092F641
:10458000C76DE3869414D9A412331BABF3BA5BC393
:10459000A98EC5162FDEC18DE033E4EFD9F9337F44
:1045A0000737943BAC5452C246EB3C995ACEBD31CE
:1045B000BA7871113792376EB5F6FE47E1DE0CB569
:1045C000F49EB5F6310C220B9EB5DC5B07E7FC715F
:1045D0006F7C6A499BF7B3B31EEE4D8054023E04D4
:1045E00044876B39EF6333FFB83721529BF7B161D2
:1045F0000FF766A654F2163B43E7195ECB4D6C9C51
:10460000F1873402A325CC3236E4611A1AA9A49C9E
:104610009D0E16A7961B5F35FD8FFA025E46AD9D77
:10462000FF8F3FD417B764A9E44D1C4948AAE5F6AB
:104630003606FF313F5225CC1276EAC3FC48974A32
:104640004AD94088F6D6827D08FC637EAC975A0C26
:10465000318487FBF272AD5DBF7C759E59B5DCB8C5
:1046600046DF3F7EBB39B5F631D6A7881B3A5EF1EF
:10467000B5F6311EFB15B55CD1C147FFB82F4552C9
:104680008BDF66273EDC9712A9640F0B2B097B6B2F
:10469000B9478F8DFFE3BE54482DDECF7A3DDC97BE
:1046A0002AA9A488F5D2791E04F968F4285E5CCEA4
:1046B0000DB7BBE04BD412CBBA4F318EE8E7F1E136
:1046C000127BB4D6AE7F1039385A0BFAE7F6C7BD65
:1046D0006A206D6F6B7FB84F8DE4FEB59B3AAF33A8
:1046E000B59CE731973FEED105D2EEC6F687FB7356
:1046F00089DC3F7953E779119E6F74FA63496D261F
:104700007807873DDF46EE1F80FADBE1F92AF91FC3
:10471000D7DF45F0F8F6726EA80F71B756F2217424
:104720009E365C3F8CFCD8AE8E18A9025343C8CA93
:1047300003EC5FF8A96164399A2196EFEEF8299AA3
:104740007BA60B19FF10AB42A492F153F4CE9B7CD5
:104750001CF7E35D7AE71F53FB51A466FCA53C0DF3
:10476000EF2C2B6F9D52618CB37E75B77F24AE5BAF
:1047700003C1EDC0B84180FB07F47E1F8AA3059CEE
:10478000EFA38D5AEEC7CBF291B8173C86E22A28E8
:1047900082FBFD657A246E43C8505C03D0154FD36D
:1047A0002BFB8587AF25F4C0CA6F75AA785E173ECC
:1047B0009D0B4ED87BBDED7220EC4F5B676BB498C0
:1047C0003B84F5DB0D51254EE9A14947858CD11875
:1047D000F709F84B0DE20E35B9F8453072A2529B3D
:1047E00090CFB37AC4894AC2FA610E3BE44425E112
:1047F0004EC56CF1092653C2203B91E064B2AE284D
:10480000AEE9109C80D6F50477129F391E5C209E7D
:104810004CACB9A0F614D6F92F4AE73E55DCDBA71D
:1048200060CEC3B9792ED675BDFDF6536BB478C58D
:104830003993934EAD19D80CE7B02D3EFC76B6D621
:10484000BABAF7BE1D2B0563294A242C5D11330724
:104850004E272CF214608000C305A811609200D38B
:10486000059825405E8025023C28C0A3026C14E018
:104870004501B609D026402652A02FC00001860B64
:104880005023C02401A60B304B80BC004B04785051
:10489000804705D828C08B026C13A04D80CC5C816A
:1048A000BE000304182E408D009304982EC02C01E6
:1048B000F2022C11E041011E1560A3002F0AB04D39
:1048C00080360132F304FA020C1060B80035024C55
:1048D0001260BA00B304C80BB04480070578548056
:1048E0008D02BC28C03601DA04C84409F40518203A
:1048F000C070016A049824C0740166099017608929
:10490000000F0AF0A8001B057851806D02B40990D1
:10491000A911280B305C801A012609305D805902EC
:10492000E4055822C083023C2AC046015E14609B05
:10493000006D02646A85960B304080E102D4083035
:104940004980E902CC12202FC012011E14E051014F
:10495000360AF0A200DB046813203343A029408DFF
:10496000009304982EC02C01F2022C11E041011E8C
:104970001560A3002F0AB04D80360132A1429B057D
:104980001820C070016A049824C074016609901749
:104990006089000F0AF0A8001B057851806D02B4F1
:1049A000858AFBA4A57DF6EA1B387361D5E3D83E62
:1049B00005EBABCD2A265A9E7F18326D05CD4FAD43
:1049C0000F682C4B5331A90CB9FE6CC24953AB3C58
:1049D0005557240F513121E42E3AA13C8B9FAF341F
:1049E000FFB4807BB68BD65DE0DCECD78BBBE88177
:1049F0001498F78488777E807DEFDCA50EC8DBB83D
:104A0000A686EFB1CC1848CA8DBDEF19500175C804
:104A1000456A3E1F2DB5E5C66EB04CE2C366906C8C
:104A2000868F0752787F534987CCBA376C70A7FDC1
:104A3000CB55A866C2D7DDFE0D2146FB9DE623E1DE
:104A40005F5F4DB9A9BEBA435774DA5E2358E0FFE1
:104A500074D0DDFE1521BB1D5FBDFA17EC303D396A
:104A600090725F0DF9606331FEBB21BAC5D1437A04
:104A700055F1EF0927F1B72D3147881D3CE2D908E0
:104A8000363A4405678FBA6ECF4AF2EC78789F7F4A
:104A90001BD43CA01ED881A99EA877F408FD73956D
:104AA0000DD345AF90EBEA29B0CB0185C1E905E212
:104AB0004954EFCC4DDBE77111FD39CDB8DDD4EAB7
:104AC000EFAB9217BBC1999BF22237159343683421
:104AD00054B9375A145D387B2DFA79686D188EB049
:104AE00085509A1360E3E174FBD699FD76DBFE39BD
:104AF000756B9F8141C62FD58C9017984DECF1DBDB
:104B000061E317A1A9087283C5BC1138614D3C212E
:104B10004F3CF5067FCFCCB78BD7C299F585338C48
:104B2000C7F45CE15DF88220F7C65DF4FEE78467B8
:104B30006F3AB8D3B03FEB2264A784F46DC65F1B15
:104B4000CCDE815B6A327F889EDF41CAF7B9DE80A6
:104B50006FFCF4425C125A3A017F89CBDC43EBDCF8
:104B600096BA014F3D80D3F8EFF844FE3B5EF8065D
:104B700026B39849B70CA4BC056FA3B7377BC70D04
:104B8000CB40978A6996F8675E7E159EC4DF0F92C8
:104B9000C393E886E5E1AF37E12F101D383B9D7CDC
:104BA000A5A879221C838BC7BBF1E4E9DECA749106
:104BB00013CC46F14E739F88C17891EB9EA1BBF751
:104BC000280DDEBD47F933CD841E3EF74F384D0921
:104BD0006DC9D58894DAD63F5F3FD3B8BFC5CC0A3C
:104BE000E7526D144F952CC8876F6CB122864647EB
:104BF000F6C5E6E56AF9B8F735D5FA0F8C730A837E
:104C000021431F76DDAD17CFE9862C53E157EAFF2C
:104C10007CA55F6F98148CD3B3311C8CB8381FD629
:104C20003AC9F6E0B918EB6EF35D3F1FF822A9D838
:104C30001E17D23F67D2BF1BE778D2BF17497F7ECE
:104C400021FD7322D7ED1019BDB3539B1BC0196C06
:104C5000CE5CA38585B75168638D183A497C4B5566
:104C6000884F1D94A4DD2AF10DF6638ADADF2E62E7
:104C7000F09275B826F69F5DAD8E13FABF114E54B3
:104C80009493FEAFA22CF0D5BC3DB6FBC209E0EF79
:104C900029D0B40AE157251C94AC21DFFDD86ADA8B
:104CA000ABA473F724885FA51075E1B280F5AE025E
:104CB000DDA8177E5529D0C97AEA06CEFDCA4A92E8
:104CC000CEB6C0274D4ED743261DE444E2AF53096C
:104CD000F2FC75FAB726484E54C18E0E73AF700EB3
:104CE00098279C5DC2DDB88CBF5602FB96AEE29D54
:104CF00091F84C372A20BD5E6D807B4199FD7E2165
:104D000070286910ADA64CDC9D36E73A85251A9FC0
:104D100030CCF5DC8568D445941BE7FAB5E9877497
:104D200064DA3B0B55EF2DCE30F5DA6451DBEA2E19
:104D300081669CE28A9C68A7557002B0194E0B8769
:104D4000DD3C3776C1D7F1E491700A0ADEDF73F5F6
:104D50008D23067EA1BA1B9F882673E55A3B10DE81
:104D6000C113B9CD121D5AEA448566FD80E02B437C
:104D70006F411E5BD2CFD4C412A7E5CC49F56D6854
:104D80005154E27F36C2156EE5BA322A40D9E6B4F4
:104D900022349DA19C5A7845563DE681E8F9C177B9
:104DA00050B55125FF8E60BC70E6DEBF6732136DD3
:104DB000F8D4DE6D1D48384743DC4DFB77F1F481B4
:104DC00065D787E6797E503873BB2E28FA0EDEBD94
:104DD00003768C7C11A7633E785ADC67C21ED5A887
:104DE000C281142A9EDB698393AF4250222F7D75C6
:104DF0002FFA962D45D9569999BD43D999AB1D9E49
:104E0000A91E257C4505EF6FDEFDE58F701AFD3E7E
:104E10005E8EBFD15121B484E7E54C0E9C8BFA879E
:104E2000A539F94C0E2FF76DF54D4BEF821C3A79F1
:104E3000083AC727DABF2BB2B4EF9CFEAAC57B0B9A
:104E4000FF25FE2629ECFEFE67AEF638EC804072A8
:104E500017AEAC4D658E40C7F76E6BC1998B7C1059
:104E60007C05766FD3039322E46463BD2DC5269C35
:104E7000B72C9E58065F52309E383B45635E2C48E7
:104E80007A1DE6A25FCDA18FE07B73374C0A9F931A
:104E900052D6A2F8CD19A207E1921F5B6DB046333E
:104EA0000F605B18E4FF1DFA412CD58490D347EFC7
:104EB00042690C64DCE3D243872E0516FB85C8519A
:104EC000F92B3B7FD1A5C686A45BD4ADF056C3D2E7
:104ED0006AE37FC218F9879ABE1725CFF03D3ED905
:104EE000FAF95DB8B5D6BBEDFD27EA3F7DE9D357AA
:104EF000EF5C4E000FBFDA10D077D6E238D94A37D0
:104F00000DB2A3053AADFF4A28C6FB9D26C3F7D6CE
:104F100084B62D12E521F3FDDDF025D7DCA649C0CE
:104F200057381182879145E43C9C2C6DEEC1A7BE99
:104F30009C364F78E8CC28FC2ECAE0C44A6313CCD8
:104F4000384EE15A999C03F23BF58E530EB1CD9049
:104F50006FC90D002B552458913F430EBC985D3A04
:104F6000DB78FAD3B5E52FE1FDC0C257A685AF01C6
:104F700005BDE7CD510195E6EF8511FEB27D84F7C1
:104F8000E6043F20A90B897E80F80E724AC4966B16
:104F90002B739BCA5FC794601F1CADABD186C15FEA
:104FA00027F81BE2FD8AB1E9D3977E5A23D4B23E9B
:104FB00096F01BFD2ADEFF547886FCDE8C7F0B6D9D
:104FC000D2E15F22E5436FC937B96AA38AF9B87F96
:104FD00047C8053DF9CBCCEF270AA75BBF0D5F1F84
:104FE00016FA84ACAE8DA41D6F433B043AB8DFC4FF
:104FF0009E3E961B4046B3BD132C79C5572DDDB0A0
:10500000EB4F0569DFA6E4CB14FE6E23C8E358D846
:105010008DCD4DF952B4319966AC7F758A36E4AACC
:10502000FDCB318517D5FEEF631D1307EE5381EEDF
:10503000ED2527891EDD24E713F492F17922B1B71B
:1050400045D9C995A933842FD76627CFC012AD2182
:105050002790F491F9DEAEDC6F4A75B614F72F7124
:105060002DB4B93215E7EC627C9BF0352FFCD531BD
:10507000E9DB57787C0C2EC4A7421F377E565802B6
:105080009A0219E690A12E6A51C729384B8A2BF94A
:1050900035EB0FF6ADC3F74CF9038C985F8C5ED9F6
:1050A0007275775C229C812F651C37BFF67CDFBA56
:1050B000A41B16753BF47766C6365EA3D444EDFD9B
:1050C000F74CD68BDB7B0CFD6556D544EB44A7072C
:1050D000B981673FB7EE39765F945AFD36E5E9F15D
:1050E000DC134DBE66C4F97D9442F97D1A44F9D5AE
:1050F00044C8C477D0704EEC5D906172DBCE2F4B0C
:1051000075939B4A37C7EC623ACA75F81B5BF9E1A5
:105110008574CB7AA97DE41BB5062A36BDBEAD7B6E
:105120004B92D18277813E5C4A4E2DBCB52AC9D3C1
:10513000F2E70D976CEC6DDF9B81ED092DE707BE63
:10514000EBFBF1CECFB75A6EC017BFAFBD3870A41E
:1051500050372DFACE243841E2C0D7E4CB536669EC
:10516000A44FBD9F0C5FF212DF4F0043ECD4CBC4C1
:105170002EEC21D71B7E4B5D92F641DAB855B7B7BE
:10518000246E3DB275CCABB7D724C2F7BEC7ACBB5B
:10519000994D693CF1590CD27713774B749B7B2462
:1051A0000FA2B153A4E2B3619D25578BFD03389143
:1051B0007D7B70011F77DC08DF5AD59A5305FD56B9
:1051C00081F609BF7C9EF7957EB9FCA18FF026F190
:1051D000118493515B3796A7AAD4A761B709686079
:1051E00058792A3D51B5CC194E1DF3FB341338AF15
:1051F00095615B049EE44AB8F35104857DDAFDF0C5
:10520000B556C0157C605F49E3E7C0F7797A0CB406
:1052100038CA07DE1347F9AAEFE004176FB50DE1AE
:10522000FD06DEC427E9C667600ADF73CC14CE0F23
:10523000385289BF67C9C28714607707DECBBA4F7F
:10524000EE8CB86B66D8350ABB15AF68A984E2FC52
:10525000D97299F05D0B5113AF071BEDF6A5DB7BFF
:105260003D9C6E6F84D3FDC143E9606FF562FF70B2
:105270004285E07D0A5C6BB63D718BDBAD74C6E7A1
:105280007D825E08A3BA955724E01D9D8E51CD7096
:10529000F1B8F005B8403E3FDC4824BA39C1AA66EF
:1052A000A288DFF2B4D823F6073875670AF15BFEEF
:1052B00036CF82FB907F28A8469D89779804BD371A
:1052C000EF6DF18EE1D8C76F8BF7324F48F7B4A777
:1052D0003F7EFBC4EFE4DCD1654CFC5F3E0E1AABB5
:1052E0009A3D01CED182D30F2D46A69C2B039BC2A3
:1052F000D8AC8F287B6473E1F4CB3EE1FCC7ED545E
:105300007CE276930B72DAC728F1774C444DB8EC07
:10531000DA46AE05EB8E3ABD5F13BF7D81EDB35F1C
:10532000CD61041CDA8CC799A00D8CF280D23AAE04
:105330006CC025CD29D5DC2EBC9F4D545C7E24D479
:1053400020EEFC9BA7BE02BA374DF9E4F2A7CC9D34
:10535000F894DF7F3DABF28453D46067C541D9EA4E
:1053600002739BB05F62FD3EE534945122DAE4E8BB
:105370005DFBD809C219AA7EFF8AD0E679E54DC83F
:10538000DD8377A5D4190FCB26C70D24815CC6D742
:105390001554C9DAF79E2F273BE423FC6A5C903052
:1053A000F61D347FE5BDD2A4841360F0D58CDEAF4A
:1053B000BCD70ABF9E805FEB855F21BD5F9DE35F29
:1053C00090DEF759F71B621B0212A59D79D18F332E
:1053D000D3AC8FCD1E10EF1F5C44F48DECD5C8F913
:1053E000D4EACEFC3C858C7C3E11423B8F1D9A6FEB
:1053F00065999FFE1F61EF1E1755B5FE8FAF3D33B8
:105400007BF60C8282030C0816325C94D44850D48C
:1054100094509919C1B43291EC9C3AE006F15A7A51
:1054200094D48A621C867140521A6034F01C420582
:10543000E5549F9470525340430E969A95B76E0769
:105440001D61D45031B9088A7C9FB5D7DA4097DF07
:10545000EBF70FCCDAFBD9EBF2ACDBB39EF53CEF0C
:1054600007C725A63BE244FA3CDAE102381D807A00
:10547000210D91BF6AD0637C3DD5C50BCCCBB05A12
:105480002BBFAA9257807CD71E833D0B596EFB55CC
:1054900053A86375E723DEC51519A3B6B025699631
:1054A000060C24EDF0652F08273061CC959E51360F
:1054B000DABA109E37D56ADC0B93BB5E82B7B4DCD8
:1054C00080F136C08BB6E67E051CF90F72B8B2DFEC
:1054D000068A3E37DD0E2FF65B2595799B4E897E39
:1054E0003D4801F97FE3BF6107DEC1009B1BCAF3A2
:1054F00060BFC1FBA9FF063F259CDFF0F33482B9F2
:1055000031042279822CFBA29F390A9D0EB55D8061
:10551000D2FFAF255C8D5B3AA62B9CD4202900F7E7
:105520002FEC9EAEB88FC1A35E9081F57B94BAE854
:10553000C2DEC44D6A408FBCE25E3F6DA929B7D080
:1055400061A2AB50EA31D2B6DAD1F45C23A643159E
:105550001B4CA28C713C2CDBE334C5532BA5746728
:10556000085D4CF0A1FD266D7F249A6540D94871F5
:10557000A877D275EECCE51A8182ECFA756116DF58
:10558000C6308A866D2AA6E78B33736B4669A57889
:10559000EC9296F80A7DF8594550A5E585D303F9B4
:1055A000A3FDD0036ADC03152E42DB9FE90A20DE4F
:1055B0003FBCCB10E8B95CF627DA7361D9C1CD14D2
:1055C00077CAA29E0D652866BF474653FDEE92C579
:1055D0000E0B17BEEDF52D2B1CA907C3B7AF7748EF
:1055E000B87041268BE276F1C32B64258E12A77B1F
:1055F000DA76C787F26D4EFFABFE4E87CFA587FEEA
:105600001B76DE21B3E8D9676CAFC0DA92777AEB0C
:10561000AABD2A79401DC5057A8FF2E54473B5719C
:1056200032E007B47C8E8C9339C6B1CEFB091F7E65
:10563000951D7A92BFF21DD42B77EECF62EB83C516
:10564000FDE504DD4FDC5FA66FD81C2A7FFC77D90F
:1056500051E9C716B98005D05CC11AAB2DEC72D1E7
:105660008BF5117B5AA57613F6F4DB20BBF385800E
:10567000D96CB2A0FEF70F99D3C683168EB7ED7E14
:10568000D2B315301014FE6DF097F3BFFEA1ABF14D
:10569000902B44AC53F6005610E6E2E60A05AF72D2
:1056A0000D87D58955BDED8F786FD740A12F58A1B3
:1056B0001FADBC6C08F807E622BA3E7E496703AB13
:1056C0007263A4E0A703D21A2F19A2A892F7224D61
:1056D000A61CB0061CC5CE47D017323E8F1B6F7A72
:1056E000D61067990B9ECF8A25E6AA4E1BB3EFB85A
:1056F00035BBB5AFF0363D37D7A9E5C2B9B1EE0835
:105700003B7946043B9D89162339DEE39F63D11123
:10571000CB3EC0986EE3C0AB1C72801DE1CBC96369
:10572000B25DF97FDF0AE1B72A475BCD4A171F4513
:1057300015EC12BBB62A3B6F526ED61FA5F57B60E7
:10574000D0E29A1B8387B094CF746CA31EB26B8493
:10575000F690160667E79F3846BF6EA65FD77611AC
:105760009AB4FB84A6D96868907EC1498E99166761
:10577000533E50CA800E42A9EF24945AC3406E266D
:105780004AD3F41BDDA7BA6DB06B42FFBE3B40238A
:10579000E653DA46DE69337EDF8E803B062D4B67AB
:1057A00062CCABF4FBB73CEA2AFFF87DAB807424F3
:1057B000D0D5FE8DD099360CD0D57F41F3BBE99A78
:1057C00044E54EFA25BA0158E964BCD5EC3380C4EF
:1057D0004BF273323A0B5D25D85A7A9A68213A7E99
:1057E000D33734DD8C57138B938EB809F85C0923BB
:1057F0008755BDE507F17D86B8E3A83E805845F0A2
:10580000989B85193BA1EB1A59FF03DEC53B19ECA8
:105810009F32FE61E22C8ADFEE20EF32DFA5FC6AC8
:10582000F6D0425C681E5668078D66BB5E5C0B9ABC
:105830008679AE765F0918E95E2EB0A751B9E13BD3
:105840003CC2A530D697671B06568DE7C272618FA2
:10585000F826CC6CCDB630B0F3095EAADAB9947FE5
:10586000EFD1F65E8ADB2FACFD2B1C5BB8337805DD
:105870007128D83384967D81F667FE9883A6B9C1D6
:1058800047F02E175755C5E2118FD1351C9B1A2EA4
:1058900045982F0AE892ABBA761E01F44932BE0B46
:1058A0003022DACFF6FEB3B61E4B25A1CF8254F2DA
:1058B00005D8CB40AC251E42BE905B1FCB9DDE457C
:1058C00067C471F31FCADFB3AFB70DBB03373F6FB8
:1058D00075C0DA5169713C1FDE572EF63BA50938B9
:1058E0006D65B730B49F3EA2E3ED2BBC6328F5B6DF
:1058F0004E84710F5FC2E7AFDE287E651722F72B5B
:10590000700A8812FCFEA20FDB0A78EB1046AA068A
:105910004A98874EEA2B4A387CF817B13E7B697D5E
:105920004E5A5D19265547E74DE3121AB135F33348
:105930008CD5169AA6F1B92B019DD2E66E17D01B15
:105940006675CB0055850B97C2F95ACA6FBAEC320F
:105950008F727ECF643A1FF7500FE285F702DDC3E6
:1059600055BB24482ECD9658CB24A8CAB218392C42
:10597000CADB863153EC7990B35AA3F1BD8B11E9A0
:10598000A51A97BB92C238E659951B525499B73065
:10599000C6D31C7A8D4A14A50B92F5BE8D5640C312
:1059A0008078EC66CEC55371D0A6C9B4779BC6F09B
:1059B000BEAD123E679F7493AFE063DBBF6E68328B
:1059C00095F79FDAABE292A08E31528DF28A6497FE
:1059D000F2AE243F4E6B675D1DF9FB1E88ED6777C5
:1059E000DA2E0B71EC0F53FE561BBF5022B2F69508
:1059F0009554653F18BCF2D9B7207E0BE7A99E0EDF
:105A00005FBADD0A83BAC2DAE5A5C7CFAB2E9A1911
:105A1000536EDE59E37437C4E7B8498EB0A367DC30
:105A2000CE26BCD7AD89303D21C672DCF51A950073
:105A300003F6B3639E56EE435E7A61051C3BCACD06
:105A4000E1DFDAC3BB2A87420C716845045EFD863C
:105A5000293BC59AA616D0F5EB3F18DB8DF2B9B0FD
:105A6000CCB6650EDDAF2B079EEFC1CF5FA7F47BF1
:105A7000073D2F2AB37D2DD2570CCAC706F42F52EB
:105A8000FA3D822C4E66F27490766AEF8584879395
:105A9000D5BCBC888E0F1BCDCF46F7B7B27B21019A
:105AA000946649015D570BE8BA5B44CB2BBD7B3054
:105AB000227B05A3419D881DE2607FFCAD8AFB151A
:105AC000FC913974ABEBA91A00C9C77A867F80862E
:105AD0004ED16CE70D0BA44452642F2CA4BB1ECAFC
:105AE000F3A81723E105B899C2D61CB3B218B5972D
:105AF000A20BE52A6F9199B9C44671117CC0AF7DA4
:105B0000D4EB6DAFD71A432D72BEC026C7270763EB
:105B1000455A1B3EDD839C7F1DE47CE1494327C839
:105B2000FEC2B38A5EF1995976E8DF6095EA3D10CE
:105B3000BDB7A91AC63FD3816F7B394034571827A8
:105B400059B890416B518C9C7F9CFD14CE9DE126F1
:105B500018D7E6CCB5A5FA70BA3E5AE9281E07B5A3
:105B600025F2EF7FA9F6F64D1A6F205FA420AB63F4
:105B7000C5561C3DED5603FD7E2B7D3B867C5DFFAF
:105B800025E443F40A1BE8F77922C55AF7B87038C0
:105B9000910A2B6AD3A8DF690385158A93604D6942
:105BA000B918A5702FAF65CBF3F5E464196BE1BDAF
:105BB0003B5C4A927CF56536ACE100BB0184751C08
:105BC0001DA0E3A0FEFF7DFCF07219A9A3D3226AF9
:105BD00077C4F87CA52FF18FB1A583BF6F81EF3912
:105BE000E17B5ED9222179343F24E7CB66C5EB6D9A
:105BF0005B2FE3BBEC3DD5F8EFBDD09848D5C52869
:105C000088BDA2764FFDB1F9684912EC0F2BD6BAC8
:105C1000EBC34B5EB776854AD66ED3477AD096C52E
:105C200078761F26F3D692894731BF89FBA02409D5
:105C3000D040A46536D0E384B369B00266AE0DD01F
:105C4000872BF5DB8413243FA265E8DA6DBA70DE9A
:105C500005CE6E5116E11C005A5B1BEFC51689FA82
:105C60000F341DEA5FA0A465A0A162BB02E6F0C3E9
:105C7000594137877570B670A10669AA42D9608903
:105C8000DC8925F250D8A90724728BDEBF5EB18172
:105C9000D02357DE9DDD36305A923E8328ACEF0983
:105CA000692289BBC1FBF76C0D98B30DFFE473B893
:105CB0002D3E1BE09CFD29877C1BA6BDFE531A3E92
:105CC00043C0F8CAE9AFFF8AFEFAE7600E049AFA09
:105CD0007753D2B3C5E78E62AE2AEDE90B09DF53E5
:105CE000AF52BE2F859DE73829A962B5A889042C3B
:105CF000D716BCA3C8EF509C9E4956F6D3C7D5CD46
:105D0000F80BED1DCAF57B41E9994BFD97EE6BF061
:105D1000892989E11FEF9228526C9942694FB15746
:105D2000DC972A520C22EF124B965EE14AAE0F8AA4
:105D30006A9228E0F69E13E2AE3C68B627CB32AFFB
:105D40009F865B04FF3AAC97C475F099616FE03EA3
:105D5000057DB51B444996516CF9B7602C6F23B192
:105D60001949ED4DC964A427FD8DE05098D6D3F4B0
:105D700042882F9744220B579A207AAE1C01C233D7
:105D800046846C9E4A67831E9E2941479320E044C7
:105D900016E1F9A029E5C4B773FE1E83BF81BB39A4
:105DA000394AB6C19720474431F4649794E53F9B44
:105DB0007FBF82D62AF39FA4ECFAD7E9AC9B07B841
:105DC00022CF92FAB12FD3FABC40EBB78AA69F65D7
:105DD000B5267B188D319CF49AD8AECC733EB3CBEC
:105DE00096A8E4B225A09322FD9348BE88994BE380
:105DF000BB2FA3E9D914897CB9F86DED69F245FD93
:105E0000A28EEA916B30BE00411AC078A838021207
:105E10008E7C646BC4B364CC7C3C46F6FD4AEBBF1D
:105E200044CCA1B491E4104CCB443A5266F0629A4F
:105E30009EC1C40F60140C44F1996F9A294479C52E
:105E4000675911250A5D032C6D927F527FFE274E04
:105E5000D15699E653BDD3331B215A32131FB8C50F
:105E6000364D884FF498D5257378606EE19C2A35BD
:105E7000ECA25DA18C21F4F28962797B1F41278A13
:105E800000771129DEA7081E909A993DB5C855CB19
:105E90006F320D42CF4F941EB6190173DFFF0DBE56
:105EA000E83E3AE27504455C679919ACC3BFB07728
:105EB00093B7E1FDAAEC85D2239EB9A8EA9A8C316A
:105EC000044D1262F740F40C87FFBBF95F85D09B4D
:105ED0008A98272252B50C8E098D51E422BA83206C
:105EE000929143BDAE4BD91FD911EBAEE1E6D4AFD1
:105EF000D335FFCC241319F70112A611E2C0229268
:105F00008A61465DA1FDFB7C7FFF56D171A1A5EDA5
:105F10007F92E2A73C4BD36164DC92599219E3A6CD
:105F2000C5D1A0008B91464DAD9D23E6D4F48938B0
:105F300042B4B3E8EEFC44420D91FA1AA8D417CA51
:105F4000E2BB1E2FFDF61318E7573A71CF8451CDEF
:105F5000445294C7D279FD2BE8C32693795DBF9F45
:105F60008CFDDA6ABC8E8DCF7278773E2C59BE7D5F
:105F7000C9E618938ED11DA2372A018D4CF0A11AC3
:105F80008803E3D60E88F111104F94C45C61C5E814
:105F9000DF9768FF7FC9D2D6E356D0FEDF25D699BA
:105FA0009DBEDF8E5B2E0D6E7E9A4AB79EA976B29D
:105FB0002AE8B7E155A1F02B7CF3E7A10384772D04
:105FC0008D1F1004F75D643D19DEAD57C38AA51916
:105FD000DB15681A84838FA3948246BF41B8EF7B98
:105FE0008C7FB75982D19901BFC18AA3EC6004307C
:105FF000727F51F17EA52D87C316471989E909FCE7
:1060000016279696A533ACC51739667B9DAAA30BB8
:10601000E11BC84D995EC7A50D2CC2F154795517E7
:10602000DAE1946A21054F46EE048D2F6B6233BC92
:10603000BB6BF05D1FE059D6C25DD2522877F2D219
:10604000499566CD672C2043D8152EA82A9B456B11
:106050007D5E0A5F5BAE08979EE760379B88D2D56E
:106060004AA7F462289AC94D2D04AB5AB8337F2948
:10607000BC2475A29ECF73A2043DAE8D979ECF77B0
:106080004A4CFA9266CDA7AC6453E67EFDCF35E765
:106090002055B2C62DCDDAD5D50BF87E8F20F2294A
:1060A000C68BBA0AE8B3722DF29C6908F199E13FF8
:1060B000B3D8C421C707E71FA9BC38683B93FF4A80
:1060C0001EDC44B2A5318AE3D68B2CA008EA90FFEF
:1060D00009D7E338FAEB204940D0E33AB10516FF7F
:1060E00079DAE6348919231E5AD5F2416FB902FCD8
:1060F000B6370182ED24FAFE4B85DFC1BDC8F6D765
:10610000BF5831B56893B9D2F4E72F9CDBF0177F05
:106110004D2F68396E548086981DA4C36D987B18E6
:10612000F62CE5597FD8A163189F39BE3B55F87D01
:106130008293A984B848DB4F50A4C43F7DA78FFF4A
:10614000FFFE8E11BE034E5E1163D86E7FCBA0F7AB
:106150003D3BEDF54BAFC3FFAFF05E331EDFAFA4A9
:106160006EBE723589D1E25937400B67357C2F8579
:106170006F9ACC1B613CA8264E8491E1D6289C677F
:10618000ED0DBF9A1AF02FD051B56DE731EAAEE6AA
:10619000D3CE56E1FFE72D37090A6FF6CD0287A768
:1061A00013E76722239681B816C25EEBBC6BF995A4
:1061B0007CADBF2ABC99D4D546CA8DB96B083D7455
:1061C0005605809410F54F46D06CD8FF15A4FA6D93
:1061D0003723894FE126935CF592420267F6A5DBEF
:1061E00093FDBC4290C44B679B6963F2C36CB8FDDE
:1061F0008C567182953BF80B8FB62717DB2E22BB8E
:106200003C00EEE726D90CD6C3C2FB91C01161CC8D
:106210002681B5C6F3B1E160FF0029B87FEFB29ADD
:10622000D7F74617126448FF19A6507F88280B320B
:106230004B1D9E5730DEF5C20E79C4F912C6A31667
:10624000DA5011DA699723493144E3C22B2FC40B8A
:10625000035E13B9D23C9FC456F36D20B1D5769C32
:1062600030E907E747BFBFB9FF84F0ABC17C43D536
:10627000158A940D5138AE4794B94FD5A5FF5DCA24
:106280003C2855976B6910A3B191FC40B51BE0AF5A
:10629000CFCFCD77DA1B3EFE05CB0CFE27EC107D71
:1062A00003740EEE6435303B8A2FEA51F7D6EEDCEC
:1062B0001D67710D81FFCFE27A197E3D941605119D
:1062C00035ACE68B37FDCF32A5308B85B851BB7A24
:1062D000C87FE33376E12DA7B8344B956646974ED9
:1062E0006CD7E3FFDB1BB6EB5F29DEDEA03E21C4EB
:1062F000B6FC14DFD289B799D8DE279F222567A67E
:10630000289B85DBCE527DA418E3597E0DF731E63C
:1063100098B5280A615D0948A7CA49364FBE3F1E95
:10632000985E8807E683E3817D7EF1A31FAF5F144B
:106330007B6B92285B0791DB5B09443A1E79DA0696
:106340002BA9B1BAFEB626520E67D528059CABE53F
:10635000A2BF8322DC3819D6207CDF03B6BDFE4BFA
:106360007480DDE35EB7B341948E7EB7124409F3C7
:1063700030069F09C29181A26927B596A5315AFFBF
:10638000A66EFB01B3E1967A09D6B3EB9C1FBDBEA6
:10639000778541A776601CD65DF7F1EC1888BF8938
:1063A0002D8CFCD74054176596046E7B41D3308FFB
:1063B000EE9099C91895CA2A6BE3F09D05D800F4B0
:1063C000F03D5968C0B64AB21C5B57A9D4E406F345
:1063D00014AC20F967851E8C4A3B1791E3046CF3DB
:1063E000F934A7A497D2BB07E35E89252425E112DF
:1063F00000FF4B9865E6D322DE52766B8412A26DC5
:10640000C79A62C782869DDA45ADF1AD17E5192CB2
:10641000BF8CA6F1766AEF39D882476CECE51A2A70
:1064200017378A51093162530770268496869EF782
:10643000A81FD8AF45CB96D2FBDDF44B73FD2B6B79
:10644000CA9AB2AF45C0576371E47272C7BC4C5967
:106450008FAD2A92079599D95A6F076C6477DECC75
:10646000BAE36F421E8A585DD9D7E2EFBF7AED9347
:10647000ACB09C4A88FB9B170FF8622C3FB700FD1D
:106480003582A05F3644D73AAF9C49F7D95B54DEDA
:10649000DCC7C4D5CDA9E22C88CA5FADFC051BC4FE
:1064A000701FC318EB39FAACFE572ABF965BD74F63
:1064B00041FC07890C7DBE9DCA177B58A5E3F18D71
:1064C0000FE87DA08DDE64ED5229650CAF2F905052
:1064D00079B590CAA7652CC47D0CEAA37A952D5492
:1064E000BE29AD53E6DBABB81C84CB05DBB547B0AA
:1064F0009F0DE3D741044AB689E6504F758301FFEB
:10650000C2510C77E8F9DB763991672A0C39ECE156
:10651000C29219D84E185B0C955CC56B972D4DD067
:10652000DFD69CAEA94BB3701D80CEDBE6FFB3DD9A
:10653000A43F6DD77C2A47DD35D396E3DE8B36C981
:106540005B275D8BCEA29654CF95A5323760771529
:1065500022C39175DF7F4D7E0389C88DA371E33D12
:10656000E3BC1D8FEB57D6FCDEAE66612BD8D5049D
:10657000A1C8B5A35138E800B23A3C55899F83952C
:1065800020EFB4CBF82276389EDD24C6D305C6367C
:10659000119F1CF60C395618F9DAB47F6E490E8F2C
:1065A000174F913132386BC34DD97FD05FC7E6C8E2
:1065B000D36F4C7014743C924E91B3635F334E05AD
:1065C0009400BCC7628B840BE24C0D951F84990A22
:1065D000E8DCC355237C25AA974748704CFA6279BA
:1065E0004F5FB7BA5809E7E0DF2E0EE7BF053D98C9
:1065F0007AB294FF9A739F9A9DAF9B7A6D7C13D564
:106600006DBDB32935300D9068DDF158857D2827A3
:106610008BF769D34C5EC09415B8B67A8055834C1D
:10662000B06AB8265835BC709C9E1BD71169B1D989
:106630008DF6BF714D42BE40CB7B75A227EDB211E6
:10664000E90F981087A4F3374ABF86D2BB50FA4CA3
:106650008A21E629DCF690D5ECC6F9A37F5E87F4A3
:10666000F70FDBC6C66FE629B2E0BFEA8E4A7C713F
:106670006C43CD67410CFF93129580B5097C15BE24
:10668000FDD7B55857B03E54B2FD0E9975A106C35B
:106690001DE09E974B273EF3F2DF2B91FFBA4D365C
:1066A00046FB614DC95BCD17E7C10D6B77A2037542
:1066B0003CCA38B70390C6E2AA57251C3DAA01A3DD
:1066C0004D4D24AC4D58C638634702567303C66A15
:1066D0008E16309EEDC835F9E73C57407116CFC88D
:1066E000F4FCF53E44592058A01D541EFF9C9E0604
:1066F000E8B910F4CE24BD4A1D89639AC60EB74589
:106700000AFA151F2A1FBF27E6507A1734F664DEEF
:106710001E1A252B99F179EA6733B6656C59D6FFB5
:106720003DC9CF42D34B1DEE83A39A6279597E4D6A
:10673000FD991037759D7FD2F65976736E2DC4285A
:1067400099C82BBA50FF695AD5A520E52233CD2F21
:106750008BE6C78BA5077F06370ACF92A7B5A9841A
:10676000AAD940D3493452A3919E4733E969E71F20
:10677000FEF46BED7E63B5F9EFE46953B2100B9A4A
:10678000E07166409C1DA310FFEBEFD446E21D8A2A
:106790003FFA365D4DFF4672D8F3094DBFDA28C483
:1067A000CAA2F55B44F3FF3F9A7EA92C89EC7CC119
:1067B000E1B4DE07C412F897E93AB79FDAD5502D55
:1067C000132BA6E92A66FA94A67B8472845A65A6DE
:1067D000D3FAFE936A335EA0E5D25A952EA0EF5706
:1067E000D3F4737805827D331463EC811C9784FFA6
:1067F0004B43B97FC0EAE0D28584A7A3BA5EA57CEB
:106800001B0FB5C64F8E712F89F200B5397D8DC62D
:10681000355E41DB174FCBDD47D373E97B713CCC51
:1068200026E5EA038412A676BD44CA35270E2A3728
:10683000B86B211DA721B4DC03DCFCDF979BB98476
:10684000B687A7EDA17B87760F4D6BE9FB649A8E27
:10685000819C84922B7C8432A6773D2FE45CCD3DD5
:106860004B627315B1A21C206F3F6001AF946502AB
:10687000BEA41B463BE43F008D953E0EE53778D025
:10688000511F735C91022356324A49F39F4ACB7BD6
:1068900099A6A70877FE643CDDC4635E8C2B57B6CF
:1068A0008CF67B08449613FADD3149A8C9A79C8E63
:1068B000F66F311D0F1307B537D14D9C6F87E978FF
:1068C000DB41C75B141D8F2FD2F484B22412DB6925
:1068D000E0EBD217C5AF6B0FD2FDCA46FB23421CBB
:1068E000E9C1CF89E3D0316EC0B64F389B7E89674E
:1068F00067908721D62B8EE637AF7FFDD85F4E4F4E
:10690000C77B0A68F9E3697EF1343D86DA2CCD1144
:10691000BFC9FC449CB3CDEF9B8228BFC228FF7443
:10692000341D4CC7D76CF1AB80FFC03D20990FF9E7
:106930002A5916E56D40281D5FB3683A90F22BB6D0
:106940007F7DAA304ECC7A44CBA3AB5AAD86C655D8
:106950007F86A61FA3F16867885FC5ECC6F89AB466
:10696000BC3C2AA505D0F82FD368DA8F7C553B5D57
:10697000FCAAA914CAA25F05E7D2F68FA4FC98422C
:10698000D33E8E7F05FD3AD8D69162E8DFE077B03E
:106990003E83E3BC4EC812B88FC746485798304F65
:1069A000A21AC680F5A247D7F03FEF3C157076CD0E
:1069B000E2B15489B1BDF7AEB4C5614CD4B8C57469
:1069C000A5AB6682F9E7F7B9DBF50A88C4A7A97415
:1069D00006AACC668DFF2C536EC7FF68FF3C258E40
:1069E000EDCC02B20B9A684B4C74B54C72A7ED1FFC
:1069F0004BD343FEF07EA870DAFA8CDB249CB6847D
:106A0000134B83019F584E7F855B42CE5C51200320
:106A1000E1731DE82D11AE0DC4A91EA84B1F1D5F0B
:106A2000A3C5BAD4E6D2FB50719FDA4DC70747C75A
:106A30008B86A625980B9A83DC9BB86C6CA512BE3E
:106A400072EC6A89176881F2A99DCB03724AE53717
:106A50005720953A18CDB3F9CF328476F4F9C9BDF1
:106A6000D05E016D9AE654C1045F16F4CED36BB0CC
:106A700024F5FBB316EE1FDC3BF27675A404EF8B16
:106A8000876C9138AAF2974D2A656634C4EA62F69B
:106A90009FF55FE9BE7AE47B565607318482A513E1
:106AA00004D94518537E947F3E945F5D9E2920CD86
:106AB0002CB1B4D82E60FD56F6563ADEB6D3F7DDCB
:106AC00094DE8BA6DBF1B8773C5670FF4FB1E749F7
:106AD000FE5E947E38A5BF0B5A2832EEE9DC8C6945
:106AE000A7F1EDDD69FA0EE5B7079D0F43E97CB824
:106AF00045E5652B4DB7F5EF87AEFDFBE1AF024AEB
:106B00006B431AAA3419BEC21C6782C9C972D68FD8
:106B100058DE607406AD8ABD8BE4AD44FF95F97311
:106B20006FA26F9D517F17A45762C7CC78549A18F3
:106B30001DA1D9C53188EAC97EF4A8976A3115A686
:106B4000C94868EE8FAE3E26B677014B7D524A1F8C
:106B5000F2B2429411997A7F409618F0BA98D868A8
:106B60004BC1D24ACAF992A4F4846FD5D5BFDAE0FA
:106B700004682C2F3F2F58C78207DFF6143EA94B1D
:106B80009EB9D4AE467DDF727056BE9FB165CA35E0
:106B9000724E947F07F68D82F6BCF949DEDA2263E5
:106BA00075ECB277E45B52F8B4CF64049936AD0962
:106BB000F420641FFB9AEE63BF100ED0BB3DD0C61D
:106BC0008896ABD866F508D782548558CB799E81D4
:106BD000784B0E3634D56EC8E3D71E42A6D4CD49C5
:106BE0009128B0906A70BF869315B98D5C9D7CD753
:106BF000A48F2FC0A8B98BFEE04F82A3A2A7D70B0A
:106C00009ABBD19BEBD429827C768C972B90FF6A20
:106C1000D00C6671DEAE4B77D4FBA7A4279CDEBAFE
:106C200033972FE13CDD577AAE56AC038D43DF7CC2
:106C3000AE2AED02F65DBCBF0CDE5DDE0AF425E097
:106C400045DCD5D7079279C3B46BE497F9BFD3AECF
:106C50000B279486862344E3597F78C757E49DFE2B
:106C60004B91CA7962DA75E0D46CE0D4E6D9AFF022
:106C7000C3AFBB5B9AF1579A1AEE8022A58ABB80FC
:106C8000F8E11DEE070B2750FD347A7B4DB30FDD85
:106C900085F5FFB7FD1E59D142BF661D020FA775CE
:106CA0009D224FCC677C9D25EB01519DECD35FE38A
:106CB0005BAB7ECB49415393B6F0B02D939FF8B5B3
:106CC00051EF293D74473A254B0A77CE32FF141312
:106CD0008C3899EC98056E9750748E6DB5D017C9A5
:106CE0005EB7A6A560F9199ECA2A73E6C3AF6929E3
:106CF0006139F3C8FFDC7926B87383506A556C2577
:106D0000B25E1C81200258A21F9A97BD338FD14AD0
:106D100076F82F705FD99BB0B3448CC5316D69484C
:106D200011B6E01AE8DFC111C98F8065B5CA8AFBC8
:106D3000F93BE6A42D13FAF95675951990E23D3BFF
:106D4000D1C1C25BD4A22573C59ABBAEAB152B6F64
:106D5000558BDA07BC9A33A1587B57B05ED49A584A
:106D60003D3989611B89DD0E518685D50647BB6D8E
:106D70007D91FFA059FE79E2F4AF3EFF1BEC0523A5
:106D8000BB24E3C5F97FDE8DFAEE244D06DF18A2A1
:106D90001F5F4457B5CFE8FCFD86A6FF4FC81922F8
:106DA000728714BCBD60C759B05EDAE144BF5FEBC7
:106DB00008FF62DE7BFDF9271DB067E43AE53FD7A7
:106DC0006C2A92EAF0790349C3CCFB74BCAA5362E3
:106DD000D47BA1669D5F363E19773DC0D8C67E72D2
:106DE00039B686E0EA74BCB413EDD3594DF2BEAAAD
:106DF000899FC2991166BB2249665524C955D24C58
:106E00004E3514C9AD43914C35EC1BC99EE78C3807
:106E1000F6E9E2FB12FECE238923C7D9077EB7BD70
:106E2000D6DFE09C7DF51FB20853B924BA9095B324
:106E3000DC8D1ABE19A2CB40BC17882BBD350DFEC8
:106E4000E277C5665B0FD64DDDADA1A987A76BAC18
:106E50005C675F55541B3ABDF5CA45E253884F192C
:106E6000D2C8DD07C4FD1524CEC781B3D5F896413D
:106E7000FB29F613067DD4498F6675425F3AECD73D
:106E80000BDCF2C6170A925955C52703D29B180F7F
:106E9000D8D1C6FF6696A9A7E00809CB964A212259
:106EA000B56D015E7376536FB4A65B44BEACA8CCDF
:106EB000039F355ED90EA558181A29A37573D3966A
:106EC000A479A655F6415221B9A79C214A85C6420C
:106ED000359CC3E1FE83175678B2EA5D2F4B029DC5
:106EE000AC5DD0C9EE16F23F545186653D32739CBD
:106EF000BBA14D9D4E1A95877F48F2649FA1F2E495
:106F0000B6C2D3266A757372285FD481C87D69F6CC
:106F100078B5135B2E7019CA93EA8BF897F3A7B074
:106F20006C3A7EA6936F776D23BA32C2B9C0362110
:106F300096F167E6BEA8AE5284A3CFAB38FBAF9301
:106F4000F03A1A5495D82E8958704D9200F7D79C74
:106F50004F04774DB2632BBECBE6AE547DEF945811
:106F60008B64E05115616E81A72AAE565A75C1290E
:106F7000791A22A8FB59E4604FE78CA1FBD15E2F60
:106F80003A926B8750BE4CA2F2DD662AEF5139204F
:106F9000C058CCCA10449325E7F548CAFBBBD88338
:106FA000477CCAD2A7996DA74CE2336D04F576B839
:106FB00023F6C01953D93246CCE7296DBF9DBEC711
:106FC0009AECDEB26E2A1F06C2CDEA306A476074C0
:106FD000315159F3353AFF768AB54E42349F716488
:106FE0000ED5BE4DF7D7ED34BDDE25CB350922C217
:106FF00093FBEA71EA10E15E2B10A410175ABF71DF
:10700000344F857F0A20B5937EA274F2008867E82A
:1070100072A5661B4FDB377E868CCED5374A7C1D2A
:107020009EED3DB757CF5BE7913C78D4C79A48DFD8
:107030008D6C22799D7C82E47532016226C8693E9E
:1070400063A9CCCDF83FCB7FC3493036BD7452889D
:10705000C194E676D37DA930EA263464F2B71AD01B
:10706000C8AB58336EAB802747B97784FF1F72EFE8
:107070000C964A1C372176718A6D37CCA9DD596F81
:107080004F683A660A31455B6C49C2FA3755B2C45B
:10709000ADCE3509C78705D9883C9B8225218FFA5B
:1070A00078315ABA139FAE849C3FE73690FFE60DC5
:1070B0001B6B70548079EDAF5E3B68F9249768B71D
:1070C00088BE91F68F89CA379B283F928559BDA704
:1070D000791AED8FC729FF791ACFF25D9A7E952F25
:1070E000504A086742020867CA6782B720ED8DD40C
:1070F000115446BE833DFFA5A1CE28937E5E962106
:107100005635047CF1A45DC3693F3E4EFBE7192B65
:10711000FBBCCB65BBD54526016B1FA17DB54F40A0
:10712000743877E0EB456E38BF238525778B016F88
:107130008A2B76CCCFAF66C3498AF4C32852ABA45E
:1071400045348E633A4D2FF8B3D68DE84FA55305DD
:107150007F35A1A48060B72B24F79875FDFBC1C5CE
:1071600081DCF73CAE2D851D8F8960C318F2050ABE
:107170004CBE8C5202C5EF472D3B17C106D177316B
:10718000010997B1FFE3ABF42D7A5CCC5DB8FF5FEA
:107190004DEEFF0772D73E66298D07DF1491BED6EC
:1071A0006FD965936C6196987B8C1F589BDFA6F511
:1071B0005BDE5FBFD3033904BB91D666C641045979
:1071C000DCEF5F442D12FE97AE5F64D163FE6B9ED1
:1071D000EC7A8CD5FE7C94C8E2F2762281EF3E58A0
:1071E000B23A2C0B9F363E3C9107F7ABD4E6228592
:1071F000C69B4DA6D2400C5DD77C69FA19FAFE1FDA
:10720000341D9D57AA92DF059D3DA55B46F54EB105
:1072100025AB71DE3FDFC37927DCA5FDF72A8D277B
:10722000FB373ADEA6D271E641D353E8FB45343D45
:10723000D9D21F7D5D2BCCCFF8EB189B5F3A252E62
:107240008E4802B0A3DF0B75232D924937A7D0FDDE
:10725000C262014F39581DDC794537DABC946AFCAB
:10726000E10E13C75B83B9D8E499C41776CA32A27A
:10727000B2B9F40781A6F154CFD7F46259AADB8DD5
:10728000403AA732578DBC42CFA99B69FDE78B2BB3
:10729000564C356DEF10AF527A6ECEA677F6CF8989
:1072A000BD84AA088D4941C7E393E2DA49E325CFBB
:1072B0008155732DDE2D4E8C21B27CC0A684CBB6B9
:1072C00084BE3E63B5D683ECAAF5BF14D688672882
:1072D000E2D34DDBBA815A6B6C606377C4A9C320DB
:1072E0003F979CEF40DF40EEE0F574BEC6D2F9AAAE
:1072F000298931844264B0E66EF41EF7AD6D1B5FE0
:1073000046470FC4DF594DF40734DEEB0C36888E48
:10731000A7807C99C337E8C11FEF6D488D67A560D2
:107320009D07A5E4ED1C2391969BDD999009D7A8B4
:107330000D041D27F5D368FE7E814B6CCDD88A39AC
:10734000F881BA5E18B75F9337E8311AAF782A4DE3
:10735000FBD2DC860FE406DA22D29E28DA1E6F31D9
:10736000B7FA2E921BC44326E3D1978ECF8934ED12
:107370004973F31CC8AD7622E57F04A169F210734E
:107380004B6D27B9A51EA7E38F46774E0DA7E96180
:107390003437EF81DC9AC269FDC7D3FABB89B9B132
:1073A00077496E60374EFA7FD8D5249ADF132CEDDB
:1073B000798D8B8A610C9A69F96F0B6BFF67B17ECF
:1073C0009A488F7734E186773493476568229FCA5D
:1073D000D084CFC8D04C7BE12DA0DB6FB94664A62A
:1073E00094FF95AC9BAD588D5C1520A5A7CD60ACE6
:1073F0004A83649E4933F9EEE292952A19734A133F
:10740000C92C5657087A4A77A3DEC05F29D6B8DE62
:10741000A59A8DCC27B475E10A5777A00F974DA692
:10742000CF665466D1F91F44F947D7D400986B3220
:107430006A3B626A86386E84FF34D26FF36334DD50
:10744000FBF175FA7D8038FA41774CD6CF6B749496
:10745000F4D138CD7E34DDC32AC57A0489BA9E2999
:107460009559C1BDD0D2E78CC0016924F38E31D2C9
:1074700090219DC26418A718DE964E65DE364E3503
:10748000604EBCBB29D398F6E5746914C383DE69EA
:107490007A9539541A9F3D4F8CB34DCEE0C1DA73C3
:1074A000C6B4ACE98E8CEEFBFE6B8C13191EDB7A36
:1074B000A95826A5CA049636445A7873E2CFD2500A
:1074C00026A55F6F8E75E8549FEEF0E8EAA4E365A9
:1074D000381D2FEE74BCDCB6B277DFB59A0AA94628
:1074E000DA1449FBF7EE941AAC9F0FCB8AEA182600
:1074F0000B63410A257B400D895364FE87DB95921F
:10750000F57855CCFF954A0EAF820798E00518B381
:107510001EAF93634AC98DFAB23ED1DA05A3399002
:107520009111D483573C90571FD864E47423FB4CCB
:10753000B1949E9FA782CC6C82F6B9434C671476B7
:107540004DB1925A04C2B906300AA8B7628C9AACFF
:107550003F9574EE9B4EF7AF3FCDE40DDD4FFB9FA3
:10756000CF6A623CF6E947238DA7A097203AE6AFA1
:10757000F1EE02F72FB7F9F83624EC3447B856DCB1
:10758000428D9923F76AA0A9D8C57D08B77D779168
:107590003A185BDEA526E2B542A8C3044231C323F4
:1075A000592B4AE999BDC9544BD1F450FC15D3FF6E
:1075B0000B62B1D15FA8FF57528FF8ABB6BB2C2935
:1075C00019B4B744FA74DC1F7CF2C77ED6425D2B37
:1075D000427F82A8B9DE5688AF199605273713E790
:1075E0004DDAE0BC7C0022399FC2FECC2F7629E028
:1075F0003C39612C8AA61E0D4D279A1327360AF7AF
:10760000B964A5AD3368C53BE5A4D4518DC5DCF79D
:107610007D6BF410854656CC7DD9B74AEFC7CA2694
:10762000F0AF8936F98079A416EEFC0F8A9847F7F7
:1076300042C3B1474524C48194F28D7294CD59CF91
:1076400043CC2962139C5696867DABCF8327FEC020
:107650003939DA84CFC8A0859B70C50E6896131A95
:10766000E16FD284F49A7BA1AB27BC027F332768F9
:10767000E1EFB609ABE079E98404F8FBE9848DF029
:10768000A4764232FCFD66421CFC6D9AB0069EB7A1
:107690004D58047F51C40CF8EB1EF1313C0F882883
:1076A00084BFE11147E1494CC41E9C7F441ECE3F7C
:1076B000623FCE3F6207CE3FC280F38FD887F38F01
:1076C000C8C7F9474CC7F94704E3FC23DC70FE1137
:1076D0001371FE1123ED6CAA1FCB7E7AC6346A2784
:1076E000C55B79D90BBCF6DD6AC0520A2C5A41CB76
:1076F00009DC680317225E6F47E02D631556BF4A09
:107700001CB707C7EA297F78EAFE99F66FDB2EB42B
:10771000FE70FD976B579B963C5C7EFFB576B04044
:1077200073D8FD09279D7BC9BD307840033749BF19
:10773000561CAB0B8DCEE28F7323F0695613DE8D92
:1077400098D84595E1CBFD38B08C08117B9FFB02A2
:10775000E2FB0DB7725D7DBC117437E4D9113EA315
:107760004B624A835373EDFE7F7FAB4E2F3E67F52E
:10777000F8156A28B57B3FECEBF59EC0756CBDBC77
:1077800035C38E5751B04BB04FB2BDF46246946AC8
:107790007D97B41E704D1EA92FD748A7C959E3B4D1
:1077A0006CD638452E374ECD9663CFD825E2585942
:1077B0006BFB0F94F29F159F2D2E4C5F60B50D0152
:1077C0000D2EC4471E6AFDDE85B1DA5CA447372B57
:1077D000F57EB92E08A2236DB9A6E0536DA8BA753F
:1077E0009C7E63E9747DFA02BEF89A2B58882DEDD1
:1077F00072B576F9A2C61356B58B64C0BE8D4478B7
:107800007206A52FB82A58B76D9F05B1E8245D2EE2
:107810007E3257D47BDDDA35061019484F18B46232
:107820004FA099D6EE38C45B2022A1CED08F9853BA
:107830007B9AD7C9E465E61BD5AAF52BD032B5B241
:10784000C16A374B4DB18D5DE90B2C7B59A889A3DB
:10785000C979FFC35288105FD0EE0EB2946CB46247
:1078600049AB75848B84CABDB3707C46ACD9A8CAB9
:10787000E991A83F063E8DFB788F60F9E1DA26B5E5
:107880001D857D2A6FD5888C44FEBB2D928D0B2AD9
:1078900093024D04FDAC7CA3FCCD96E5BA15E52B17
:1078A000E42BAFBE3D33A32C234ED004819FC5AF44
:1078B000150CDFBD9EA932E740E4D9DBB68259FC46
:1078C0007B2D08DB7F90D249B9A531B88C54BB43DE
:1078D00027EBD194A63147F58E92F6DF70CB0B1BC8
:1078E00084DE0AD5EFB47A43CD2E9E649EE6AEC503
:1078F000602C90C3B6F7387594606F937A58B0B027
:10790000C61C71642ADB6CE558CF19F281C0E51FF3
:10791000C09366BD44C0339B6F3B22FF3E06DF0928
:107920005F449EFCF9ADFE8EC6A3581F7EEF093A58
:10793000AA9CCE2247FAC3DF40FECCEE012F9985E8
:1079400059BCB14792BE80AC2B6905C78AA5157397
:10795000209217FFBD13E17585FF9B0CDD3ACAC469
:107960001AB4AFD2352460D49AEEBFEADB50AE4CE5
:10797000E859DCB6E9D5C6317216EBF3C662DB17FF
:10798000626DB4FA281E25BE1D123292D3DE6362E8
:107990008F58BA63C01B46D0B93530D82BE64CC1DE
:1079A0007B327ACFB1B0DC8623926AC2E3988F8FA4
:1079B0008E7E0DC62B2B9D922D0FFA67582BB5C1CD
:1079C000986DFB0872FA688B651E1EAD85AEE0A14E
:1079D000ECD8507D4DE478669069B39F2B8BA6C799
:1079E000DBDEC411EF725E60E7D89E865FB9BF3EF2
:1079F000EF5857E238B2C5C2B82A9688F55BC2CFB5
:107A00006465BC8796136E63841E09CDC2F3F3C808
:107A100096D6981DFFB51641FEEFAB6C7A88593F9C
:107A2000947BD5A6090F65DE8338AEDBF92AFF62A9
:107A300086898D48B33160D12ED46865A69FDC1F3E
:107A40008D56903AD1FE0FC07549B687008AC11293
:107A5000D10EF9C3B0AC6EFB346C41C14AC18A226D
:107A6000FAFA3DC00298990AFD41E6E3545B013EF3
:107A700059A7BCB5B0D00A36FC42FB2E28C4F67913
:107A8000534F223C962DDD126CE13C7D8EEACD11E8
:107A9000C87604FB000FB9ED58B3E3FB235961CC62
:107AA0004A24464D0D78095A29E73D5295B895B6B6
:107AB000223C8A4EA6F7FB6309A3887B26DA76244C
:107AC0007B60146154990E18494C2C2F83C8A6E68C
:107AD0001D30CA7FB165246E3F516C16F692655D0C
:107AE000607504FE0613FA71FA845ACB56FB811FA7
:107AF000B742416A4ECF85EEB89678DD062C119BD1
:107B0000A0175E755840E3729C73F6E01117DD8A8A
:107B1000B12E617CACE4BBDAC14BAABD6FE789B181
:107B20008A7E9BA685C90BC6F50EA4335FB82AECE6
:107B30004085F6F40579768FFA69ABBE58BBE3C48D
:107B40007813603380F58D476378FA2766B7E3A32F
:107B5000E3187D31077A47889CDD9BA8DCCB72381F
:107B6000AAF18122687B9FA3E0E0238C5A81F981EE
:107B7000F9C05855DE51C8F68604FBE78C3F502407
:107B8000FD5C8E78378504BC7DA455A0C1B215621A
:107B90004D8369B16D3BFCDFFBDF646B1178C6BFC1
:107BA0007F10C6BEED20B6AA2CBF70D066D03D9D1A
:107BB0007D1EF1BC374842D20B38AA6EBD2462E16B
:107BC00025C4E6F89EC156DEC3393C86A89DCCE8A4
:107BD000C3D41B02C7B9CDE72EDB892CE6D52F67AE
:107BE000D47652AB3D32FF6EF8360282B7A760D131
:107BF000077E3BA2C42570CDDE90D07C11FBE90549
:107C00009A06904C2ED7186E8D5E3EA05D4CEA1100
:107C10006F8EFF6C19679CC282E46C4268D55C5120
:107C2000B6B96DEFEA936E524FF0CCD8B2D653B6D8
:107C3000B4CA3986C96FE84D34C4B2CB797537B54B
:107C4000FD8EF90E10B696FEF1CC15618A64A89EE1
:107C5000E79B6F0B1C3782FA6ED40C2E4F0AA5C916
:107C600052A78BB2D3F5AAB41D08E7CDC49A96C12A
:107C7000EA2DF99D3656B0793C710AEB2C94066AD0
:107C8000BBDE38AFC0B1B4E0D1EFF1CFC45B6D590A
:107C9000324A1D27629B5DAD7266E1BC1742F4F269
:107CA00034FEB1EFD15A84860FDC295565DBD0DA7A
:107CB0004CF9F0C336C7AFE647CD701343B04BC4A1
:107CC000BB18FF65039C49D01ECBA1E7F59FFFCCF5
:107CD0001B9383DA521CC71CF933AE09E59C7B3732
:107CE000D61991F3FAB1CB35985317681A1D055E72
:107CF0005D0FEAABB36F5C43D0D008B7FC57117E81
:107D000069B5D162F9E731C70C7706F884F94E38C6
:107D1000A5F99CF2D136988FF34D0314D26ACCCBDF
:107D20006F4D223733AB809B6983B9497A71C04A62
:107D3000007314EAC04CA45C0D388DB96AF97580E3
:107D400097E4A69B727904E67280EA673BE16E884D
:107D50008A70F7329C3682FB4777D37F87B92344FA
:107D6000EC4FFDFF79EE2CB905C478496A0EEBA8FB
:107D70002B7AC3B226583EC91AA505EB731979A60A
:107D8000BF3A46CB9BC4545AE7535AFE3DD8874866
:107D9000EA87295ADE2CA6F4AD33B47CA698AA381B
:107DA00017A7C5781E24157A95B739D10BA26C5E3A
:107DB0004BECEBB0EF8134245B7B0A345592658247
:107DC000EF409520F32DC056F78BD694B565B79745
:107DD000B7C29D7D10C6325399CFF7F1779D12B08F
:107DE0000474DA216E6A30E42D60860EC1F233D657
:107DF0004E63A90FA3378CA7A7AAD20365A9CBBA54
:107E0000372694AF96AF6B4949056E495A256D9256
:107E100076C97D1B27600ADCDE8CA2697CE4A6D2D1
:107E2000B12B472F0DA73134336FDFB54F5B8D2951
:107E3000A35BA7AD8B6E23F4695FD5D5E0A7E4D92A
:107E4000B40DD1623E3FA5829C8B964E8677535BE4
:107E500027AF9BDAA6B2A5216B62A854A468A85DDF
:107E60004429C8FBC91BA6B6FF91C67936AFE6CF39
:107E700065EA4FEDC74FEFF797D94E73FC39DF8EA8
:107E80003D19B08F4615073BBDB0BF640F231202EA
:107E900067CA80FB3CC052597A5142A49AB44B56EF
:107EA000753A7068861ECB3619511F72A97D4359E9
:107EB000DB7A61FFBF5029483C9B32F33936745B53
:107EC000C30DC1BBA5324B5D28E86746600B63C29A
:107ED000D1A6326CBB06F83E616C5A95390BC18D48
:107EE000AF0CDB646A9EEE1A4DA89BD58432A98C38
:107EF000F91A4B4ED66CDD34B8D18C1264F120BE29
:107F0000C709B7D0B8F7C95AC0C4DEB0972CB67C41
:107F100055668B80716BE2766DE51E3946763E6262
:107F2000433F94DF05949C08AE43F0B1F6750878A2
:107F30005F5C7DCD9FEF6D475E2577FD275BD4DECF
:107F400082FEFDBF56B6D45B7D5E38A7B6509D83DA
:107F5000C52A33A1F1B98085961302D1ED41638121
:107F6000AD7F8964D01306F19D214574B0DEEC1518
:107F70004DF85486FDCBDBC86316D0419B7DF1C91B
:107F80005AE218F1E01113CBC495242D8468B5741E
:107F90005DEDC079BD4CF32AF5609A35E1610C2B9B
:107FA000036D9C84B78D61542C783081657D829DF2
:107FB000555EB163FB5E1C1F5CD4B9DB7660AFAC71
:107FC000C65EEC95C5C6F26F02B64E90A087B5337B
:107FD00071B6113856B54BB1E0D7B8A25DC60F5196
:107FE000FEC1F2176BAD6DE7B156694F36697DF092
:107FF00025AA5DB8294F294F1AA06474755AE2D793
:10800000CF16252713DB6DE39E6D2991487C6E2AE0
:10801000A0F3E0C614C0EFA0362C321A4F9AEAB192
:108020004B9BCAD26839DF158174B66DC596345A38
:108030009E83FA65F5D1F42FACEC43D90E3BDD37C6
:10804000EF0CEE437E452762E208AFAF2E8B3791EF
:10805000DB7D957A12221A1167C561DB81AC6D7CDC
:10806000246095521E378559369EFFB8A92CC51637
:1080700027F06BAFD516898EED3036C4A1FD0DE02B
:108080002E81EDADE7621DC9CEB354377BDF435B74
:1080900024237E4B4D7F2B2BD89242EA0DFEB6A4B3
:1080A0007E97687DDB69FA3BCD26C0114D2BE2A29D
:1080B0000BFC577E0C9EF826901458C074A4FECD7D
:1080C00049E28A1A73CFED06E179F3499227C41980
:1080D000265AFA6FCB9206BE30BD02FA0781CFD284
:1080E000ADA2FD3FABCB13F34BE8CFEF36738B6AFA
:1080F00047A37DEB31A5FA45C1FF20917C45385857
:1081000071E98F7B66650E9FD8E64A46CB97056A74
:108110002FAC51D1CEA339DD09017BF1728BCA2579
:1081200053B2E834EF19ABC4B9680E9B2F08E38053
:10813000A5F721A4FC9645549F5DDA4CE3265FA584
:10814000EDA953EFC0D67B37BEC3510E8CD5E07B73
:1081500047DA6B6762E9783841C7C7FF68FA1846A3
:108160006305397F49BB8C8E938F287F8FB2A59A88
:10817000F07D707BCDCAE8BD45F32865A1303E3463
:10818000C7CC5F07B7E7E935A53DE8CF3B3AEDCF70
:108190001F697F5DA6F97D2EF6A869FF87325ADF39
:1081A000C3B4FE1768BA3AAFC6A087DB757CBF6D53
:1081B000EE40461D87F0EA02D19BD145D40C7331C5
:1081C000E4219E83D8C21BDB7757E64CC8399885DB
:1081D000F1C208CF9DFFDDBE8419836F827B13B18E
:1081E0003D79490BFF781C53B21AE3736724FCC531
:1081F0004C14BEE24E466481B7C1D738B6317879A7
:108200003E4FFC420353C9AF80E747D60AD1944999
:108210006AAE14E2231B213E32EFD32519785E3B70
:1082200077213D5194DE9B0F271ACAF75D54D3384E
:108230002EBD469A10C44CD9C9F31DE09186233057
:10824000FB27959B9E66CB054FB7E842AA236BC3DD
:10825000D19771AEA6501C7D99E48D6633DA7C68A7
:108260007BFC7DB52FBE7557FE56D624C669C7EB7D
:10827000D2BCF6C54D6A3F783364C5D0F405F139F8
:10828000B630219E79BD15C0268CA18D6E774F44E6
:1082900098D74BABB26EA28298FADBC95CC4168841
:1082A0009C8D71C1B2706CF636E962D317DF572925
:1082B00073D01913AC982C5D6FAFCF2FC06712DB52
:1082C00024C12FFFDDCFDAB6A46DE6196AA5189395
:1082D0000F185AB232B8DBFCE23EAC75B2D2D62FE0
:1082E0001E1A9D4AF94F4D80919ED54E2DCA9A4631
:1082F00084658D6C5C9C6DF312EE8DCD743E17D051
:10830000F1505C0E7BCC1F6FF5242B07FA05AE797C
:10831000387C26023CA1BD2AA585738C78E2DE5DFF
:108320003B3F04EC529754C3F9A3B30FF61E796D8B
:108330000C9F0F31ACFF62BC38D49DE07967D03719
:10834000D74498013774733392CE56A0305BAF5A3E
:108350008338E686DDEDB8544F7C04B1BEF8CFFE1D
:1083600082F5767C669AB226F0BE3A16EFA7B23C4A
:108370007126CB1F86E530718658B2B6597279BF27
:108380004806CF03320B281A5EA6314AD6B7E3ABB4
:10839000F9702BB5097CD6F8853097EAAD32596F64
:1083A00098052575DB47AEC17EBEA2DFEFBC87D83E
:1083B000F3372CF7935C3C9A7F67E5C809F6F51212
:1083C0006CE5887BC4EAAB941CCB6162F149978D64
:1083D0000F47B817A8A6EE23AF468376A1A897B893
:1083E000636CC85218CEFE621263AFD7DE53D6FB61
:1083F000A7E3F4269B48D5F403FFAB0505A61DE1D2
:108400002C3155EA1E84CFB6DD5BA3AF05A6FA3644
:1084100012C92F6497415726527F062344B606EAB5
:108420004EEA8D65BE0FF59226FE76C5F009592EEF
:10843000ECD46C8205E15C35B5D05FF0FC182D6A98
:10844000B683C0A2BF54AA85F145E6D198FA1A01B5
:1084500079D31EFA366FE0DC4BD6779CD5A5B424D1
:1084600095A7806F8F79EDEA19917535A397E6D0BE
:108470003995F41100B2D481AE04617F28E20584FD
:108480007D8074299254FC0DA9E9C9ED06D08B05B5
:108490008BF269E5A0EFF7E2EF1D928E87926B9267
:1084A000EB58BEA4965CB3B144AAF001798DD4F226
:1084B000802455F0A5125299B3170DAA43C06E211E
:1084C0000FD4717FDA4A9C43F4B569ABA3AF53DB99
:1084D000B0B0D44194991F0A94433ADA8192D28180
:1084E0005CD84A6DCCA6ADB10B9840649E356D4CFE
:1084F000606B321226DA3F6C1EBD1CCE4256FE9DCA
:108500000EC9D8D7ACF66094F795356A2268C318BF
:108510000F4330133C012C01E9FA7F3170896FFD64
:10852000D879A3E369BFFE7835097249267EB0E4A5
:108530000C3B60D3FD09EC2B8658B738C10F8A7C01
:10854000FF9D471D1B640A72D882FA222233C102A2
:10855000DB32C8AB8BD192330EB13D8C8793B72DF4
:108560000BDF5505ADAB6F84B38E7494C89D973601
:1085700037259F4EA6A9D244016DEE70C5EA357528
:108580006001EE4F7135160A4FED15AFBD524F56D3
:108590007A6D02F5AA2AA934F33A40420E85F71FF4
:1085A00057BCC3A6F21C4147F88917B042F1773592
:1085B00015CB0B92080658C30A325AF4CB0301EFCD
:1085C000645281FD0DE48E115D7F91FB83CFA66621
:1085D0003468A5CD9C3F954D773A1F19F4D301CD52
:1085E000C274967CE54CDBD940BF5F5278C21682DC
:1085F000A5F0251BB09658C0797DE7E2FDDF23CDBD
:1086000062ECD95E38F3E2992EEEDF0BAF19A79832
:10861000DCD9E5113D710CEFEDE21D6611B0B57FBF
:10862000D82801245EB24EB7587B46A088C8526451
:10863000BD7C0845B4E78076720AEC2BDB53C04F53
:10864000450ADAA2EB4EB4362820A924256201F8A7
:10865000636F86D6BA67243EA6CE50776F55A9D7EA
:10866000492E6FD54476136C7192DF9545F58B706A
:10867000F48924BED8450EBE575D11CB7B50C93A54
:10868000D59B3D0FB085D7075C9553CF80B627A902
:1086900064E5DA6D512925ABD76EAB4829590ABF7D
:1086A0003D4B000B5EED5992B2765BA827DC0900CA
:1086B000AFBADD71791BD7ABB8AED7BBB7C2ED4946
:1086C000E60D17C13E29F3F2566B6728523939C9B6
:1086D0008EAB2AF0584E2FD644DE70AF2E55D92CD3
:1086E000084A755EDEAA72418A17ECAF7C23E41D4E
:1086F00024E41D24E41D047907FC2EEF77BBB78A20
:10870000B9E2D640ED03006FC8C9B9F3599711E437
:108710007EC7FA4628B2A6E1B2ACEBBB7A3B8AA18F
:10872000FE017FB42AC4ABA790CBB642F0EA3A6F01
:108730004F5F137845DEFCFBBB8530D8F70322EF93
:108740008D098F1CE058D3E9A7EAD6867D1A0998CF
:10875000F291FCCBCA99584F64A198BBA52779190F
:108760001BBD337EDC9CBC3950AB0726C75FE9B22A
:10877000B10EDB0018078DF63A23BF29F1693E33AD
:10878000ED19DEB8FE69DB497C7A698950B16DB5B7
:10879000824D770E87C2CC0BB3295E4E38B9216E5D
:1087A0009E44EA11336E9EF954B6F8967D92BC65EC
:1087B000A3C8DBA427066A5C7B9CAD0B317FDB4F33
:1087C000AB1D4BEFC1296DE968695496BB7192CC22
:1087D0005DA4080EA3F7EE930945668874B28CF188
:1087E00049B1350827CE29A4A627A7F4D38752FA82
:1087F00029945E03F4129F95845E3F95D0EBA6F614
:10880000D307517ADA96CC00E9E42CD9E4244A3F24
:1088100099D24FEEA71F45E92328FD48A067272FCF
:10882000A5F49328FDA47EFAC7287D38A51F01F47E
:10883000F2C9AB297D24A58FECA7F7A3F4E328BDEB
:108840001AE8B9C91B28FD044A3FA19FDE87D287D9
:10885000517A4FA057BC24D63F9CD287F7D37B5187
:10886000FA504AEF01F4CA97C4FA8FA7F4E3FBE980
:108870008753FA204A3F14E85D5E12EB3F96D28F91
:10888000EDA71F46E94751FA21403FE425B1FE61BB
:10889000943EAC9FDE95D23F46E91540EFBA41AC1D
:1088A000FF684A3FBA9F5E49E9FD283D0BF46E1B05
:1088B000C4FA8750FA907E7A39A5F7A1F412180FFE
:1088C000529F75943E88D207F5D34B29BD17A5EF6B
:1088D00003FAA13E6F53FA404A1FD84F8F28FD700C
:1088E0004AFF10E8876D10F30FA0F401FDF4BD946A
:1088F0007E18A5EFDEF036A1C97EAC7F7EF5D0F9FB
:108900003592CEAF2E3AA7732842A966FA7E6A63E3
:10891000ACF3DA6F55FB229371A480D1304ECF6F48
:10892000C578B58E6D4E8A9098143B6A3FC59C7D84
:10893000BCF71829694927CCC8BAE0FD56EE465F56
:10894000B09E4FEDD21139A6C2419027B024E34129
:1089500077BAA6F7545D53505EFC19332F4F64A5C8
:108960001365EEAE0A8A63F5E3E2B44AB3DB09901D
:10897000FBE059A009A403A2D12B26A5C8AF3B3820
:10898000F6F3C6831857825724322055C510CF8B73
:108990007ABBB5488DAC9DA01912B465693F60F4EF
:1089A000EA32533440FA9F032994EEA6666B972768
:1089B000DA77D6DA158454CD9148392BFF44BC11AF
:1089C00063BC7571CAB41B5BDD38D008BAB8A5C1E9
:1089D0007F8B53E2BB44C54D42A0EB7365F193AD71
:1089E0004E172FFC7F9373F8A1B43CEEC6567E7BE6
:1089F000834C691869798C85952966942E79EFE006
:108A0000B6249D81B85067714BA2AFE3B650C961DF
:108A10002B5D077F1E59638556B8E9E38D8E4CE7C1
:108A20007DE5AC8F6B7CD3941C5F0096AE89E9A882
:108A300037B7FE01FE765EDBFCF6E8EBF9FAE856A6
:108A400023AC6221F777584DB9D10FB5351E10C34D
:108A5000CB89064AF7D061DD3C5BEA0179380A9C94
:108A60000F491EB7BAD26B3C7406FDA852257E2F63
:108A7000955C3368ED43E19C33CC80D4E3312AFF2D
:108A80006B3D10B969F32164986D95304C55B6046F
:108A9000AD7DECD5F07B7B87861B9F53801FBD028D
:108AA000F03A5E0D8FE06A900675318BD3DC1A7058
:108AB000ADDCD2A2AF1F5FCFE73AB10E4E02BA5182
:108AC000F0C3377C798CAD7216A2E8FBCA1AA56E8A
:108AD0008DDDC4FA41AC0EC7DC86FB81691E0655EC
:108AE000BA6958040C89AAC4AE98C042FF2B3897C3
:108AF0000FE0C6ABDD3DFD302B7ADEAFC2BD73A506
:108B0000A1BF7774F927A05D895E8CB5CB3C0C477B
:108B10003C50C28E162589BE467A0C7A20CB097548
:108B2000C1CF40772B61C9AF6CE7F02969562E0A97
:108B3000C1FB9D4E17CCA3A1984732283739FADAEA
:108B400087B3013377A8014549258094FB08625714
:108B500049E7814FF8688C66B2F94695A91BA21FB8
:108B600042C4A8AD55F26104CB24581AAEC9AC6713
:108B7000D6BAB30276C9E2B48D0D52A87DDE92A9B1
:108B8000D767AEE7875CC4E352C27317118379C01D
:108B900045386D68EAFD31BF1B0BA51FFF612C1026
:108BA000F9EF353216426AC65591B1E0A173589C6F
:108BB0006D4ADD53F629782C7CE044A41F0BCFCA04
:108BC00059CCC1E9354FA5F125A4DF07B7297FF6B8
:108BD00044FB53BFFBC2D240BEA8B70F8CA21D7F7F
:108BE00018453B6B2CB3CF1F35717E66405199A35E
:108BF000BE83290FD8AAAB6353708C538356A10050
:108C0000246B05F5A6DA17629250FBA580E5E31AFE
:108C1000FDD38F360466FB2822E1CC1B22DC0CB985
:108C2000D78565AB0E15207E249C2207E62F99F18F
:108C3000FF0024BADE2B89FC0B1D9279E67271DDF0
:108C4000FA94AC497B3EA3D2DA27190BF197E1D70E
:108C5000F3393C32780F654F59DAB4D6D7DBFEAF23
:108C60009B89DBB8F0BC5DC51EEA8B98588A942CB2
:108C7000F52A8F1F2809B72CBE755E1B6EDBFCF62C
:108C800090FBA0F126279297E87E5E79EEA080A463
:108C9000721E9F08057FCEDC4A185318D9C2C3390B
:108CA00005C6CEC59BDBCF6ECAD47C8435C48C0789
:108CB0003E3582DCEB2D6F152C43EF50DB4E62C747
:108CC000F615D5E79403E611B1F1AA530753DC6119
:108CD000B2BEEE54570BEBED3A9A2EA1EFBFA0E9CE
:108CE0006262FD436D818E92B7A6C354BED941BE68
:108CF00066D7D2F476FAFE739AB6D174129571FEE5
:108D00003DB7069FB243DAE7B5CA1FC6B7A9B30499
:108D1000BFCBBDFE4957E26CED08E3A62FAD32474D
:108D200049CB6D2569807546F68FE3049FF164AAEF
:108D300015100FA97C7582DAE506855936D95EA033
:108D40006D4BAA72A3F8AB99DEFE4960E92ED0D62E
:108D50001F27396EE1E979F47D5227F01B26E93CA3
:108D6000FF244C71ACA064A9B5A84BAABAD829F5C8
:108D700038C1804CEC945A13BB66612484BC1398B0
:108D8000AB8594ABC135D48E709B579DA843F14FF2
:108D900082DD2409EC5338FFA6010957D09105085C
:108DA0009C98DE5D630C55626D4F40375819C09139
:108DB0001FE357F7605FBEBA1AF0D10AB8A4FF7E6E
:108DC000CE96395FCF62424DA97ED970F37AEF20FB
:108DD000FAE62B407261EABCF9961664EFEC1B567A
:108DE000F0D5A5064C3B438F114F3C723D9C518002
:108DF000AC02A770378CF1826FABC244CDE583C063
:108E0000546CC14E7AEFEF33F2CF620DC75FFBF4C3
:108E1000901E19D0E083CE238B059D87D5A56D9834
:108E2000724E427C5E1C6D65E7188A9FD2F43E8CC0
:108E30005029D8C25CEF91E3F1A7C9AD90F1F28956
:108E40002C7F6A1FE023F11221B28DBC63B87F0C26
:108E5000A054CAF8EC34C67F75821678D346E64330
:108E6000E60EB8091CE3F08A7B30AE1410EE651DE7
:108E7000EE57F48E111D0F4D4116BDA3A0FD91902C
:108E800067351763D4C7221CF14F236987957BCCC4
:108E90005EE1B9897B946AC777C0020F2774459B4E
:108EA000F4526D2C603805A3845FC15E08EC27B3D3
:108EB000D069274BEB1AB0197FB52BA7A2477C824C
:108EC000CC423E9B2A7A00215D89F56C96EE53399F
:108ED00050BB5643EC290BE8BB6254399E8095DFAA
:108EE000AE10BF68329E29D865D88DFAD39BE67D37
:108EF000B08BA9447F8FD9E7008CE718464FC6A8EE
:108F0000FC5D8BFCD06DC748EE3AAE9B541FDA2E49
:108F1000CCCE06DB3D95BE6B9823DF795DAAFF0CB6
:108F2000C1A9B545C3B6C358D8C562B4AE6A8CEC06
:108F300015E35623D4EA30170E9A35593B1A6707C2
:108F40002C3A172ABFBCA53154A26FB30AED46FDD7
:108F500014C42A7BBDF1A82CE30E6D555D34233972
:108F600037C1264DE41079367DEBD11ACABFB198CE
:108F70007F4A036BC15118310F95D5F82E1CC714C9
:108F8000A8905079A890D47C4903E0700EA5E3BB6B
:108F900088CCA752ACFD26F28C8DB6AFDECA6E1B14
:108FA0007AA32663A2C40BFC9F14045511FCCE09BE
:108FB000DED25B3398E84211F1004E6D82BFA09F74
:108FC0004F307A5AB119F16B4D2863B2D507EC09CD
:108FD0002E29242A45A62262B342AA4E27F880A34E
:108FE0001461DB555285423A5E817866A8AB4AA18E
:108FF000801B9DA58F88AD656DBA38B39B2E09D1B6
:1090000041C87AFC3E444D0C269255ED027253D273
:10901000BC9AA69FA39C1BC5684796628F5CFF13F2
:1090200012B01CC89430DB709404535A5841994DC7
:109030006AE7BE64B52CA7F9D4F9A5684D8069FF2D
:109040007EE25C8DF04DC35DBB906E3827FCF7FF70
:109050002ABD86F2CD4C38D2720056252AC7EFD9E8
:1090600044D7D81F3541979026E073A409FC2FCC34
:10907000F2EBE0F9771FA9366F1EE702ADD404FDCD
:1090800017615C6688CDF4ABB987F855E8A2ADEA04
:109090002004484D600D32C9263163A42CC66A9560
:1090A00083FF9A1CEC2E885E30FFA0ADFD45DE5498
:1090B0008E8C27D3384B8B7A97E0A37590DC510FB9
:1090C000E534B99C9C4495087DE7B02D2C6B331F8B
:1090D00046ED2263D20353F17804192899D179AE71
:1090E000F25F66D27A3AFD7F05BB0E570344C34256
:1090F00027A8F42AC4A7C99888570CAC8326E82A65
:10910000045B25CC82CFC278072EF60E46D5FFE64B
:10911000D736A3DE28AD9E5F6797D80E0AFBD65BD5
:109120001447B714BC4A7CC9BE605A43EDEA4FA944
:109130006C2CC46C01043C41DAE6B600AED22C3E85
:10914000EF2022DFCADFA4F8C725E057E27BCE6E0E
:109150002DC09E812A198C912CF083DF8875AF7108
:1091600009D2A966344A36AF00BC4E14FE31FCFB6E
:1091700080EBF2988B1CDF2E0B6BFE8BE218293DE7
:1091800008BE81A4FCF56434344DA0F76BCFD1F454
:10919000B8B2544D808CDC1B16E7F4FCD1EB046BA9
:1091A000A69F8F01DEE8F769FBEF25BFC35FB0DA4A
:1091B000CB35203FE93E2E256851A05D97105B30EE
:1091C00036ED8C0D70A5EDE613309EBE701EC7F314
:1091D00003FB35C24D5885456168E88DD2ECEE56EB
:1091E000F8ACF45CEA1E3B3BE69449F2817F0CABA1
:1091F000AFCC76989C3D97A31CFFECEA81B54FDE7F
:10920000713F4FEF70EDB88F4B77F837DF67203243
:10921000C9D11A5C7B69F09E39384F32362238400A
:109220002C13665D039C59000957B1B36186C78E44
:109230007EDB82A46B36B5604B34DB4B0F1E75A111
:1092400047BAC012009E68C2BA74C2CD95F0D6ACBF
:10925000F3D20F7A37B62B16EF22E337CB5B0F989A
:10926000B05670BA8E5F574EFB57B744DD22ECC341
:10927000AF59D9000DE5EF8BB47F3F527943ADDE96
:109280007F4A1B2107FA75028ECA543625A428B0DE
:1092900048AACDAE641B41675B39937232E9185B13
:1092A00027626D61FE61EE1D2B082900C9E838E8D0
:1092B000F323DB8F0F58A7D481B71F8E724AC7499B
:1092C00032A943760A8CB1205207ED1C683359AF9E
:1092D0007661B9E9293DB5CD330B76974F419FD4DF
:1092E0009B2BC1E37A0FF79F8D5E582A038F08F2FC
:1092F000EE0783BE4EE73E8B772F0754BEDF7F9786
:10930000361EDFD76BF63A2B715CABA738C7CE8B16
:109310000FA9273AB57686FB44C192687099045D1F
:10932000AE1C6EE30FE2B170D25CE9D622D65DF7D7
:1093300012E55F22F02F94F2EF19B1EE4D364D1683
:1093400057D9CF1539E64A83E45811D85D2158A57D
:10935000F098FADC090881346ECC59837686DE7881
:1093600092437B6E5B6D7F2A3F905DCAEA0EDA8E78
:10937000439E0D95F886015B54C2AC0B7701EB2B35
:109380001FBDA6DC59A914DAD68F7866E6C27338F9
:10939000587FF46CE8F606D7BA3F8EED09A6634510
:1093A00093B61BA314C70FC059E83ED4C314BC9F87
:1093B000736C83F1A915FA6873C7BCF435E50FB176
:1093C0005DF05F5905032267AD1DCB0427ED88BF13
:1093D000C4467727EEDF8BED471CADCE4752AD9CE0
:1093E0002D8413C591F51D123EAF3E165016B734AD
:1093F000CFC6F13D201E04C37B71336DD9C2FAF292
:109400002E9503FF6765DBA6A90B053990CAA52831
:109410004B6566DBF275DD89FC6F2D12316AEF9FBB
:10942000ED56A34D7182CE37DC3D60396FE8080000
:10943000D471773EB363329C0ADCF9F73AC09E30B0
:10944000C09DDFD4E1DD9198F0139C7EC285D5F3F9
:109450005847E22BE785FB3F923EDA91B8E8E76E8A
:109460003D5E0D885C32A326E8B58EC4C6EF43E8A6
:109470001701473A1227FEAC3205D12F020E43FAEC
:109480003CC4621C26E208C78CEB002F28C00DDC10
:1094900046D676F349957A01A0523A51C1E2FCAB27
:1094A000926DF8975A2EB476EAB6960E1D7F2F1B52
:1094B00091A703EFB72DF69C696DD121CFE37F7E95
:1094C0005FA87B3AE17BC99137BE9758D33B86A909
:1094D0003A3B87F18E72C4CA01F182B3164D44C77C
:1094E0008A081DF9BD79B19FB73732E9A4A321E2FB
:1094F00043D14954D522673CEBFEBAD4CD8B3D67AE
:10950000585BE49281F7D1A0BFF07088796D5F8CD1
:109510007FAB6C131146B6F7E3205FFD969947C009
:10952000DAE8F4D692E3757ACDB676D45D6D9C9286
:10953000CD76243AB628AFCDA33C6BAA80B48CBDBF
:10954000A6328197713889B7094F86B057A587949D
:10955000C8C129AFC68BFDB1079E0F639B54ACAF4A
:10956000C8DFDDF044CE36492F5850041BC2809F1F
:109570008FF0BCB40C9EBBB0BF042E396552A5B7AA
:109580000FA36783C74037736D73D39E3229A985B4
:1095900052F9939877E6BF21CDE068367134EFA495
:1095A0007FC11305FB43A1FE0878FD020A7C2FF85A
:1095B0006BAFAD60A0BD206D41CF716A57D8595DCA
:1095C0005756E248788B292FDEE3AEC289AD44FFBF
:1095D000AD5AF5BD5E0A7138DCBDE63C3D6495943C
:1095E00089BF9B688AEF8853BDF56058B1FF086456
:1095F0007DA367D891920F981F72F99672A678C8CA
:10960000833EEB8307C3AADE2860F69F29360F410D
:1096100045B0FF3F04FFC01086BFB711CAC429D2AE
:1096200017576D0569A74F4A3F3723E3510E15F0D1
:10963000AF9AAC2637C9365DC1EB7E0BB391EA8D8C
:10964000CE6192EDC60A37D451AC29ED45F8178E9C
:10965000708D7F1BF4C525FEA8EA21586F5B5C6501
:10966000FFBFA5ACF8F094F4738E317E2196E2FA38
:10967000A7525CD15128E521E4CC3EC186F9EA71BC
:10968000EB1C1E377F7318B933254D1039F6500186
:109690005F32B3A3B8E4F8ADC417ECF8F751E17743
:1096A00063CDDDC47A3BE6AFEC4B71B62599218DD5
:1096B000D82F07CDB76C78C2B170830B08BEC26CCF
:1096C000A9B00EE560359B7698F2F89CD5BFF6E31D
:1096D00043202D0DAF325F944453E4604383E6533F
:1096E00019CADBBF435FD2B4FF105E4FC0B7E3843B
:1096F0002974B4C29FCA3BA5FF99786EB1D6A02742
:10970000EF1AEA30AA3DAB1363C2366D75A8D8E3F1
:109710008BC5DBBBB260F0B70F688B3EB352917A5A
:10972000441D21F8E0E400FEBB14B012042F473FB3
:10973000DF1014D836D33773B1450F7868527C23C5
:1097400017D23ABF4963EA449A8210C614F714D874
:10975000D91DC81A9F434E84B51BBC1A2358B0129A
:1097600015524DEB47D64500523E49A1F5CC690153
:109770000FE2829311227312B9B2C81027DEDE49BC
:1097800096CF33119B4F7C7A63043CDED10AF9C338
:1097900090768D2BE08C50941B402E1C2EA0A23670
:1097A000383F366A0D4C9EB35ACF5FB5CB8FD66328
:1097B0005C663C829FD2F3C95D72E21D1F6A1BD0BA
:1097C00081C21A29E3B7760CE5EF60CC3577198EA4
:1097D000560AED97F15B3A5C850858D9DCDE04E067
:1097E00008E0E5993AC053E3539637D23716AEFCFA
:1097F000961E56D1D10266DBD60E1FF53AC13FBB8D
:10980000DCCA35C9F826B30BA305998D686BB2CBBA
:10981000524994A434FF321B2B83681148C8E38853
:10982000B96CE75E7507B177A367C6EDC29B631598
:10983000A561D7AAF1AD2AB18BD9A4DE23F8FF75B3
:10984000D27D34237089D7495B07D5DF0B39ECF122
:10985000A6FCDB44D35E34FDD698525C3AECBC9E49
:1098600042DE5BB80FC8F95838B7E32746EE0382EB
:109870002A9BF6810A6AEF48EE7A04960AEB053CC9
:1098800094ED24925F833BECF4101F41E954E168AE
:10989000A999B0720B7B7BFD8F38329E100F6FAD94
:1098A000E067BF8EE2D3169EFBB1574DE3571550CC
:1098B00039E0F251BB18951670CE70CCAC493AAB7A
:1098C000C0AFDF1A24AC9CB6C785D65F46E3D0A5EF
:1098D00003327BED213B892F190BD2E697100783CA
:1098E00043C93D842E58426D29B384B6ECAF784FFE
:1098F00005484024AF54B08B5F55437A66F716E5B0
:10990000F719840335E61CAA0FFA86F27329ED1FB6
:10991000C0E5C079D757936F522C8E21B256FAD535
:1099200067E6CD540F741A6C15B5D55AE1E9212EAE
:109930009BEA6596124E909EAAFF113822CC1F63B7
:109940003A6DCF437A77FFA6F0DDD18A4D42FF1200
:10995000992E85F6EF255A9F7F906F52BBE756539D
:109960007E663A8AB86BBD89EA34C17EE41DA147A0
:1099700073B9CEF3D5A06549137024DE1957CD73A2
:10998000ECC2A7D6C87B03BB433AE2EFCEBB35FFA0
:10999000C6C2E697AFFCF2F0EAFD96F69B6DB75BA8
:1099A000B1BD45E60A5E21F316ADE105AF809BD857
:1099B0004B37ECC6B710953B16E14876746791FAC1
:1099C000C9594999495CB54ABFC61E14B66AC1BF98
:1099D000F5283C253A9F0D9526B8F996B8FB049AD0
:1099E0002497C8B3CC399559F00CCD4C043D89B4BB
:1099F0000BF52EE87DD96D4EFE1CBE7881C7A0EF19
:109A000089662A953CD9D3FF040176BFFAA0705E1F
:109A10003F2A969D990DA5FC8345E21B5DFF9BA601
:109A20002C7813CF4A3C7DC89BF22FC49A95BEED8B
:109A300071FA78A2C5BCE32BA5FEE946D0E4CBB40D
:109A4000C800F7A5BD7FE3EBC31E1FCC81E80FA4C0
:109A5000535CD0DA713856767FBE103F212CA7BFF9
:109A6000FCDB9539983B24857E03CEC40C70061D23
:109A7000E15F62479076041F14CBAF5D02355BC88F
:109A80004EBEB93A7E5DE53A978D3797C52FAF5CEC
:109A9000EEB2A2E52DDDDBE56FCB335A5631DA317C
:109AA0003007C59ACBF7959BC46F9B56876DE1C174
:109AB000B3F37822C49370A7E36E2F8D40BC10627D
:109AC0007B096535972F16A3DB4E5F730BF22912C6
:109AD000F2310CE493B4724D1DE4B1FA812BDCFA3F
:109AE000321EAC712C8B44BAEC4D83CA5B16B66542
:109AF0004A3D2DA78C9453FB5C7F39A56239288A97
:109B0000A554C1A5743CCF15A9D87F8B54A59153FA
:109B10009A3DDD49AB42FE35504A260FAD1AAE9450
:109B2000A94DC27AB091B627CE8F83192BC8BFBA80
:109B30000DEA6C4122DC30F055E9BA41F59C5B99A5
:109B4000B5EAC812514ABA88E3AED09BE708ABBA6F
:109B500043AA3ADF259D7BCE815C7B362536FEEF1E
:109B60008A7D730C1DBBDFF39EA98CA6741D630A4E
:109B7000FB50C654931AA7168BF9A26761C426B08E
:109B80000A3AEE8A078D83BCCA2CC72CF62A605C81
:109B9000C18998D46EC98AFEFA2C7768D9A68562E5
:109BA0007DCE845DF2D0037F052AF99941FDB01482
:109BB000A2F7FE329FD2D57E35982EFBD4A0F6A513
:109BC0003AE6B23F989E954E55CAAD1F3C6498390F
:109BD0003B5D8C30361D9B943F18A35C98AAAE4425
:109BE00086FF00BC0509EE6C14AEE74D9B717A0E42
:109BF000927EC451993206AC6707D5FFB8EAA2DB62
:109C0000CCA9D7FDCC6E686A5365AEF5A29B84FFE4
:109C100069EC90F35F1D36CF4CFB219BCEA73CF047
:109C200065932828A259E928779F813AD566845DF3
:109C30008338692EFC305705F80CED8862FCCC4A5D
:109C400034B5D5EAC648F81F429999A956B71912F2
:109C50002AA51E0BFB4692AADA3257945A8F6A4AFB
:109C60003FC6FE663FAD6754800C4CDB7F44B52594
:109C70000F69CA3E468B5369FF1C2E4B7D9ADBC889
:109C800068023E427EEA5004A347E08D6E81588B05
:109C90009805E3F64AFAEB7BD2F8BBFA7A1B6A0026
:109CA0005317F78FF0B665533F3F9F7724B2EDEC23
:109CB00013C92EAB8E0E5EA1921861D51A58A1124F
:109CC0007A1738B6147E29E4512EAC23EF00FE42F9
:109CD000131DB7CF3AE6B1C701D9441CC7C195A639
:109CE00046017DDF63CDB737D423FAFAA4532BFBAB
:109CF000CABA4FDD3D73EB4273766F79C70F575E7B
:109D0000ED5DDCBDA463F9DDD76E31B1EA6E6CC5E3
:109D10006AF9701F5854F7A55B736E9EA27824DB16
:109D2000688FA918887BA962D730F406824B3D67FB
:109D3000D4AF6154DCF352F07C980437B88FA9702B
:109D40007CAB2C67008E75053AD68764C7D06EA0B1
:109D50007C1E06A7690E4B4734A22B8763571BB4A2
:109D6000116C1DA29A23398D53B659198BF5D5D88C
:109D7000E65F72657E7360ABE41BA245CC1C7F1569
:109D80007C90CDD05BBB98BB6049896660DC39862E
:109D9000E02A136F7089215619FB9BFE6707BF29C4
:109DA00072089445EE933687E5F22EECE8DFF4BDB9
:109DB000F720877F9BFD8DFA5112BE98F39FB91E45
:109DC000B8ABEEF2F7D5D25BD8D1D83E93ECCDE765
:109DD000B76DA635435D1909BB8631F297B3C1DE75
:109DE0004D4FDE76BCA77E04250FFDD719AB024987
:109DF000F6CC63F2C7CC8AB0D733389226D8F76056
:109E0000DCE66C6E7865DAA42B8EEE8B9D467D1DAC
:109E100023691774E843EF225256AD26272D709D13
:109E2000A1019F4045E4E5181FBE38524A6DB21F9C
:109E3000034D1A898743A52B762995CE1F51FBE444
:109E40001134DD8DF3CFCF2DFC8AC62FF5832F0380
:109E5000843DFF1DBA6F2FA1E3BA87C699F2A6E928
:109E60000E5E29F309048B51E87593E93FB0DF13C7
:109E700099667465F636B074A4E5A6D099DA79AB24
:109E80000A470973BCEFFC0523FF7CB26EE8C6DB12
:109E9000CBE62DFF64F9D01537DF8A7FBBF26D97D3
:109EA0008C9BAB301E10FD2E81D6EF0EDD0346F2EB
:109EB00023D948B16EA55412095EC096E148123C00
:109EC000AB867891D7915B037BE6E5EC71A57E1CB0
:109ED000D70B7EC3C31C376E3F4AED895034C7444D
:109EE000BCB454C2AFB80427F42592C345A34AAD0D
:109EF0007A6FF0CC0503B2EA1FCC95D9CD353F98E7
:109F0000CFD718F58CA4BAC1A8F790E4DF017DBEC5
:109F1000BBC6FDAEE4EA7A7CEB01377CC46AC0A51F
:109F2000BEAABFBF9578A4D15B57850631925D0C60
:109F300043E5B5CC7FC0F821925B8A47BDF8458CDC
:109F40001CF3DAEA0C157A72D111699425A66C3DDE
:109F5000687AD31C8F9C4D22559334305D3AC912D8
:109F60004362504D5CB9908ECFA46FCBD6E32F0ED9
:109F7000DBA2DBF71D39BEDE14646D6F1FE6D8CCA3
:109F80007D4FFBFF7E7E4D3F7F1653FE3C47F7F033
:109F90001F69FCB10734FDC3FE43620F35539ADAE3
:109FA0009F687F4FA7E98B14CD9A75B0EC759A5FC7
:109FB00034FDFEC21FF23F4F5A8B9EB7AE6F7F3CFF
:109FC0003037BF41F5B70214324435644880618EA2
:109FD000DA1F50555C575A4CCF2AE7AE29A337F009
:109FE000732976DF55FE3D9BD4124BA3CADF135B6A
:109FF00090B9B09CD62F359ED6E75B3AFE6ED3F46F
:10A0000069AF4A7BEC308CCB1224E455D1F033ABF2
:10A01000ABD616C3956BB4A9D7133005C8384E3DDF
:10A02000FD8D03EDE9E3D942C62AAB952CAAB167B1
:10A03000E108065F06C27D801C6CC48681F55B79F1
:10A040007B20A10E58540737FE5C80A6AC3D006310
:10A050008661B43069456C60AF7AFFFFDC72331EF5
:10A06000E0D3B66637BCE3A6FA809EDE07BE0CF8E6
:10A070007089486937A1803AB9B482D5F4AA0B2F08
:10A0800046BC7111A5FF302397754499A1C4104EA9
:10A09000F3611AEFE894D9B94CB02DED72684677A8
:10A0A000059E8FF5B55F35DBB3C1D58C730DD83602
:10A0B0000BEEA34B4F063AFCBB1EF5E709EFA415C8
:10A0C00072C8D191C7B52A73D37F9C5B23B6DB32AC
:10A0D000373015B7B9D793F6FB4247AEECA6435ECF
:10A0E000DD87CBC0A5E2724C3A5C5261ACC3E37C25
:10A0F0005BA15EE5EA1A601AE2286E3F65B515239A
:10A10000C78E3427E53338E4CD5DF3F2CDA9B9AA83
:10A11000F5B3D1D4EB1989D92D6557431EC5F7CCBA
:10A12000EB9CFFDBC2DBAFB62CBEDAD27BB3FB7697
:10A13000C7D46B98C27804BC889C11AE3FC6A8CC2B
:10A140000FFA16DBA65E0B4C5349D52862BD03BC43
:10A150008BF8377E94081804E172949E7030C93BE6
:10A16000E5B775F3371ED838FCCDDF96CF5F716049
:10A17000C5F095B7DF9E97F149C61A98F1D1ED93D6
:10A180005AA7257B2E9ED0E63EE3932D1179E75109
:10A190007413DC2248636648A79AA4C671ACC4381D
:10A1A000462B918E3549C22C3F143BAED42FA7BE0F
:10A1B00009FFB142948ECAC22D332A217807A0FF2D
:10A1C0008DBF0148E34AA4197D0345ACBB8E46B65A
:10A1D000FE90D392C540FC54C35C26DEA2E5DB763C
:10A1E000FB4A4FCA904916E19D8D4605452C3F8597
:10A1F0001C9DA647F965103AEE0D40DC08D887F0A3
:10A2000017E75AD62424974ED872C072206F421690
:10A2100013EFB8FB519FF4A42B70DC1F69821A1155
:10A22000FF68372B0DB12069BD0CF5CEF37B2C1BDD
:10A230003D3DF413F4F43BBF483521106DD5E4895E
:10A240001C7E4397ABD221AEB89A5D7E3CCDBAB1AD
:10A25000135DF1AD9A12CE58EEF82DD4A15121AC78
:10A26000F669AF7A34EA353EED1314B1F004F23DED
:10A27000CEE72A5D4C711BF782F58C509346A809F6
:10A280000045FFB229AD7761555136F0B15B663DAF
:10A29000D9D9B7697D55A78ED1045AE046EAB244B0
:10A2A000137048AA099C22D50459C067A06046963D
:10A2B000A36C7D55CEF2199A4F1319878EBD6E5A35
:10A2C000021AF7BF5575FE2001DF0266C69291B3F0
:10A2D000ACFFE2A4D65F864A71441EED24C7072E68
:10A2E000AFE2F972C47C91D18CEF460E7FD0DF6D66
:10A2F000F0410E85E29A3454C938645DD720427C1F
:10A30000754BD653F6161368CCE43150E665A8DBDE
:10A31000275919097B2AF17FA5CEB136FBA6EA8D14
:10A3200037E166A211F92DF4865B8846A47A792A72
:10A330004A8F64CFE46979EF838F49B6EDD31DDD91
:10A340008B5BE6A6C36D1B69C77C3E5AEDE8FBE854
:10A350001991B33FE4E05EC17D322A48F5C63A94D4
:10A36000BC3DE2E553880932C4C57D3952C7BF9D63
:10A370002DB316425CCAFC53856E4BC61769643A0E
:10A380006B72A4EAE51C641AE3A673BC3BA9D76D03
:10A39000497C917151F6FBD285E5EFAB749D7D331D
:10A3A000BD67BCCF9B1B15B8D6AB855A1FB2E31A4D
:10A3B000ECD002D7D084ACB9D5B80E81D9AF24384F
:10A3C0003A76F719EBF1B8F09365A3AAC27AA8C55B
:10A3D00061E4D8587F7F54C879E19B91BA7D428D62
:10A3E0001D3DBBFB702D70CF0FD4A4FC7D93ECE31F
:10A3F0001AFCFE851AA8E95B108133A36718A91D12
:10A40000DFF126ABC93CCCF44E31B9403C7397D454
:10A4100036BEE54D6E8F6EA4C00DB87994E6D5F4C6
:10A42000D7A3EB2FEBF1667D8F500F39C4D784563D
:10A4300028B53B758E8E925F1CF7B27FE9F54C8E86
:10A440003C2F7C9F2CFC4D106AAB922749961D1522
:10A45000EADBBDBBAFCAF4B71911F29D31FCBD7A7E
:10A46000343E9BF090FC2E372D34CD7C38E13E5DA0
:10A470007B57CE7C63F1862396C6980305073E7012
:10A48000EC8458EB21710C9BE340F2ABC9DB9920C3
:10A49000C783921087972C44B5CE07C19C50CBC27E
:10A4A000ADF20081AF8CF6A8C09D31474D5A7EF8C1
:10A4B000414F90AE866B421AC1E3A6FB5DF82D5169
:10A4C000492D32CDE8464921209F16BE3AF3E108D6
:10A4D0005A62C08AC51B66AE55C92D6E1F6A59E9FE
:10A4E000AE6155E0A978E211A43DF7FC2EADF4DE93
:10A4F000F9FBF7DE83E9A51A0BC3CF93BE4A64C20A
:10A50000BD8AE3D7FAF34F9DB9D6940A67B71FAC5B
:10A510003E52E1CE3A62EBE71216A2C0C9330DDA21
:10A520000F9A740F55EC56EFF8C23745FAC53371E0
:10A530007D67634CE0BE77A1AEF08EC6DC4E82D85C
:10A5400096CCCC77AF6E5041FC898D9B2007098C4F
:10A55000B6C09348CE872CAD626F30E34DCC7360AC
:10A56000EBC5F2F957D56F9824B7E0B7D22A9DE131
:10A5700006E81F338D4F6A51FE500FF6C8A67FA024
:10A58000235BCF22BFA2C7E17C7006E2477FD737AB
:10A5900023957781DB1E1DBF7E61201EA9E1921DE0
:10A5A000470C71A49788ACDED2341EF04CE5C88FFE
:10A5B000058B92955FCA4DDA2330327A275675683B
:10A5C000193C4354451091FE7D6589FA3BA0964A9B
:10A5D0002FA9604D74918F28729F09529424BE70E8
:10A5E000DCBF9EAF378D8159FAC6A407CA546CD917
:10A5F00083FB0770750A67D27697CE9FB9013C3806
:10A6000043E2A47C73A36CAE0EE6B16455351E49DB
:10A61000E3749643B8674919B63DC279F9E28142BD
:10A62000C76FBBFB0656523C67A5275998B7B88E33
:10A630008EC55F3EDA0F7679FC3BD91215B4036202
:10A64000835D10DAF17518DC244268C025D6F43732
:10A65000517C6158517AA44676F073BC5298C6C4B6
:10A660000923778AEEF4415C9E458B47EE5FADD5BA
:10A670001976A9CE246359F64917F91B45C6272137
:10A6800066EC939A804E265998CD1947A56760F6D7
:10A690004887229E1B2AB30E332855DEE3D13B02A6
:10A6A0005DF126E07AC042F4C1264667BDF738C2A4
:10A6B0003726BD13225A4EA0E2FF3D8EFE1F6B6F60
:10A6C0000217D5913C00BF391FA00838C0A06032E6
:10A6D0003002CA7AA36234B2200C23468D51D15C79
:10A6E000AEC26340122E393C124DB8864B11DD11BB
:10A6F000078326880AC83F714D889924C68022A006
:10A70000C6D568BC92AC093A2AEAC6880930620408
:10A71000BEAA7EFD0630C77EBFDFF7E96F78AF5F68
:10A7200057575777577757775757998DE21EEE4609
:10A730008CD4FDA97719FDF3FE3F9F11CD30243154
:10A740000687B6BF73BF9D65F4E3F432B3E2C7DF9B
:10A75000A054EF353B67864FAC303C0DF6637F74F9
:10A76000107FFE5EAE83A1D8C1F5D47BEA6D67454C
:10A7700033E40DCC0393E1EDCEBF37C1F753EF497E
:10A78000DE2D76E55C87C0EEF1BF5CFD36AF9BE267
:10A79000BE643B19210D6FBBC29CD113FCC1F38A6F
:10A7A000F93DBDDCF05F45D3DF550C19F29C7CC848
:10A7B0009C77D5CE3F8882EBC2DEC5777DD22F88CD
:10A7C000633BC5B11D716CF0DF502756401B262836
:10A7D0001649C4B5F927C499F33744EC0FF3671B46
:10A7E000C41FD63D13C6ADCC15637F87BE78AAD1F2
:10A7F00051B1FAD1DF15F24EE06B579D5C3E67BB5D
:10A800004491CB7021123BF72586A0B8262EFAF88A
:10A81000E0DF41407D73F3E443DC23B607C1F9C0B8
:10A82000D347341F15F9BF5CC3D8EEE41A1B1D07CC
:10A830008CC1F24F0CFAD112E8E9D9DEB6920F774B
:10A8400099AF7FF6902B9DE25E047DAEF19F62D7BB
:10A850005325A27F2A6405D2598FC7093DCC47A250
:10A860003B293E962E89B195D49490F10146043A45
:10A87000FE8C8C5A0BB3AA68C3549C3FC67EB85F4B
:10A88000C375E8C532E05850575FF239A308F9B5EF
:10A890005756387CBBDF76A11CE6459276BDB7796A
:10A8A000E8C73D30238B06F2A3E7C867C2CC29B9BD
:10A8B0006DF684AF82C3E23E42FEB85627697266E7
:10A8C000CAE064A200203F015F39377A6B4BF4CCB9
:10A8D000BCCD98267824E828AE1CAD31E4DB78D7CF
:10A8E00046D430FA029C47C66D0FDB2ED48BCCDBEE
:10A8F0001C2AEFE93E6490C97BB7822D7C5BE6E8B9
:10A900003CF196C6B07904FBD5BAE0A9E8354959BF
:10A9100045EE55ED039D9EB9682F38C7D65D6FDFB4
:10A920008B7707F91ED4B8B7A64416266990313341
:10A930005C73A1BCFEABC344F6BA199206DC5BFDA6
:10A9400027DFD7E6944C2A090EF37FB95034439A97
:10A95000036B55AEECDF8C7B6E572FE22FD2CDD937
:10A960003E6E7BB6A6E99F0A5709C0F68DA88CEB10
:10A97000AC541CC3E3980F48FF0D0F0BFF5498B75E
:10A980009EAC9F7D64CC166FB91876F1E0671ACE45
:10A99000ACB7018E39D728FFEB1AFAAC1ADAE58189
:10A9A0005E8C2D222BB485FDE8CE39A4765C806BBD
:10A9B0005E9049A13D14D01E1D7B6D7FDF1E5C247F
:10A9C0008C08C06D72398C9FAE7C1A73B8EC91FB09
:10A9D0009292A07597CC31C71FF78FCD1E06184FE6
:10A9E000DA4ACB2EEE083274753D0DAB6B07FF973C
:10A9F0003F67EC7772A1531DB8C738AF4E17E9ED2A
:10AA0000EC4364F33BE623C79B9735FCE29FFB4A8C
:10AA1000301772460AADBF3EF7174D1DD6C2B2B011
:10AA2000A4B6B30FB1B4FB4CFB353CE5FEF2A9C1B3
:10AA300002ED9813D07DDCB66755DDB5B055A4C6E0
:10AA40003426AE75B318EB0267E4AD522FF9BCCDD6
:10AA50005817C764E78A244DEDBD511016CAE60E9B
:10AA60003A284F968BD3CA9CCB224AA007C91C6BAD
:10AA70000A78BA657707403D8D3DD101A0DE0B52C3
:10AA800067D4C0599C83232D9F8DDC596FF7A88014
:10AA90002F35E368DE7432B7ACA0EB3E6F3147D997
:10AAA0004CF46F56CF27DC956BAB6C22FB71ABE699
:10AAB0004339608660068B392E47210BEBE32DE48A
:10AAC00020E42498DB6184E562ADE3C3F14657BE20
:10AAD000F7CBD75ADB3048E688EDC131F2A15CE212
:10AAE0007147C51A8867D9B572768E51E29AC770D8
:10AAF00073E440313F32105E27D4F8C6F2BCCED3A7
:10AB00002F971B1B099F4702978EA034C5E4B8FC02
:10AB1000214D45FF66AEC72AB6DB031FD7E63D0AC7
:10AB20000A6CE17A9B871E8B05FFDF43713E5C2038
:10AB3000067DDE1B42AB0DE43768338DAC67DD91DB
:10AB4000BE36BD656D53AC5D880F75E88938B42796
:10AB5000E3AEA8C0AEEB30F2820E78C1E18A201BD2
:10AB60003DC9A3DF1E02EEFE750077C3B8289F26FD
:10AB7000E4687E49F6336075FAD311675DEEDD2E29
:10AB8000D2F3E2209FE273980F582D6B76068B5A12
:10AB9000A4474175499A6EF4629A178AFD5FBB0B10
:10ABA0003D8AD0BF14F2DBE8548C77B2A0B6A70977
:10ABB000B50D7985C87B228F20C604C09874FACF62
:10ABC00028D790F9AFEB5056EC25BD7F6E735045FA
:10ABD000EC86CDD76303B773BF9E623ED2F3F370AA
:10ABE0004D09D772580EEBA01B5358B3DEF634CE86
:10ABF000C6C879DCF6CF1849982BB3274390263E78
:10AC00007A27E143A87B09D4D5B7FCF8F1466F1643
:10AC10006D251EBBDE8EC79F158BB209DEE53BD5C9
:10AC200013D8323FB7FB25B38DBCA9CCB6B3F7819F
:10AC300009F117D9D9CBF76CAE011D915BBD1DCFC2
:10AC4000A88BF1ADB3770F3C3F207D13B1434D7D11
:10AC5000687EF47E2FAE023C477E5798D436FE5B6A
:10AC6000946C93DAEE5F813DA62B7A9D713BD93FC0
:10AC70009FC7F37AD374833EFD00D51F99C7EB04B9
:10AC8000302BBC4F8C20328757AE21FD910348D02A
:10AC9000BD287F4B7C6C45FAD1EE504FF336830CC8
:10ACA0000AEB0FF3FAA9DD5093177849790BF09767
:10ACB000031909AF12F97B60BD62AB99BBF48F3CFD
:10ACC000475EA4927539C27F4CEAE4A120ADAFAAD9
:10ACD000CB0C178536D6F165397B867F8E3F90ADDC
:10ACE0006199ECD94AC6933DACBF283A9CFF29F341
:10ACF000C17BD99AAADEC3794A51F67C4BEF61BD7C
:10AD00008B287BB6A9F783F7302E5BD34C62F8AF64
:10AD100097AD5F5BAD5FE1CBE62F195CABD5CA9A0F
:10AD200045E66B171F292E4F6586B0D3CBBECBFFF0
:10AD30005CCFDDBE28AED5DF0AF237DD62362813E0
:10AD40008A6B0BBF0BD2C71CEE39239E5E86ABC04D
:10AD5000C39666A47DF7CB79FE43B8E00D759233B8
:10AD6000368C1EECE41E1EF20359FF1D351D8BD5DB
:10AD7000877319EC76688FDD444F8AD4ACEA3BEADE
:10AD800067E332DDABFE44AF532E41BB2061576019
:10AD9000DFEF0C6D876974EFF9536A9FF3020DD7EB
:10ADA000A2BC9D7B2693FA3A925DA4B3FDFFC19AA3
:10ADB0001BF4AE6A8CE4846F029CA3D227F1CE50C0
:10ADC0005EB50D357A8825E57196AFD1133ADC571B
:10ADD000F5425D6BDE6E036ACA17A1DEB1946BAA01
:10ADE00012830F4DE2B1B4AA95B3BFC9D86A111E40
:10ADF000F42D7D39D79B0C1FC3FE88F64E9C684C02
:10AE000095B779D8CD1E3E26F6EC5513F5937AF119
:10AE1000411DEA02A0BE15A8BBA01EA672089EA7EF
:10AE20007301AC6AF047F0762284FA7564CB07713F
:10AE3000BF5681EE0C58C2229079CE03E01A04CBA3
:10AE400043BFAE817512683AFF6A023F910B82F0F0
:10AE500037193C4982DEA6417E7090A104EF8DDF58
:10AE6000144D32AABD58D02636975EEE11694D3288
:10AE700066F088B07D6178AB9C6876A93E620F1859
:10AE8000B734C87CCD4A21DE36664718FAA2352C85
:10AE9000BD09DE3A3E229E6AE067033F47F8B9C12A
:10AEA0004F05BF51F09B00BF69F00B22E91F53EB28
:10AEB00047BFF81D9F195AA1DDDA4AFC55123F7DA4
:10AEC0005E822DAB5FBC9A3ED2EE68A5164BEEFBC0
:10AED0001DBF56F791B63B20B0E99E89DABFFE0F41
:10AEE0006F6D77DFF7BC469CCFF732F08E992C2A36
:10AEF00099EDAC435B651FB1C78CDBFEBB4DE72909
:10AF0000DB2DDB76DF39C653BECD62706D668E6D8C
:10AF1000474B0FB02F04BEE6E48C8C350F5376639D
:10AF20008D9B7C70472ED726780DDEAF55EFEDB4A4
:10AF300079416B52AA54EA03AD81188F16D5FBFBF9
:10AF4000097CF936ECDD0D867DAD71973D88C5BB7A
:10AF50001B0CFA1779BC99C5BB3B7C8D051A9D1B50
:10AF600030CE49CB4559C4BCCF00DFA3A81FB12DBB
:10AF7000047C8F0EFE7C7B000BDBE3B917B411C59C
:10AF8000579A035E63428E4607C43121267833C147
:10AF9000936A98FC08F6D31D1576A7C4DDCE70CA57
:10AFA000213614CE91180A6C25631BD5AA7718BCDC
:10AFB0000FB0A301EF03A8CB21544542E55D8C09F6
:10AFC0009405809F9C4B43466C04FFAA502323D8D2
:10AFD000D206939609C1B601CE742B0D716AA05F9B
:10AFE000F6E29766FAC5EFC68619547BE55B2F1D1E
:10AFF0003762909496013CC1D0327CF244197A3782
:10B0000028B372B32B9B6D22601FB3D566441DBC61
:10B01000BB9177B7B126781F45DE473D83DFA79107
:10B02000F769B675F436FA39EFBA0BDA74283FE6E9
:10B03000B219ADB3AC401E468B3A1FB1D4FF11D448
:10B04000B4FA00EBF147BE1431D77492EB51CCC97E
:10B050008DBCBB45604EA3C8FB281D7E9F46DEA766
:10B06000ADAAA365790D6C1C91B254D50C2C0B23A1
:10B07000CACADD06ED51DA8CB8F3B0447B5B6DC80B
:10B08000BB1B797723EFA3C8FB28F23E8DBC4FE3AF
:10B090006DE001EED705DCBE954FE026F5B40D4A14
:10B0A0002B604FEF873DBD1FF6F47ED8D32976AADB
:10B0B0005FB33753FB79EE44D0B3D3C2EDA36AE953
:10B0C00066F6CBEDD9CD7226807897E0F76A03C09B
:10B0D000CCD996391B94B2B3719B753D65203B83E7
:10B0E000DEDCA9D239D0E745D073A52F14979EEAAC
:10B0F0000F8FB04ECD099B753FEC3CA5AE9633A8A3
:10B10000ADEAC99ADF6B7E98A9D5994C79B8FBDB7B
:10B11000EC05BA51810965508B5E922A76A4FBD268
:10B120003C06CF37D02B85F759A861AFA36B60A73A
:10B1300057D20D1E9D5ADED66B672CB188B9D72A1F
:10B1400019CEA59299B1DA221635C1D8B2DDD45301
:10B150007659C99419F3AC5EB9AB9808386F620799
:10B160009353A76EBC63807BC6E0C9CB4BD87DCE22
:10B17000F669F62A28CC3C95ED0B34E01914C4810D
:10B180008D34E54D0BF45ADCD5066A666A149D16BB
:10B19000C9C4A6802ABCC1C0DA40C986EE302BD80B
:10B1A000A0A733B505314734332E3689B9B82A18EC
:10B1B000DFF06CAB6CBB2BACB64D3D01B8AFEDDB3B
:10B1C000E465923F00DBAFE9C5B80F093BF13E9D56
:10B1D0005ECF6878DC1B968286AB5770ECBC6275DC
:10B1E00045AB4AA8B3EC4AADD706E530B32D4015C0
:10B1F00015DE7B14C04E87B57C2E9C27FA0E83BECD
:10B20000A47A69B3BAB2B9DF9E7C403EEC82C3BD7A
:10B210003989AF0DECA1DFA1BBF28A35ACD8F66C51
:10B22000D9456F52E26C5FD6AB7BCA31178FA3470B
:10B23000B73AC9EE75919255B26ACFD80890076FA8
:10B24000312E1A9E16D029E2E70FB46FE1063D4376
:10B25000E571CDA8C5738CA5915D654A78DB23B3F4
:10B26000ACF0885467B10CFCCD6119B7C86C6D1E89
:10B2700043CE7CA4166B483B20A4B48658B87F68A4
:10B2800019A2B6E917B217425A89C172D9416D673E
:10B29000110BA1566B288F8F1BCC876087974FD7D8
:10B2A000171A3420C40A214CB786A423344B09CD85
:10B2B000F83797953A473E2027211E8D92E626467D
:10B2C00011CB3E54E7DE024A0C7247995A8C254353
:10B2D000BB2DCE9124760DE084580CC9250436FF91
:10B2E00016E4702D4C3DE4B2D83912F4B021560D5D
:10B2F000FE92D5302343CA67D143AB4C0C7E41C587
:10B30000F0550C613184A5109642580A612984E5F4
:10B310001E8D3CC540A34D5FB94D03CADD4AE8B759
:10B32000FAC78EE5DC3B60CC72B4B68C49DB51B613
:10B33000EB101F5BF50F12EBDB177B5973AF6C370C
:10B340008D6D8E20B1DABE584BC8D5B2B134B6750A
:10B350002E898DED8B558216E4441ACB86721E9889
:10B360002F334A880D08C296EDA8A5F133F878C7A7
:10B37000BEF840E48A0742FC2412EFDB2FFE59E4BA
:10B380009374217E3489D7F68B9F8EFAA0AB847894
:10B3900015C607C43A8E023BAE7CFC34432B2B3AD5
:10B3A000542BDEA23FBCB5114F49E136442B58EC7B
:10B3B000032F39126889ECB0D92249D8452662F3A7
:10B3C0001E7923DC67968BBB2F95E5B222C748B860
:10B3D000E1C6DC62787BA2E38C682D4ED46C2EE94A
:10B3E000ECB963427FE6E28087CFD96E94FD3720C7
:10B3F00000470AD60D6EC2888C619063937CA24C84
:10B40000EBEE221371702546A12B61AABF422D02DB
:10B4100085CE85B95A07E76C43789968DC8D492D4C
:10B420008295F1D1372B74E29800C0F9EC73E8599A
:10B430000FDFD63F57006F229F00177100DA070217
:10B440003B41C45E106F2788DC20D535F7201DB73F
:10B450009F738F9089F8FB71881FF65F9C400BAC3F
:10B460009EB7D2E487D638EABD62CDF75A7B5062E8
:10B47000443F7EC14E304204A92BE0576382BB1B80
:10B48000DC53B75CD5EF3743889D03B731E720CC59
:10B490000B5AA8CDA0D26FF07DC352789F7DE5C72F
:10B4A0004F1B1E367CDAFCB059B1C685B1FFEACA23
:10B4B000F2EED547E43082B4414C487A31C4861C60
:10B4C0005D6DC8ED74482F0638ADC9B58D8C689098
:10B4D000422BF27DD86C807B6DBB1B101FC1B65C0C
:10B4E00080C5D45658C061928BC83BC121776C1B74
:10B4F0008843C3E8CFF6E11060090E011670782981
:10B500003D0D987EA8D2C9806983CB30AD1EECD3A7
:10B51000F4A545EA110ED31238480770900ACB847F
:10B52000A98086E6E0029793FDD320CD225F4C13DD
:10B530005C8629A0CFB7611A9EC6C6D584F266E2A2
:10B540002DB19CAF633891AB680D12DFC01B909298
:10B55000AABC59B28DB65F49F66967C90AB03DA069
:10B56000BE83220F79C5CA583C3934AFB8DC63AB0F
:10B57000B96932587C988256EAD7E8A6A2A3D3814B
:10B58000DC4ED8D821E77E32496DB5A07391779310
:10B5900071D282E531C34DA66BA96CBE5FBE492E48
:10B5A000660A667B86281C18B1C181911E9D65784C
:10B5B000AA47B435841BEE2A032FF64A271958EA06
:10B5C000C9D0D97131B57093D185E5F2D3E55C4628
:10B5D00023DB3DB50B6C4EA1CE27DCD4D979F351DA
:10B5E000C0D2880805BB3402E5EECF8DCB4C0101FB
:10B5F000FEFE70CFDB9F0FA3B5A5F03AB83BC17834
:10B60000DACCABE3326ECAB8DC0E99F9DD8847BFFD
:10B61000875B66D2B3F34C5CFE65492E1B57A7804F
:10B620002F40B7F4B2C8A05412AB4D2F9906E6B51F
:10B630000B2CA915D5E9B5474CA80B8C3AC0BBC15A
:10B64000970A68E0DA71774DF2BE52C3ED88EC9B41
:10B65000D08FF5F3BDF22A724DE08F5EA4B10DF1EB
:10B660009C6FC0928BA1E4218AF7A0E43016C5D864
:10B67000486E832C01374366FD14B592933C84BD1C
:10B680004B4F76AB9CCB6AB4E7567C6943EA23AB5D
:10B69000C48E2BBC68DB3DCD5C6AF3B84F6F16EAF5
:10B6A000BB106F523062B85921050D6189D9D8F1AC
:10B6B0005021AB1F4A7C21F192E349F485B4AB8E53
:10B6C000787756C998437F505BFBEB069672BF496B
:10B6D000320D56397570D744C6E54448CDDBD21FCC
:10B6E000064C835436D320958DF8184905F5C01EB5
:10B6F00031816610D4DD2E93E2045F77B7A1EEDCD2
:10B7000048DD15D4A12D21BCBB5191EB95071286C4
:10B7100029E045C8C5E6C5081E873DD4E34C93899A
:10B72000F888636DAE842862F318BC6B8BCFD26649
:10B73000BC838DF21F1923AB626F791C236F97AB0B
:10B740006E7A1CDD7914571AF3DB790D3EDD27C6BE
:10B750006F618D537067BEE0BF092DB8E12A046C9C
:10B76000473A12AD8FC6F985C6EF0166E3FF8595AE
:10B7700080F7F8E4E1FED2972499A10BB7D9576777
:10B780006B47C2ED5167463FB282FDB658A29DCCD1
:10B79000A0B6C62C765931DEE8BC0EDF36831D6AB2
:10B7A000F0C1EDC8FB39C86E863B12B7DA1FCB4635
:10B7B00097D89A47C4FDC6AFAAF735D1F8BADFFBD0
:10B7C00054027741D4B3262F23B26A832B2B71976F
:10B7D000C18EF37F608D555DE5053DCC6BAB16A545
:10B7E00012B5CA72656B358E5E13C18B1E4A32006C
:10B7F000EF69CAEDE906CB1D20078BBE42D8733C2A
:10B80000AC9FE5023E255AED05E2C7558EF831BEE4
:10B8100044883F8F7506F2027982FEEEF992B359A1
:10B8200046EF6ABCBF3BB10173E6D32FFD3AEE325F
:10B83000ACCCC3502FFBD619F2CD37AFC11DCC66AF
:10B84000804CAD0A60870F067956857E3E24DEB2B5
:10B8500033152B1470D3054706058C57C3CE9A8831
:10B86000F602ABFAF8F987CF7B866DF95EACCCF4C3
:10B8700011193F3EFBF06C9749A174919817B38F53
:10B88000312F2849B0C817CA146458AD65324FF13A
:10B89000A526B9EEEB3C61BB51F30D2FE135CFCAC4
:10B8A000F405E975163F3BAE69EA0E406914E1F60E
:10B8B0006CEA3CFE41AF7A0C96F0E4916027D873B5
:10B8C000B5E16D507A3B0444302AD809217B16F546
:10B8D0004F63A82F562323FE49F89DF7A7689C9431
:10B8E0008FD3F7429C8AEA5479D038311FD7F81B9E
:10B8F000C44DA0278BC307A69375A28D0D9A9FDB1D
:10B90000C0384D1BC42DA0F92907E2D4FF04712BC8
:10B91000687E2E4FE4771BE292697E8A00DD80FC10
:10B92000CCE40E169F9F13C60587F1313AB89F23CA
:10B93000DB42CF6D1C85BB72CFAC9AD3C6DBD9E29C
:10B94000EF9A4B233DC2FD0A8EB4CAD0D374BDF129
:10B9500024F698F0C7E0875AA49F3362A7D859B459
:10B96000056D5682DE12E35F9803378AB8B84752F6
:10B970005821513D359534C045785F2109F016DED8
:10B98000CBC5BCBEB970CB1D4CAB4940E79C58EE53
:10B9900034C34A9F71E473DA7FF3A53A83258DA9F6
:10B9A000353E027B55793613FFABB068A52EF70DF7
:10B9B000165F7189B92F9FF26E9883243E7AAFDCAF
:10B9C000337A5A7F5DE7737699FA72CFF8CDE4CA7D
:10B9D00048BAEAFA6858F108762524707B788AF02C
:10B9E00025A8CB3495912410DF50B2509F9FE6DFFD
:10B9F00028097D4BAA8F9B731B2D5DFB15143A8381
:10BA00007DC1B7BC0A6531981BEC8FD5818ED514EA
:10BA1000B41CBAEF08A5E301EE8685D555EA3137A7
:10BA2000EAA7E531D5D9BBDF8FDE5FFA286BA169C4
:10BA30008CDEE8ED55DFC56304FB0CBC95BF9FEDC4
:10BA4000AFA127517F76B2E8BC914B033B97D2F66A
:10BA5000B70D39ED6F2BA48BFF6EC859FCF722D8B8
:10BA6000D3FA9D556C4DB7A90C3CB3B868A9BFA0DB
:10BA70001D5CBCE0450574E6C9F955ECAB9FC3F805
:10BA8000A494101BAB6BFA2C5B1B6FA095879C6278
:10BA9000E51D06ED5B6E11856E0A029B9754138EB1
:10BAA00079267C13DE93336F1FD92BD825E6ED6AF8
:10BAB000832EFF65BC6D51D520D27CA97709730E0A
:10BAC000C9F429B8550B1E1E238A44DE7A5F27D697
:10BAD0006C6CEEB16DE4BDE09847835FDD291BBA65
:10BAE00085BBE8FC8A2CCFEB995085A5F33E8C1FD3
:10BAF000641DFCCCD1EE35B21858F98286A8BCBEC4
:10BB0000A398631AA5E47CBF654A28D8AD971AC0EC
:10BB10002900F73DCC39B89269BB584C56B7232D54
:10BB2000802558B7C145B0565C0174F237C70DAED9
:10BB3000B1E229A1E6F3F21E62D1ECEB6F8BBB4CB4
:10BB400006D7A562F3B7F2C7E4CBC16E936C25CCE0
:10BB500088F2CC3013AC2BE18EFB0949D56C2FD980
:10BB6000C6656641AB0BCE2FAB1F7AE1CDAADD5A7D
:10BB7000EE6E33F871F661C01501EE4756A2EF1074
:10BB80005C8F9619F5B8D61D590D12F4C37E6B550E
:10BB9000BD9C5FA5EE68482FDEF0FDEED846B6F6F8
:10BBA000A209CE21659A923B749DAADE50246BF4C3
:10BBB000D46D289A780D46E7EBCD52892F8CE47925
:10BBC0003092E7E5D974156F6D0519CE513145C92D
:10BBD000C864FD75C050030CBC91DEEA84F5BF92C9
:10BBE000E1563E64F43E3BE0A6C783BA40FD35A271
:10BBF000ED8B56A725DAE638C03AC4C2146871BF87
:10BC0000B440DBC739817A0DF5D61800DA67568B58
:10BC10008539605B4F0A9A68E1683350E2AD27FAD4
:10BC200068B80A809B25FC5DE17BF3FE63164FE953
:10BC300095690D6CBDD8EC067216EADFF90ED0BF1F
:10BC4000F301FD3B7E5FF21AD5BFF3EAA77FE78BD6
:10BC5000FA7787BE47FD3BF0BC320276DB464A519D
:10BC600003CF06766887415A15EEB0EE2F07E9C874
:10BC7000A56BC8D1D8DD2CA696812D5E4FC1D6FB11
:10BC80004D9EBA7DAFC8C20CB26409D2477737A1C6
:10BC9000DDA6FB133C801371156871A7C13306F74D
:10BCA0001A02F43856CAC5D93E32F506A5D996FD12
:10BCB000B9B6A389B9F72DAE963241039EEAE6796B
:10BCC00075071C53961E3D6AD82ABBF75BDFDEC1A1
:10BCD00045B0D2704B8A25C41AA3947C436A2B9436
:10BCE000D2B3F0C9DACAF8CE2C97DE368B4A7AF88E
:10BCF000FAE2143799122DEEF2F13A82D092D5B7CA
:10BD0000BC3E38446BC0A9FB08DF6EDAF9D06EF692
:10BD1000160677456C7FD7DF098C6FF352DC31B79D
:10BD20000C5DB70AD6A962F44AE8D5C67B4E2893C3
:10BD30007622EFFEC8998DCC8E9B60211F2D9057E7
:10BD4000562DD6D5D5148C2BE035A1579CC29261C7
:10BD5000497086C552D8CEE14BA1097BB214AA33F3
:10BD600053A0CD3528B90DEBB0C3F60678D5AB8B13
:10BD7000FB5AFCD50B14F298C7E2B20BDB404EDA4B
:10BD800055E67161446C1958967CF634D4BD0A6E40
:10BD9000E0CD2A334AB19F8C1B297BB51ED6CECC71
:10BDA00007ACC77F786AEA0F5BF7D0487DE39E90C7
:10BDB000E8725161F723F43575438CB670F764DE91
:10BDC0009A0DBB4343D57B033C413295A0B451A4AB
:10BDD00025D6D54759C2EC357748DDED19C2860224
:10BDE000941342CD631FC04AB55E2C32D9E3CA55C5
:10BDF00024FAAE28563D79EB48F584DD9EEA679D2E
:10BE000046AAA765C2BBA7B7FAD9896AF5B460B5D7
:10BE10007AF20B6AF58448B5FAD9559E10E709B055
:10BE20009ED0CFEDFD8ACE85728F4D8CC959C294BC
:10BE3000E5482F1CBEF0B1B86C9B339101030A9109
:10BE4000FB4F79990631F2CCF0DAD63522B5CF2303
:10BE50002FB0FB3947142E7B8E7B7A87B82CC29982
:10BE600039AC8F10193A3A1C5EA3169C567CAA0175
:10BE7000CE65547642F80C956A60FF8C915F2CC6B3
:10BE80007DB9E0EA537A2BFCA127E0BF2AC1B610A6
:10BE9000EB47C3A9B203973C59D23FFD61BB82A0D7
:10BEA0008BC5B29138722326D968C5BA2E87923ACB
:10BEB00053B803A38F97C5C38EF74891D6B0697066
:10BEC0001B688F6E79E62CDFEE8D3E42BBD335C109
:10BED000816C5F3BCFEE617E79DC165BB9AD06FC11
:10BEE000C979833F396FF0273712FCC98D047F72FF
:10BEF0006AF027A7067F725E921922AFEC19999E0D
:10BF00009267459ED9CF66AA2433452AA86F1FD8C9
:10BF10007585BA116AA56F04380523C0D5CBFE6BB1
:10BF2000D688D27F0B37999FD6596A2D469179676B
:10BF30009E2533BCA0CEBAD7077D0456C3C0EB61A3
:10BF400000BFC38CE35A7A71C2F7387B91510BACB6
:10BF5000A4F2FD8F732A11F3A5D00D7F927B832A63
:10BF600012DAC0CE8ED582C1BA5501EC6712AF3657
:10BF7000BC0D3ABD09FB219C557881AF4BDCD5DB6C
:10BF8000DB09D2262782F5E98DAA21A23BD39B9C0F
:10BF9000347DBE334D900EE8720C909924B6613B0F
:10BFA00034282F06360996E6D67D4BFB7C3B7890ED
:10BFB00071E9783C49833074567A477395EE92FC68
:10BFC000B22B747FB98029B0A93F54B9319CE208E3
:10BFD0006A031C8A8E87FD725A40C7DF929917291F
:10BFE000CE9F77870294634727B6BDC7F31351B737
:10BFF00066CAB532436B00E37196F2C90E58FDD99B
:10C00000B7331FA2DEDC14C10A6DFDD912ADD9B958
:10C01000E317178D8B8952A29A6282F6BA8ABEB84C
:10C02000C17BA217784FF4028F8A2AF0A008BD6066
:10C03000A267B66F9E0DF6FBAB6530DFD2BB144135
:10C04000B9645CF9921D429EF92CF87022BDD1D3DF
:10C050003244CFBF8DB1301E413837E3DE19F84787
:10C06000E5EF60BC2DB4AF5B50B792CB6727CB60D8
:10C0700026800335E6D57A8FB9B047D3BA86F13832
:10C080002DAC174ABFBFB2FC8B10C376B0CF765928
:10C090008E3B7213700469F732C5F6C26D6FCB7DAB
:10C0A000D4FE56D7B4C3EA48EA45F11B04AB7DE59C
:10C0B000EB3EC375B7042C8C876683D63758901235
:10C0C0007360A7FA332DF8C6B6B30DE5FB4C9ED7C7
:10C0D00067A1B0DFDA8D920437741BAFA3D4422D71
:10C0E000ADA5437A97121BB0AB3B8C963A27380E1E
:10C0F000349D7AA98DB054C0A56CF741AF60565BF2
:10C10000816FD6E4F44130AB60D4DCD2EEE3145658
:10C11000A9172054EB38FB12B177E893333AF43087
:10C120002F2F3DF4312FE8639ED0C73CA18F613F94
:10C130005283DC145A50671BFA82C95480FC6AEBA4
:10C1400029E88C3B85E93501B2094194DE548CEB3A
:10C1500076865B55BE3B5A6C43D7D571C759665539
:10C16000F70BB08A36BB753C2472120F198B90F610
:10C17000610556BAEB93E05ED9086FF700182540C9
:10C18000121C49FBD34DB4C34FFA9350030966A95F
:10C19000ED23B353490F9D2FCCF661FBF871838FCC
:10C1A0007F9D939630CB42ED4DF444C1938E2F2D5D
:10C1B0003EB965975B99231B0F83693184DFA52105
:10C1C0005CE26AB94BDB2BD6EC52F218F91DF99EF2
:10C1D00072708CD95E46AD2FB77CE95760762DF929
:10C1E0000946C261C3849EB5A704DAD8ECDE719714
:10C1F000DE59488316F1E818E2937B147A0DA322E6
:10C20000BC5968BC424B1DC9294BEC0AF51B22687E
:10C21000EB2472CE7A1BF0EF3948121A3C58BF510A
:10C22000DF1020DB6DEDDBB43CE86192CFFF13A79C
:10C230007CCFD34EC27DF4C32594BBC2AD9C44CE0B
:10C2400002808F6074766B17F7E59311CB39EAC5DE
:10C250003FF0BD62BCE5BB6CEDD6413B9A096D3544
:10C26000EC77A2D0AB87C97B2E7B462FC05C99931D
:10C27000D3584BBE6E644F93E73EE3950E1379CBD4
:10C28000624FD3BEF637CBA5D14746872E3B3C2223
:10C2900074DEE199A11B6A6D43130EA32D0B3CCDF7
:10C2A0005628A730BCEDCFBC5B68FD41D94CEE47AA
:10C2B000971A9411680DC28C1E05C1D735B393939C
:10C2C00085E1D96089764604EC1429BDB177FE1D5D
:10C2D0004FDBB8AC26B1C105B0F0F6067F3C007666
:10C2E0002A88FDC067A797385F5397CB992D0DC457
:10C2F0007749B3F64CE67D38FF5C00FBEE75EAC982
:10C3000096205A0EB9E5347AAB88003A889D94ADF0
:10C3100078AE9EAE058B0D40DFD66BE22DC15A770D
:10C320001BD0294A6DC630586A280D59176158AD7F
:10C330006476DDF5DC981E21FBEF86089726F490E5
:10C340007560FB9659B02322EECA82D31FDB2FB74C
:10C35000CBD82DC7CAE4B07B7C5DDE5B1A22D22825
:10C3600062950CDA5C83330BED45A0274CB4AC78B6
:10C370008FFC269E60893B2EA375797506FA367868
:10C3800006A4A50C26F0B6D74359A8D769B89D3F97
:10C3900004E8726E178D62609FEE06E50A87633AC5
:10C3A0001FFD50E7CA12C142C528C68BC605D91F5A
:10C3B00083BB751534A6C5A36F9F6DD849DE8B8BE3
:10C3C000F608C82C9BC1D6A216BDFD1408EDF9399C
:10C3D00069B9FDECE75456FC3C2BE38555FFE8308A
:10C3E000AD6154B91D150F2AEF9DBA73E6E6F96BDE
:10C3F0004BBA5FEE8A7A1073EFB53B89372555DA71
:10C4000041A6A59A852083DCA8D9C8395B9824C7A2
:10C410002DCFF0D25FEC2706768B84FBA9D591E473
:10C42000DA1A7B4869227A8A17FA6C068035E57039
:10C43000D99C5D736638FB89E0268F64EB7DB0F193
:10C4400036FCA55E42C95EE3C16EA050EA863B821F
:10C45000FB6A5056B0071D845B681B951F47F7D9D0
:10C4600083F579FC427B676D4D813DCC5615FA37DB
:10C470006474C4D833309CF1E10CD914D1FE9D71A1
:10C48000E8CBA79EFABDA931B59E658B5812F28202
:10C49000100BDE0DF3025EB40D255F7C2DD5849A62
:10C4A000DD79D5709705F66240B384AC886FE6916C
:10C4B0007889A592C47FC0EEA5FA2BBDC16102CCDC
:10C4C000BE1CDA0ADDB46E2BF87E92B737F3B903DF
:10C4D000C943D248A87CCD3EBA96D9F373F4FCB8D0
:10C4E0000371435EBBFBC69C376BDEB45B7F377E5C
:10C4F0004E424D4202B45D40A88D4A1F2AFD1AC724
:10C500007EFDE1D0D3F456D3DA8088A1A8E5F230DD
:10C51000F404B51BB9866FE3BC9D3CAD7A5F7ED554
:10C520002FDB40E5D07794E8C5758CE50D92770553
:10C53000582B08E2EDFF9B585B95BA9A95AAC7481D
:10C54000C56407AE9ACDA0BC31D6529A5957A4BD46
:10C5500058679C8CBEEA8E1B61CD92C6A85E05DF33
:10C560001741723EDFFAA4AD5AB5D73637B04C0842
:10C57000FC027B7EE5ADA007D20A7A20AD4125DA28
:10C5800084BA80D5308BB0F269B6DAD2CB572E6F31
:10C59000D518E4F2173735A97D402B03DF57547FB8
:10C5A000077F831E5E822F29B07BDA7CBA79D3574E
:10C5B000B79BD4A3E4A13C3769B740EA95A5677758
:10C5C000C09E359CC504CAB4A50DBBB445A6ACFA43
:10C5D00080356464531DDD78A821ABFE196DAE96DD
:10C5E0004B813D44F83A4C0BFA1CB0EF27057B7F9A
:10C5F0001EA03501D62FEB3DB45B377ED82CA4D9D5
:10C60000BA71773342E23C7E25E4013953B8D280D7
:10C610002916843CD8BCB8E1428853CCB9CD171A4E
:10C620005E0D3957FC6AC36EEDBF8FE482F5AB2F08
:10C63000EB83EBF8E70BF49960E29FE9409B28D08D
:10C640001E6843DD02E075C99506D8EF5F50DA8CAD
:10C65000B6E060F5E058FA151FC33A5EF98AACF00F
:10C66000C5A567D5952CB68418CE8AD053A4CD1510
:10C67000D8C52CFDDE092CF2967EC3435B00CFD1DA
:10C6800058B0018116F1475ADEDAAFDD770873FA48
:10C690004F08F8A0127341AC186DE56757B5AEEFBF
:10C6A0000E20305E96F5E6F7D82B60FD4B32F3C8CE
:10C6B0003EEDD823A8372909A822D693B33FA95C19
:10C6C0000F1A232AB061F775003E275F6EA1DFDFE6
:10C6D000544FBBDC22C37AFBBA6F47DB24CF807395
:10C6E0007BDCD3464D8952382BCA206741A5CD1F2C
:10C6F000681B6B4DBE7D273078DAB555A3AE340587
:10C70000ED7F5E5D6D0986B92308CF5D409F2308EC
:10C71000606601CC2C809905259E05FC350BE267EF
:10C720009902E0CC2797C57311E7D263F0D7EECA20
:10C730003180C900980CE44180C1B39B0CC0918149
:10C740007CC5665D393F366CCBA5AF2F416C163D7D
:10C75000FFA907CCF590AA1E52D5C3F77A48550F0A
:10C76000A9EA21553DC41F8378C47A0CE28F41FCAD
:10C7700031883F06F1C720FE18C41F87F8E3107FF9
:10C780001CE28F43FC71A0A8FE21EEED1E0788E39A
:10C7900000D1F4D3F9F72F3DBCF4E9775D9A9FBE41
:10C7A0002BD1BCFFC330CDED1F0A34007762D3B16B
:10C7B00013C746CC56EF958BBE6E6A9CADAE761510
:10C7C000196C329CD435AE22487FC2342A3F137094
:10C7D0009C801C4E1BF2DDF2D5E5AEECBE95867C4E
:10C7E000F85AE1CA9A4AFDF61BF24BFDD47B5DD99B
:10C7F00022F83A6ABFBA12BE4EDB740CDE37012E45
:10C800001E16E885AFD5E3EE1AF2ABC7A9DFA7B0D5
:10C8100077D507E0EBEC2D12A0E26B43FEB42D8040
:10C820005B84F0A512C02D327D3AE96F86FC4F275C
:10C83000016E11C24FFB1BE016995EDC166AC89FA1
:10C84000BD0DE924B0A148A9E9C4D47843FE89A963
:10C85000809B878D07DC22D3CA52BD21FFC552C001
:10C860002BD98FB07AC02B315D99FE8121FFCA741C
:10C87000C02BD98AB01F005E8969EDCE2643FECA5F
:10C880009D8097876D02BC12D3EDC09F0DF9B70351
:10C89000012F0FFB33E09598F2CB5943FEDA72C0BB
:10C8A0002B43D86A16F0CA4C0F678D37E43F040E4D
:10C8B000719521ECECF18057662ADD3B1B6A602FF5
:10C8C000E0E56167035E99C9469B0C7AF35AC0CBD9
:10C8D000C326035E19B4D325A8E74BD09297A025B1
:10C8E00091432E414B5F8276B852DA005F19D2D75E
:10C8F000AA59946A705F818196413D36B1D0FF207C
:10C900005E0C716288137FDA7027ACBDE160337C06
:10C91000931DFC0A7583DBBF8A0C51BF1F2B35C8E2
:10C9200057B0ED67ABBFF970B6BA42C97A3E5F3413
:10C930001F760859C02B2737D66A2EB31FFF086D04
:10C9400062B3E5D84C8869129D6EDA74EA0A7013F6
:10C95000BC9DD974FECA79E01549F07C75659304D5
:10C96000D2D8417E76909FDDC363B62B8106B46436
:10C9700099ABAE94CB02D6C2C86D63E3085A3A3283
:10C98000754DA70CD2CBD4072E61298700BD43007B
:10C990007608D03604700C011C4300C71028CF1055
:10C9A000881F0AF1B00F01BF4AF855C3AF067EEFEA
:10C9B000C3EF00FCCA595788778578578887136971
:10C9C000F81D605D8162B752EC296EEABD310C9CA6
:10C9D000EF41EA25702705E7824E91BA6609D6989D
:10C9E000DBD76720FD70801A5E0A757C094B301C0E
:10C9F000B00F87B8E1806538C85CB287C70C4318B0
:10CA00001BF55EA0B592F5F8F414C47BA04E17A4F4
:10CA10007C0A523E05393F05314F41DAA720EE2905
:10CA200048FB14C43F65BF12F5086B732D222877AD
:10CA300099BA420E4F26087B96BA1228A8BE24FA4D
:10CA4000FAD4A633EA034D607D82F5DAA7397D1E5C
:10CA500079103079957E0778BC008717E01F09F8B8
:10CA600047C2D7918077247C1BF9E979F8EA035F04
:10CA70007DE0AB0FE4EA03D03E10EB03B13E50EE95
:10CA80005120B14B3661D94701D42880424D463FF1
:10CA90000843CF845F25FCAAE15703BF03F02B674F
:10CAA000C740DC18881B037163206E0CC48D018C99
:10CAB00063207E0CC48F83F871103F0EE2C701F62D
:10CAC000E8F79142E8BBF03B003FD493AC80DF5ED7
:10CAD000F855C2AF9A9D00744C50D7DC126D81128C
:10CAE000122DCA490001BD177E95F0AB662701C41F
:10CAF000B42B3866059A96FEEF71AFB4E10AE1F9FE
:10CB00002BCD06B8CBB0EDAB01FC0E23F631E3958F
:10CB100006532CC19301BF1CC09503F03900934309
:10CB200070F71BD5017F10E00FB28EE874F486F722
:10CB300059003F0B60430136146043013614E26133
:10CB40005C21EF0BE17DB1290FF369E5E9A57DF0EB
:10CB50005C18CA1CDB1A4EC07C7FA5D9DA2B050AEB
:10CB6000ABE17780502A855452944D4C01B6AAFE11
:10CB7000A33AEC252185C7BA81872FB7C1D736756F
:10CB8000F9E55FE0CB2F0005DA9C44271539C20B8D
:10CB9000302F806F0B76C7009E959F6F37350F82C1
:10CBA0009CB1864A9B093D3467A829F1B66FE0AF76
:10CBB000E4C237D6F10029A9892563C2951F057AF9
:10CBC00088779A72A52DE8769B515E02FB88EFB7B5
:10CBD00066D0F98841F9E49016B4B27F22EB6796EB
:10CBE000CD770AFBFA1B982FE46CC6FB3F18E4F5DF
:10CBF000EC856FC07E2E7BFA9BD3DF5CF8E66B780A
:10CC00000F929F867C57C82F7CA39025CB4FC0578F
:10CC1000FC9D86B8EEB00B67BB9740FB8D62F3D5E9
:10CC2000E3D87CFE0D6C1A4A36818551B61066A297
:10CC3000E60BCD3335F95F817E4C3EC6B541B82F4A
:10CC400004CF4D3C249C39E67E06549DBD8E520295
:10CC5000C8E8BFF1925EEB26AB74E16D79780420F1
:10CC6000FED55214E614B35597399B94B39AEDCC84
:10CC70006ACB6ACF7A98F5581422D2CA92F04EE362
:10CC80002725013251A0A918765B8788E4BB67414C
:10CC90009F9F540642FE61B697717703ADBFB536CC
:10CCA000C90F8A6B412BC8FFB6094FED2564E7E732
:10CCB0001CBE49AACF161A9A3B7BCB969C608A0A67
:10CCC0003B8AB77E6558B3067C25FF6294001FC877
:10CCD000B0F78952F2334332B5929160DFB7239BAC
:10CCE000F932BF225B1602E7363666E352F02F694F
:10CCF00076BFDCC5C9250C4F9FF2DE51A0FAF98B37
:10CD0000BC1CE4FB1318820C0C580F35FF4E1E534D
:10CD10005668B762D7C603ACE1915D72EDDD47CCD2
:10CD200056F07150DBFA88F1F8C6706B3AE3FC8D6F
:10CD3000C73712BFB913709FC634D88D2963ED6011
:10CD4000F525193DD74D61E76853B6F42413F81360
:10CD5000D8577EBF3D5714AEF61A03F6596064F3F8
:10CD600019A33B9C3736F81F3744F35C4203DB4C76
:10CD7000B6E24075B92D833A0B541EFE52E23BD702
:10CD8000CDA4043FF3CA0DC565CAE3606903E44A54
:10CD9000F8ABF67AECD60717F405E0060DDEBE2FE9
:10CDA000AAC3E7C24107D826739E7AAF345F5D8D70
:10CDB000BF6D05E4B9973E69B82F4D8B696648266B
:10CDC00058FF1FFE38EC6160BBBA1C60CA01A6BCEC
:10CDD0003F4CF92149D5F1C28A35C7D6A2366754EE
:10CDE000AAFD46CFF95BE79734CCD03F0CE2D61FC3
:10CDF000989098C7FDDACD04E695D9B3CCCBF01E58
:10CE00002B0ACC731FC4329ED50ACDAFBDEB8A3836
:10CE100067D984E9D9E235FA51E611CAAE3BBF754C
:10CE20003F63DE62DBE915BB4F5B6B8A15A15FB028
:10CE300019F909C1B0AF70931D8F52ECF93C2E5512
:10CE40002BFA3CCF1DBCE1706B5F1B7B98FD2D085E
:10CE50002C75C658C01EF00846710F6E25AE990994
:10CE60009E01B8F75AFD2A620B5A5D4677C15E6192
:10CE7000D75D94EEB107F551CED4603DA2AD3D949F
:10CE8000DB6147EEA90BA32423B56E1B36E15A6D77
:10CE9000D92694E0D51579FD6AB5A5925F2304944F
:10CEA0004861CD0DAB9F40BA5EDAA7F4416F609543
:10CEB000A78AB433DEE814731EE0E91E2463B00BC6
:10CEC000F11D50926A415D175F43A7C5815FAB5664
:10CED0005D9A0AFA68556477419DD37985F05A6165
:10CEE0006B93E75CDC6B34D9BB31514565EC1806BC
:10CEF000E9827DEC68B5579E0E3C1F8E69CF350CDC
:10CF000016C9B35AB26E64DDCEFA49E839319B4591
:10CF1000E1A2909436384B817E89BF8F0BC8732471
:10CF2000FF2C03DF73F8EDC1C6AD3118AE6D5D2A7D
:10CF30002A920FBF717533F633E7737CEF713ED7DA
:10CF4000B7EA5A512A7ECB8B133D9FF99CE8B9CCA6
:10CF5000D023F34BC2521EAF7EF846FBD4B6E13766
:10CF60004063255FADFAB8006B05DF29BF95C04966
:10CF700058A1C4FB78A117570696C0B3567BBD7D58
:10CF8000ECADA8B78A36CE2CE0364A9DB941839CD9
:10CF90000F179705716BBB45878B5F0FAEFD7BB796
:10CFA000C8FFFE7DF2FEE0696E9B03C3395E74E646
:10CFB000B64A9D158D3DBD1B8A7EC819762D33F46A
:10CFC000CBCD0A975EB07DDF21D1FF2DB3D5903751
:10CFD000E821D8BF88DEC1149C3895C3C9073186C3
:10CFE000806C86DBC20EF52990A98F6A9D86989F7A
:10CFF000FAF56785442455048247D5E2C13DEFE444
:10D00000BDB359B2EFB408E7292E7A3F7358BE3F3B
:10D01000E8C2D9071E0F94E6929F7A616461DB1C17
:10D020007685B9EABFD46FCFF932BB7BB9647C8314
:10D03000884B7B5B5C96B7BD57D1B186C11DA14EB5
:10D04000E3A690B23C1FC6F00B848D5E10DE19F291
:10D0500049CEA3ECEEA9AB14E6D2CE6E7D18C77E06
:10D06000C71484710EDF8147F477F5863C97360349
:10D0700098C6F74FEC017F8DFB6CCD83875C07FB77
:10D08000790EDCF53C07973133061788461C320FC2
:10D09000BB788EE77EB3B3ECEBE9D9A0D158DB9433
:10D0A000D7F1D9E1BCD86097C3EE234630B2915D89
:10D0B000DA970BCD8EEDF5A02560E37D1856AA6EAC
:10D0C000EECEC799AE62E04BE8EF45B566C5A09FCE
:10D0D000EEB9163419C04AC63F366E3D267AAE26E2
:10D0E000F7E8A119FAB22027D885BFF9135F8F0995
:10D0F00047D4AA4451E3212CE32E93D9634827193E
:10D10000C99AF3CA711DB8FFBD3223E86E6E448E12
:10D1100058560CBA7881A5E7911B769E2F3D4F4655
:10D12000F0BD30CA57B3F901AC1B8C85ADE41D24AA
:10D1300052FE49C3DC3B536C09DCFB6CAE492A0E42
:10D14000247C512E65A87DB2D4A8585CD367FB8699
:10D15000BA29D6592401D0E3F06EC4245BFF38B855
:10D160005F0025C12749E3357218F56597ACD7EE06
:10D17000AC27BD8E0F271D8B8593D0098D5ABA061B
:10D18000DDCE8FC67906BA2AF5B5FC73474352CB7C
:10D19000DB6D602B5202CF47D0CF61A402FAE0A929
:10D1A0001FFD591D9D472B5B33488F52B1AFE1CA1C
:10D1B0004FD89990693F255A85380F97FE689DB1E1
:10D1C000C658369DD426B5BCD78170FF7945BF318E
:10D1D000F3ECBF790A3C2D9BAD50A32D853C355512
:10D1E00085941A95A510A979AFD5C0260335EF3DD2
:10D1F000E07783B59988C19A6EAC25F71C8FCDCFA7
:10D20000924FCB934B318CB7E490F298C1CE2596D8
:10D21000E7DE452D9D4373F1F4B04BA02F2BA9E51C
:10D22000EFD704EC5B37169CC5582BFE8C6F05FCC2
:10D2300059147F06E05712FC6F11FC57D1C30D3C07
:10D240005BF12B9CABBECD8F78AD6E4E5857D3049F
:10D25000CCBB05BA95A4ECEBAF6AC9DB38CB7ADE60
:10D260007637FB26C5ABB6BC81787B2F43BF12C394
:10D27000D34ADBD1FE185496B5D7780C632D6B7961
:10D280000CADAB29062FCB6AC4F0E337D06300C3E3
:10D290008F57B1EEB3FF0FF4A3E10CD9F09B3BC362
:10D2A0006D1BC424B52CFF8F094E1FC1C7F27386B6
:10D2B0001CBB8CDDE14E7364736DC3059F10197345
:10D2C000476BD47BA345D437EA738F17F0FFBF5861
:10D2D000CCFFBF02F12F6DA2FC197EE5454E162052
:10D2E00052443B838D0E49959D9E8B064FA510821F
:10D2F000F7ACECCA3959995AFB8D06B05B5C70EB00
:10D3000087BC61668CC1AF8A4BBCD559A75B7A5F7D
:10D31000CE394FD4F71DD616D6EFBEE4BB04BEA35C
:10D32000EE28B7F612531486DF2F931CB8B4C7E467
:10D3300059C642B9DEF115DDD40E6B017E3963604A
:10D34000BF86B23F7DE61F1B41FF6F0D72EE9586D3
:10D350003BC089BDA74D458C6A37C80CDDB946571F
:10D36000F427788BE34AE4AE4AF06CAC56B3A19A4A
:10D37000388C11CD75B71DE6249B5330C7FEB9C359
:10D38000EC18897204ACF6EC8B6665CEBD5BA03EF2
:10D39000D05D78D8F91DD0C76F77C0939B403D58BA
:10D3A00017E22D044694C9C1FE94ABCC31334C0432
:10D3B00067238A0EB052CCD7D022BF1C8C43F8BE54
:10D3C000AF2B16D6C6EC6514ED9D0E15B9607FAA7D
:10D3D0003FFC82FE31FD31A99EEF1F53D42F2663FF
:10D3E0005EFF98ADFD625A9EEB1F53D22F26684E0A
:10D3F000FF985DFD62CA67F78FD9DD2F86D1620C79
:10D40000B666D175E20FBA8A9D58DBD9CE6CBDA540
:10D41000F62A123516A3C454B491DB1CBBE8875C12
:10D42000FD18277B6EEBAB12D9982360FFFEF15DF0
:10D43000B019BEB393417E55EF61E7E21E34F06749
:10D44000ED0F9B3447C8B7FDEC9C7BD046751FD1D0
:10D45000BD5CE269D9FB6FBCF5B2157B02808F3DE4
:10D46000B4A4F53B3BC18EED0A48DDFB2F8F66EF80
:10D47000437C0FD06AAF5A3A30FD01BE65C3C2B0DB
:10D48000BEED058E9E81350921CC095642B4A69F7A
:10D49000A6B6F34310B636A683C9F4A13015976734
:10D4A000D1FA0BA0F883B19506C0945F0EA2F535B2
:10D4B00085F6E3BF632E03600E5C7E96B6B73F0F22
:10D4C000D3FC6C914614C6C38CD31398F72F4FA787
:10D4D000ED3B91D2331DDB70009E9ACBD3283DE308
:10D4E000283DD3B03507C0545F9E4AE91943E999F6
:10D4F0008AED3A00A6F2F2644A8F1FA5C71F5B7837
:10D5000000CCDECB93283DA3283D1365BFAF9F0918
:10D51000941E6F4ACF7859D847FA27EA671CA54767
:10D520004DE9192BFB7DFDF8517A3C293D7E451ACA
:10D53000D993F5338AD223B4D728D9EFEBC787D252
:10D54000E341E9019D84DFD5CF484ACF704ACF48F7
:10D55000D9EFEBC78BD2E346E9F194FDBE7E54943C
:10D560001E574ACFD3CB40738D4F5FF5549776D873
:10D5700035985772F5C08D3FEAA9EF861105ADA821
:10D58000470DFC9963007B87109FA3D72AC0C0ED8D
:10D59000E76DB803FD797BD695895AB5DD35B97A43
:10D5A000D003F91E3B11586876C4F13B33DF91D2AA
:10D5B0001347E9716BB4C0AC86E35B8610D7B286C3
:10D5C0002F5F95ABF0A57E359D175C4E16E73B921D
:10D5D0009961B4C599F6E1743ECED7D94AF5FF55A5
:10D5E0000D75B999AD7D81059BF2A00BBBC7EE818E
:10D5F0005CA28D64B987AD4CB63618BEAAE1CB11DA
:10D60000F0D43301F22D7E48D2372F7580D3AA682B
:10D610008B1C4E3220BC476C1942F13A3881AC0E5B
:10D62000D61CA574BE1BC2CF8E55F638168FD0C13E
:10D630006A7C25CE6B325C97E7822D6609481A8595
:10D640002069147AF25F64B24594D21B492DE35BE2
:10D650000BB4BA3AC4BC2793B529D062EF565775BC
:10D66000DA10BA3F68B58930D1F666CDA5EC6D38D1
:10D6700091020A937EA6ED2B37BFCBDE82FA866F2E
:10D68000E3EFD1FA036D73FCB602BEDDFF2F6D3FF1
:10D6900089F91DF606481BF0ED5F77D1B30CC0C3C6
:10D6A000B31CC37760A4C2F01D7232A5247E6D4501
:10D6B000BBD19E9665477100DCFB84B382F5B597BC
:10D6C000D1EF06F103F583672CEEE1C3D787FDF7B1
:10D6D000F1498ACEBE5D7CBAA69C01F6B6798F1D53
:10D6E000BE96C740F9157E54F5FD0F62837D80EF2D
:10D6F00077879519B5B83A7DBF8BBF9337E6722E01
:10D70000480E85A4FCFF623B1F009725FD2872B2DE
:10D71000D5E02D631F3A1BA938D371469C7D28A7FD
:10D7200017B55D50D3A5F6A25EACD4113B7FB78D83
:10D730002D3D38FEFF80F1D7575444D7827D95594F
:10D74000D17CACBE5516A934F780E665C87F048F3E
:10D75000D1E8E99A9E5C77B9089E9796E9B5B6E05C
:10D76000DD0DB85A3ABD6D7A8BF15338E7CDAFB6BF
:10D77000286C5AE4683140219F2087F9F1B6F806F9
:10D78000685A11CCBAEB7CBEF597A85DEA5F68F8E1
:10D790009CF263380389BED14E75597E15F2A85F9D
:10D7A000C2A7D4B4F390AAB3D44FC87D7B29FF8518
:10D7B00039A3FC0CD28E8E7BB0AA74A2147C7B7F22
:10D7C00046F48EDBCAF2A40CF75F5F168E8F11FE53
:10D7D00073213DD5B3B927E450BE80CF61DF7D8A88
:10D7E000EF24B5FB7B87864FF0F1DE6D34DC4CE136
:10D7F0007FA5E126DEAFB53CEEFA3A9906BD5BD7D0
:10D80000E6E530678CD98DE0DF8FAFCF3B7A4A6B8E
:10D8100050F307A6FE358ABEC3D19B78D4ED981B82
:10D82000AFB518EB09856522C1FAE350FA04BCD400
:10D83000D6A7137DAEB5A55FCA1DE9738D3DFD92D8
:10D84000E1409FAB9D04EB9443E8333D15FC7E978C
:10D85000C17AE18356E0E409BBB2F51BC18B2FB955
:10D860008B0E797E8DB9976F3128C182C905AD883D
:10D87000F40B93B6016E51BFB9F5AB2F92BE48DAE7
:10D88000D19C65046D06DE32EC7C7E04D05ED871DE
:10D890005FA4A57EA5FE6F678C8CE5DA5B87EB79CC
:10D8A000D9546239AF0F459FF0EA2F8D3E785F1F44
:10D8B000EFE566FA5EEDA57A4A17A9BDF4F37CEDB3
:10D8C000ACF890D6D7351AFE98C67F4DC3FF7A22A2
:10D8D000FE239E06F60BE546F83E68E34BCA61C49C
:10D8E000FEEC69436BAB8850208693F361E86FE8E8
:10D8F000E429E570B4FE7DEAA47123DED2F8EAC51E
:10D900005FFD9883CA1CBC2B9EF3BCCD0A4FA98037
:10D91000D33C7C630FEAA9C38837A10BFC3E3307D5
:10D92000B34DB68CBF747170E61CAE238F78DDD614
:10D930008307403BE61CE5A5FA13C3044F627FA3AF
:10D94000FDEB5BDADED57C0974C769788F0019348A
:10D950005AF93ED03378D3AF467882365DFBB07942
:10D96000D9BE83994C5FB0EFA3EB66F046C8268E14
:10D9700096F792D36021BDF9DD4DDD943FEB28FF92
:10D98000BDCB73B8F7261ADEAD9E60C76009027C76
:10D990007D70647AB9163C02E99BCDF9766D94DE10
:10D9A000234E1AFBF22D5165607F186F057D64745C
:10D9B000608244A2B02D0D998768FF3B6CED7F4FCC
:10D9C000654FB1658C4B885F57B05FB58D3186F17F
:10D9D0007E8125502BC6A5A81FC2BA70AE4606860A
:10D9E00028BC3739D92B97F68FAF283DA594DE8F09
:10D9F00069D8F0D221BCC32FDCDFC75B34941F3E53
:10DA000016725DA1A4E3C5293A3E18E878F12F1AF1
:10DA1000DEBC354EB91F75CE4F0E020B5E855DBD67
:10DA20009E73947BB12D8F8B4FE56486E507F11EC5
:10DA3000ED8ACEBA45FBAF9D221ABCE2F33C6E9054
:10DA40000D53BB26428425AECDEB0ABACED6B29694
:10DA500020DA5E8D53F126224F5F51458C3846EF18
:10DA6000B3551A2C35EF0CFB0DBD9E800F085B5B88
:10DA7000B12CCCFC94E5E1C0DB3793F49191827D2D
:10DA8000071FEA4DA8BE8ADA17DFC7636CC9E673C1
:10DA9000013F877C3897C6EFA1E14CD47D8179A9FD
:10DAA000CE16FC77C1CE8F88DBD12A16856E0D4548
:10DAB0003F27B29174DFACC93C6C5B8F4BE84DF2F1
:10DAC000D5857ECD68C4AFB2011A8AA8CB3BEE27BC
:10DAD000BF9C49B7A7528ACADF15A4E07A9157ECD8
:10DAE000B198A818B88D40686A3C4CFBFD06715A85
:10DAF0004532ED6F3B3491CA6FC8F8BFD62DF84858
:10DB000018EFA5A86A0A77FF16ECC16788FDE1A6A1
:10DB100039F192207AA1393FD6BE082D048086FEC5
:10DB200052B7A399618179C16192D9E0E947015E59
:10DB3000E16016F5CFBB250E6862C08F07ECA5C269
:10DB4000EDE5C1AD92A9B9BD8EF79D8FA24EB9DEAC
:10DB500007BC7888CDA54D8FF9DBA0B4FE0C02B5CB
:10DB60002D9DE0FB8B1FFF3FE6E954A5D2F1BF9846
:10DB70008613AFAF10118B15220D5FF6713F61B99F
:10DB8000BDDAFC72E87CB559C0C6FC32B0ECB28F8D
:10DB9000781C2D09B43D0A6978A508AC0677F48293
:10DBA00086F435F0C25445FC727D6A270B2C197C33
:10DBB00074F0511C7340A7066C8C969AF146823122
:10DBC00086F833FA176FA1AFE94D83ECA09CF6DB22
:10DBD0008F04FF522D9D357AF49F67AF2D9377F414
:10DBE00072B1E0B5D59BBFD768EE1230547EC863E2
:10DBF000F059075EF9E83CAD3B2060A8FF25D84905
:10DC000064F50796F11BD598CEA4F65ADFE2290FEA
:10DC10005A46FCE9F1FDEF2078D3E3CBB3BC6205B3
:10DC2000B5EF0B3EFDF896DDF332D6156AEE7BB507
:10DC3000A1D637D52D5C2FF4C0A01F297F1CA0FCD6
:10DC4000F10AF5F7B0868697808E8338FB781E63DD
:10DC500052C2D39497A597068773693BC47C69C267
:10DC60003EA0F5019E0827B04A0DA9DF4154EBEE16
:10DC7000D68688192E258C42D301BB6BC4161A5F39
:10DC8000AAB7DDEDC00E5A4E68B05E7BBE6086ED71
:10DC90008E20902058CEB99DC1FB4B65AE698CD0CB
:10DCA0007237AB69791782044D601EF130DBD731D2
:10DCB000E7298CF77E1E8659708487D9C6E331B870
:10DCC000AE634E51181D85A99F07460840EBBDB5B0
:10DCD00057094FB8EFD28B3EA869BBECA7ED72D8BD
:10DCE0002073048B1AEECECE22BCCB14B8CD58854F
:10DCF000235EEBEBDC86760A7BAB9A878DF914BC4E
:10DD000082D98C36F5D7BD9769F83B13785708EF61
:10DD100008A1BEBD614DE7D33539070A2615167C2B
:10DD2000A5D7828F2EB91CF53A5AFCDF80F5ADA538
:10DD3000FDE95D0D14EF3EDE9341CC36A0C18D961A
:10DD4000AF9AF2C03903F8B5B60F2DA1B03ED53C5D
:10DD50006CE556A0C1ED5C1D950FDE320FD6F7A025
:10DD6000075A90895F34E7E6F5A0C76A8936EF392C
:10DD7000FE8E077F4F20C145A016FB34D2CBA7688B
:10DD80005DCC65E439E24D0177DB47BD6027EC6986
:10DD9000BC21E03FB59E011513D1B2CD9CBBDC91F7
:10DDA0002BB0A5B248C6893FB81D2023FAA0A1FD1B
:10DDB000F4AB793E3BFDD2D7F476C0D08EC17F72F2
:10DDC0003B8087ACF758ECFED20E46369ADE0EC882
:10DDD000136E078025B459654A5B723B6072FFDBA6
:10DDE00001BCF4F4D9EF6F07D87E8FB703F681CE6C
:10DDF0004AE6486EF01DB1510E6B8B8C5B61A0FB47
:10DE00000F76238C2AF4E84C6F08B0442E0FB50F20
:10DE1000A556BF5F13799B07E97B4E1EC1983D72E3
:10DE20007616A471C334F62CDC4584FB025863EAF1
:10DE30000355419A235334E987E08E0ADB213D22C2
:10DE4000F8BDF321F36838F587B01AFA861CB6C717
:10DE5000713C9B23F46DD5C726506704CF83BDB8B2
:10DE60000A418F9C74FCBD5A632CFD153988E4B0BF
:10DE7000899DDABDD4A823F7F68A56DA203F059E9D
:10DE8000A118F6D1922F504AA1D6436F4C9E7283AF
:10DE90006F47DF311D65FBCC543776A6D0D733CA28
:10DEA000E9785540C70B0F6A77FD191A56D21585C8
:10DEB000D7887BB2503ECFC61C5EEA685C4EA8D1C4
:10DEC000E78DA3E3F1B014AAE15ADF861C45DA5DC1
:10DED000D33886F012CF1D5A52BE4FF27A27C65E53
:10DEE00003AF7496C9DBB8AD9BCD6F5DEEA13394E3
:10DEF000FB0B57FDA8BEA4CA5F18BB83B60B3381CA
:10DF000077269F53C6509ECA7D34E70C7B6304B1CD
:10DF100043F4E62E13DE8435B09DBD9C659FF880EA
:10DF200091BB5E25E525985B6F533BAA6350A780A4
:10DF3000E2CBA073E4CE1A2377CF447B7258060F4E
:10DF400019E607BD48F26D1D5A9AA2B7D15EF0DB03
:10DF50005E93C729501F146D9D997A2ED689E09E35
:10DF6000A80A7C572B6F127BFA1EBC3430A785D4CD
:10DF70004D16ABA2B3C063B84F492CB9EB860B3238
:10DF80003ED3F6D24DDA1E23ADED91C7D72DFA0D53
:10DF900021F52FA1EDA1A2E11EF0B4700725DD3B14
:10DFA0002E06A94A52CB8E1491D50649B5CF0B7CCB
:10DFB000D710B8158C59B1AD871F7B357769FBF445
:10DFC000EA799E1E64198A3203DF3EFB860A37F324
:10DFD000A8B6A6BBB09AA87F8BAE9F5268FADFA8FE
:10DFE0003F06250D772690D2D74B85D2EF63079455
:10DFF0001E3CF8D251FF9E02F46F68F965C2FA85A3
:10E0000069E1DCADBAD2CE2EC28A650D9FEBCD7828
:10E010003A3EFF4AE72F071AFED996D6C049C620D6
:10E0200065C4580312A801A1E4F5EF9A95DB7A467E
:10E03000D3354DCB2E8A7F8815FF2A8A3F96C2DFC3
:10E04000A3F86D69F8B6F216D44B58E763A437BB52
:10E0500051F798C2EB683CD53957D90A1883E26961
:10E060007F88A6F323B592DF48292A37538C168A76
:10E07000D142E157D0F89B820CD7BF1D5412A11D8D
:10E080008262ACFD8D87BF4EF1F7D0F05591E6A8C6
:10E09000E9E66C8956C6D836A3C6F2D68661D7455E
:10E0A0001A976A771BCB6FA8EBCCDDB0119581ED89
:10E0B0001BF77CF0FA9A67F98DBBF1907107BFBC32
:10E0C000DC09B9887BFE0ADC11D4CB36B81E356D6D
:10E0D0008870BA677B46D228639C9A79C94E063706
:10E0E00044D1D3E60C597910502647AF9461377765
:10E0F00046ED30E75FAFC9436F592E0D817912B8F5
:10E100001B31E2581958FD7DC955D4A4C895F5387E
:10E11000FDAC6658A6344AC6965E9F584EB8E14B91
:10E12000B62593DC26C46F5D2613D80430E4814DF8
:10E1300000B0A4AC58EA12F489D134D5DFBFABD813
:10E14000903BD57F4491C128177F62542CF50EDA9D
:10E1500050BCA1C8CF6858AA058F07014A07071805
:10E1600035DA509F7BAAB10B7C26B3B302218E0D0A
:10E17000FEDCA8B8981714580277C7593A73352BA4
:10E180006FA294B1FBBF7AAD29FFD37B64CC1E6232
:10E19000B90EDA6993943FA3DF8DF937D18A88E706
:10E1A000ECCF730D4F81B7F06F7A42364CF34F5579
:10E1B00088DC972A4147E2A183BFD60CBDC8A6A739
:10E1C00050FECB76BD6FE931DC1BEBB2649E1CB711
:10E1D0005DD98AFAF0DA6B1C5860C63CE0B612D4FE
:10E1E000BA5EB69F78EDE0F5A8DD23F4CCCCA2AE04
:10E1F0003AFB55AF5DCFFDB9E26EE5AD53D7E7F71A
:10E200002C7CB4A4F3E55FFEF173D4DD985B07F2D8
:10E21000C437C6307E4559466EB06C4C452C78FBF1
:10E220009894BD9F857D9E8DF5602D618A5F015715
:10E230007A6730E55FDAE6FA1F69FFFE92E709596F
:10E24000300D1FA5F15769F80BAF689078581BC7C0
:10E250000A7A77A7E5803488CB9E6C4FF15DA5F0F4
:10E26000DF51F8CFE6831D70CA673369FFFE82F67F
:10E27000F72B346C1285D2F1EA5B3AFE5EA2E3EF33
:10E28000A10A9A5646FB1DD8FFDB47EDFFF1E1DA04
:10E290004CADF806197D2659E87D1EE622C57F9E05
:10E2A000E2FF307B8A3D1DC9F45ADA7F6BE9F8F74B
:10E2B000350D1FB859913D5A2A924C978AB3A783BE
:10E2C00047619E9EAF293DFFA6F4BC7F5EA0670A12
:10E2D000CDFF5F949EAF68B8066B67B0A348E3F3C9
:10E2E00035F8CBE147A9AB1C3B85DE1E09FA8AC293
:10E2F0009FA0F05594AE4942FA8B87E87879828ED8
:10E300001F8D747CD86B182C65033A1DA47EF25BBC
:10E31000948A7D13A93C5A45FD6534D0700552910D
:10E32000A9B1B1CDBA93752FEB019DC3DF711F6405
:10E33000C7742F5D97E61FFB8A087CC84AA5C5E60F
:10E340001BADB7CFC4FEFCFA90F505AD466D2FC8E6
:10E35000ABB171DCF6418CF13978DFB8317E2CDE5F
:10E3600076FE50AF89D267196B72562D360F96DD47
:10E37000F8200E2D72D4EC9069E1F662E59D8335AC
:10E3800046B112F6240FCED4C219F4C1000B50C806
:10E390008A87670D577FC11E50BC6C27367C672764
:10E3A0009E32FB599BCF731D6D6EE9E156FF4FD432
:10E3B000E7CA8FEACAFD0767BDE687FECEC4B2A3EF
:10E3C000DD4BD5955D07131657EA21B7B27B70DB9D
:10E3D000B69D11F99915CFFD98BEB8B196FF7AEDAB
:10E3E00030BC9BA876FF27C248563E8CD6C7485AF9
:10E3F000FEEDB43EE86A8CD90A363590470EB2EF8E
:10E4000076AE5812FD49F42FEB16BEF1D11B43DF57
:10E41000FCE5F585F11FC50F4D98A3778D9B621D17
:10E42000235B0E0A981967DADE5ECB4CFC8A9CDE11
:10E43000343840F9E77DCA3F85B41DD5345C44E3E8
:10E440006B68381F242B224BE8D42B99C02694A24A
:10E4500014D2BD3B28573878AC80BD427E7CDE4F5D
:10E46000D75F95743DA2E77721A2970D5E41E74DF6
:10E470003A6797E7D1F17A0F0D6779ACCCBC3F587A
:10E48000F087F732ED9F47FC723CCBB38CBA0E514C
:10E49000E824E146D8ABFCDD799C1576BE9ED96AAE
:10E4A000B362B0EE641DC0743FA8FB333927C69D2C
:10E4B000FAEF3A0B36E064747FC883D23C84CA39E1
:10E4C00004326C04F543761A24223995737E45395B
:10E4D000471DFFCC2ADEBAC39C36DEBEC3CB2D0659
:10E4E0004B07AE4948CA4A9A4725A47474A2F3E37D
:10E4F0000FB44D58C39A294C4D41E6594A8F070F26
:10E500007BEB2448534EE7EAF6652AD6C95B3E2AE0
:10E510002CCB8133D1D1826CBDE2635CA3CC01BB37
:10E520000C70D790FFE2EF97633F871B1C2A01DD39
:10E53000A5A7DBE58AE1B662E452FF8D7382B9BC20
:10E54000392C9C913FCDB5C74AF85CE4C3A85CDD8B
:10E5500000F7BA871E3151AEF897BB54C6A4D7B99D
:10E5600047EC60BC77415F53F132C8BE462AD18F79
:10E57000ADC9B10FE7368FC43CFED92E7D3997C6A1
:10E5800037F8EBC3E96DD6963BD79315B28F7BF185
:10E59000B68E608742FC3ACE8E9E7D726D7519E410
:10E5A00003E7143CBFE759F9FDAE30A6CA9CF81D3D
:10E5B000DE9618CA6FD9341CE90336A6E1A65E19A7
:10E5C000DC9E8C86DB93D1707B320A6E4F72BBAEC1
:10E5D00051B9D591AEFFCE812E22E5F27D546A521B
:10E5E0003DF0CB399043DF33785B31BA0D3CE6A088
:10E5F0005779589D030D2FA7F16FD2F0CBA29FF84A
:10E600001C9A1CF81CC2BE82FD0BE775751E692B97
:10E610009905CC1826CB981D7B941965A37E56B41A
:10E62000423DE14194473CFA7C077F995170EF2DC0
:10E63000EA5A995AFA208AF6DBB7469F345A505F55
:10E640002B4F27BE7DE4BE286CB00D7A3E2263B10D
:10E65000817B4AE64AF7B1D2ADFDF55BB86286FD33
:10E66000703A4FCD8A089E3AF033CF8717507DBD60
:10E67000146127BBE522DA8E25FDCA86EE962FE4CB
:10E68000D3681269789E28FC8372653B9C084CCE47
:10E690007995A64FB4A63F47F95444CB3F9FD6C7C0
:10E6A0006B341C0EA5954B024451B9E9B5797960DC
:10E6B0003F78940D9EEB7C5942E794B5332F66C7A3
:10E6C00066CACD69ED9D926764D4C353FD4A6AF76B
:10E6D0003686B66728F425415EA339956B7998464E
:10E6E0008E866765EB8EE27E440C18BEC5EFD9B509
:10E6F0007A6F09E5B61353EED1B321CE2AFF35D197
:10E700007233427A8AEF1F343C53140A3740A3C94C
:10E710000DD068B801CAC10D500E784A07FCC9EB8C
:10E72000A3FD83DA117A854F91311DA4FF29FCBA2C
:10E7300002E403BEFC331B8FA0C74DD88B7C23A003
:10E74000893D083DD65ED98EA3DFF175DCC666B97A
:10E75000297763BD2177C9144E7F996AB9312F0992
:10E7600075ABFA023D9A65EFF35E8350981A210962
:10E77000069E5F3BF93C98009E0EEF45343C89D2E3
:10E78000B7D87A8261A2FDA5DBA90EBCC8BF1A204A
:10E790005781E5FCCEC1FC98ECDDD1BD74944DE011
:10E7A000693AEB7F82FCE95FE02B11BC4E517E9809
:10E7B00047F9614CF614C04066624AC72FB4FCE3C7
:10E7C000687DCCA1E1D192A900D9E1203DA5F793C4
:10E7D000D11DE9837E39269823A33435EC4EBA4700
:10E7E0000616B03CA4B769FB845BDBE77DDADEBFCD
:10E7F000D2F61845DB279486D5458728FF6BACFCFD
:10E80000BF9FD006A5A3E5FD2FE59F915D47D0B63C
:10E8100006DA16F1971E0AF297B68BF9BDBAF937E8
:10E82000FC17EF158B46728EED62DCAFE5776BE877
:10E83000F8FE33ECDA36E0DE9ED9C308E4C33E8F3F
:10E84000962BCE930A52D9BEB6B2979C29F7D43FE5
:10E850008537FF71ED48FBC3FDC3399383697B0C9A
:10E8600043CB04A270CEED1909FC75DA21A5F8EFAF
:10E87000D378256257EFCF0BEADBDD227625F8F25D
:10E88000FF57369AD6A733DA0D48001B0A2D62E1EE
:10E890005B50237E4B27B333ACF15790FA50C25AEA
:10E8A00098F72EC6394756E8F0F625DEC2B4DEC02A
:10E8B00094765F46BB7ECA5AE265B61DD3AAA51FF1
:10E8C000327B6056E6D3AD58E11CF947A9C630D477
:10E8D0001BDA03DE2EE04BAB2ADA02E04CB4F2A7DF
:10E8E00053B7CFDC38DFF2F2C37FB4C7FCF4DAED04
:10E8F000DCF6258FA3DA4092ECC5DBCB359BF0FE2E
:10E90000B248E35FE02D195738A908ED1E50FA5EB2
:10E910008A74AEC959B2D150D0A5360C6A1197AEDF
:10E92000C86EBE003609B5A28BC57B72DB197D614E
:10E93000E329B05008AB3CADE81CF902B638447B83
:10E9400072A5C4935FAB6D89599DF11FB853579958
:10E950002C4FBB151D165719277FEDFA1BB3DEACE4
:10E960007853BCFE7AFCAC045DA4D057CBD5D6F569
:10E97000772EADD7CB949F2594BF9FA6E11ED95C7F
:10E980004E6C2FF658510B7A8F5C7717F8117A007E
:10E99000DE80F7B0E06391EF978B2433C037D55218
:10E9A000CEE311634C26F5B5DA2C19DC2ED2ECAB94
:10E9B00013CD3D67320FB6EBC1D44B83CDB77D7F0E
:10E9C000BD67C21DCA71373ECAC11D25CA8F960ACE
:10E9D0001DEC1A4C2572C276B074C7F0EFB9E994F9
:10E9E0006FCFC2CE3DDFBE5DD8DAB4FD2B2BC0FEAB
:10E9F0008B6035A0FC3648368D74BC74A1E3A582CB
:10EA0000E27F80B6D36939BFA2FDA59DF61F471AE4
:10EA1000BE2F392E655C9CFD2703039251CBFB2A48
:10EA2000E5C79F2B92C1660FB5B280FD06AD992850
:10EA3000B7A11C76A3CBB80D2D14458B3DA27799B9
:10EA4000F999CEA799EE8F76828EBF83D285F0BFDB
:10EA50009E8E41EBC176D94DFA3E08DA80F04F46E2
:10EA6000E2E015A2303E57F05FCDD37397D227A7CF
:10EA700061D09D908A141625E3D4202A2FD858D42B
:10EA8000A0903F604A347CAA9B6EB416EE3AFD9B80
:10EA90006F83FAE048A9D9755B27DF87F8BD61630A
:10EAA00039C164BC0AFD83688A414BCAE9EDF5F2BD
:10EAB0000BC34E666B1F300AFDD29E0E254A1EA860
:10EAC0001FBBAC88E7EC65AB7C1E1B2E4C612A5A41
:10EAD00016B6A1653A3C5B432B7551E007B5DB598F
:10EAE00016AA7C07A8B0B37B58BB661BF36DAB11AD
:10EAF000428642BF8E6C931D230B551FFC8D11D691
:10EB0000E18A1DA09ABD4311DED58B9027EFE32942
:10EB1000A7E83959787F1803C07CB9C370126176B1
:10EB200030BBCF221685C733CC3F76AA273C86134D
:10EB3000E3410CA70F186470996C4DF14309AEEFD7
:10EB4000B7447EB91DBD96C1CE0F3F0E46446D1C25
:10EB50005D2D811C0CCAC9CC0F46B055CA97B46D47
:10EB6000D8BF45CF0D3C65AB785D1CFFB29EB73377
:10EB70002D978EAD53B84F66FE51961D0079E5FB7B
:10EB80004AFAEF2248A60E62F87CBED3CB684E410B
:10EB9000CF6339B00C09266A07E3EE4BDD72E9C496
:10EBA0003ACE6D9074A05D425928DA15DC5DAE0056
:10EBB0009A6AF5FF654A23C1928E981B3472402EE3
:10EBC0004259EC35C23C10B511F4C743E939C68D42
:10EBD000D10FE4B6FF3E2497FA432D2EFB8DE40EB1
:10EBE00075F36F134AD4284F635BF915783D44B928
:10EBF0009A9EE3DDA0FC748DF2533D9DEFDFA5E10D
:10EC0000061AFF230D7F09E7C4EF94C0AE9BD0C363
:10EC10008276D17AFD91CEAF42FFF8828EDF3B69DA
:10EC2000B88EC67F4FC39F676AD6BDCC9596C08904
:10EC3000E3FE7283710AA3C871614E1933CCB5FA31
:10EC40008F8304EC2B8C7457F792EE4E85FE259340
:10EC500062DB1466CEB6EC67A4D0A35C182EE35B2F
:10EC60003BC715157A27A13EA6F5D1556FA0FDE942
:10EC7000129D6FBFA1E3C34794AE121A3E44E3CF87
:10EC8000D1F041971B999AAE97B80CB0A04172731E
:10EC90008351EAB320929FAD458AF9B908F94DF442
:10ECA000D1670AFBCE9BAEC378D027A9A3845ECBE5
:10ECB0007E1EE4D132A03C8582ED4AD9B5337A5B21
:10ECC000131F279C9766E45349AC79D85151688447
:10ECD000A942F7419DF58C976FAF93B43D9A687B3D
:10ECE000EC53EEEDE9954C3E5E44DBADD010112ABD
:10ECF0008213387EBEADE2A16F36D070052FCBDC1B
:10ED00002CA06D41EF8C678C86DB1952D8F7D8DECA
:10ED100093AEFEB473093EB33FC95DC26DED146F8F
:10ED200008C865751698CD4B7AD2017F04A5BF5EE1
:10ED300031D985712A871D61C004F7D49B2917AC8E
:10ED4000A5F2106D6DCD1782768911E8CCFE38548E
:10ED5000D8BFCF325CECA333681795873FA3E1524D
:10ED6000BA0ECEA2DF8F52AC4F0315BD9229BAB7AF
:10ED7000797A3DAE394772EF5E6690C6F4DF2A6954
:10ED80001D33261CA7E236F551A73B42D327D1F508
:10ED9000DD7F05BB70388A318C5FF6275932B08B26
:10EDA0001FC58842D41551CCA46CF5C751F055FD50
:10EDB0006914332E5BFD4514E32E69738892609CC1
:10EDC0003D817360DAC02A6C4D96640F48D1A96A00
:10EDD000907D243DEA7231EC5AFA651FC8766A527A
:10EDE00033A9CC06579944D7835F6C4F6567832D51
:10EDF00007FA4D2F4B7844BF82C0AE764C65D6B92A
:10EE0000DA4A0AFABEEE417BA6A9CC2A5727C9D610
:10EE1000BEAFB568AF3A958974F594ECA65F0F6400
:10EE2000FB6D564F9030D98112F4BB2635CF49ED9A
:10EE3000099088C08E758327F8F2929AE7BE45F252
:10EE4000FF551DF4403FBFF6DDB798DA9E4486CBF0
:10EE50001BC27445A5968B27705912A018DE0F8A25
:10EE60002780C50B46F897EAEB38B9F47AAAAF6A5F
:10EE700072E9AD54DF09934BEFAABF409F0972F4CA
:10EE80009920C6582736D551393995514D50FC2116
:10EE90007CAAEFC1C9A53FA7FA964F2EFD25157490
:10EEA0007E8619641B4B3B07A614417D1C8A821386
:10EEB000747896D3A78C3E19FA3CE445E3E95346AF
:10EEC0009F8C17B69BC78E9EDEC9F05B409FD227F2
:10EED0007EF80DCB933C2B29292D3C213256A7F2ED
:10EEE0009CA99A1F31772E2DA72E65751CA74B1D47
:10EEF0001F05F1E357A6A62EC797E5F4F3384EA8F1
:10EF00008F9591296971D1AA6755F3825F5C3E3F65
:10EF100062DEF2D9C10B172FEA973E295997981A4A
:10EF200015273C9FC4303E323E2E3255972AE0E3EF
:10EF300092129223D3E2A2E2757C581D191D9DA264
:10EF40004B4D1DCBE9E2E3014A9D1AF7864E08C0FE
:10EF5000BF5189E9F1F1A319E6595D4A4A52CAD86D
:10EF6000F4C4C4C8045D7420931C929E92A24B4CBE
:10EF70009B17C9AD8C4BEC2B5C6472727C1C0739FF
:10EF800024258E47DA2790B2A5A645A6E99627F054
:10EF9000B084349577EA74555CE26A202F5A45A212
:10EFA00055DED1AAB1AA9591F1697189B17602BDF8
:10EFB000423E8B10245497CA0DACC6DFC78F0DE4B8
:10EFC000B1CD9CA9E2FA4559F1CD8D4CFD43E0E469
:10EFD00014DDEA7E90409F6AFA74D52BDEA9CB54EB
:10EFE0006303C9D38E7E1F355AC545C6C7EB80DC87
:10EFF000B1AAB8D8C4A4947E04A74F99BC1C9FBAE8
:10F0000029144F442297046470699150E72A528B67
:10F010005072EF54EFE8E97C48E51D1F9FAE8A4C23
:10F02000537927DB11FC18334B13A1D2AD06E20153
:10F0300074F294543BF8AE82E7741540A7DBD1FA22
:10F0400003B0E79F5FBC3C6C6EB076F9A2E7C217D5
:10F050002C7F7E8166FEA259E1AA98A4F4C4683B85
:10F06000A11CD3A7DBCE4F52211FAA78464CD1C595
:10F07000C6A5A6E9527400338A3258A06AC26895C0
:10F080008F8F6A9495E182172E0C7E69F9A2F09712
:10F0900035A3129263529763C4F2B8C468DDDA49AB
:10F0A00071D1A347334FF0B1C087C9F1916931499C
:10F0B0002909940149FE0B6986504FAAE8A484C827
:10F0C000B844959777AA179F992A2132F575D58468
:10F0D000B5DE6B47DBF1FCBE1CEA365697F20AE957
:10F0E000113C3DCBC625AD49D4A5D010B657BF487D
:10F0F000CC272D3225569786CC317BD122D249960A
:10F10000072393006FA7C7A7011DD830DEE9D355A9
:10F11000319171D8746949AA545D62B42A01781F8B
:10F12000EA648C2A35491593A2D3094D49E85E1C3F
:10F1300097A04B4A4F5345C600F158F3AA3878219F
:10F14000CC9D6AC7F4956F414A1254412A160FC9E3
:10F1500052C561354F276514F882C041CB462672EF
:10F1600071F1D02553D6A9A223D322F9A6C2D6C7BE
:10F170000AB0A3708B5E8F4B4E466CDCCAF4C4D7CA
:10F18000813154D1E93A2459E830C9BA948438C855
:10F19000F0093AFE341DA9BCD49571C9D0C9FAF161
:10F1A00005AD131C36E212E3D268DDF4959F566A72
:10F1B0005CAACA3B7D8CAADF50865F92A1CE84FCFC
:10F1C0006293D292C65BD1202393F4E10BC255C166
:10F1D00021CFA9FEDFD6A39DDFFFF77F767EAAA50C
:10F1E000C10BE787CFD74EE7795E433AD958555AD6
:10F1F0004A64626A1CE6891443A58487CED5A8FEBA
:10F20000E89FDFFF2F74D072094D4658DD3AD04198
:10F210000FA11C29C08543CDC501E41B48DD8279BF
:10F220000B68C568C2C2550B809B85F14BA55DB0CC
:10F2300058B55217190D150923561CF200698E098D
:10F24000D3D6AA56A7AA746B9361AC0106C70F76F2
:10F2500003E17168578DF24E1FADC2C6488A016640
:10F2600005E6E333EA0F17B230C47FD25F2115E021
:10F27000E900AB9A3B2B988043C30E8086C21138BD
:10F2800028760A8EEA0410F28D4C49895C872FC9D2
:10F29000F81D9B44056852E274A97F8686C793983F
:10F2A0009EB04048813C09309C4E179D0A43C8DA05
:10F2B000B884F40495B53A19D512ACF5484C8F29A9
:10F2C00067F3251B376E9C5DBF7AC40A793EC68AF8
:10F2D000520334ACFB6BB442BAD8C4C8B4F4149D26
:10F2E0002A11182CB28F563B186F22A367C52771BD
:10F2F000AF87252E484BE99BAC06CEF7B1C969C252
:10F30000F81891482606E0474CAA8AC2B4843DB05A
:10F31000AE26F6E5FB97705865A30656E63AFC382C
:10F32000BA2F3DDFA87F5AE7D0B063FE907F06D6A4
:10F33000A3B5AE541A9A985629C62E176007D4283A
:10F3400000C18C290C2DFDCA110393493F6AB02CD2
:10F35000DA88F05092F358EF0993AD7F264E8D5F17
:10F360002B14C4FD954973DC5F99EDFECA84041229
:10F37000F6A6924D68E842D285182B5C30CCE0614D
:10F38000D6018D0F2F884C4DD591F9824C640367BF
:10F390003918546342D25252C9D49690149D1E0F0C
:10F3A000CD15AD8B4A8F25320C4673692942BB8D32
:10F3B00022959E903ABA2F7F1861E2C8E00275222A
:10F3C000D081624E9875CA89E4709E50852C5AA8E7
:10F3D000F256AF8509272941356F2CE4A5EB0FCFF5
:10F3E000CF6A2806088307979AB21C987F269D2427
:10F3F000189CD762F96764622C4A77022415E7F8F3
:10F40000D12E9E0CB12441745C2AD67BB455CE8695
:10F4100091283D95CF0F2A26390966136C179C3920
:10F42000F91919B80259D7AE8FAE3F865B09FC3F78
:10F43000609023530C85475103FBAA1519FDDE3F4D
:10F44000110FA38A0231150B18BF569594029D75B2
:10F4500026D66F4C7C646C2AFFD5AE3F1DD149C0C7
:10F460007AD8F95646AED60127A524AC894CD1519D
:10F4700054767D705C52620CC8A369AA285DDA1AC2
:10F480009D2ED14AD0A8FF95DD685524B0E7FF0630
:10F490001B583F89BAB56944064036803A86B9524E
:10F4A00068111E091799E89B06BD4CC7A5A7E9205E
:10F4B000ED18DA1E7EF4398AF2D33A2AB22726D121
:10F4C000FE4BFE019F11F1096690F920870B131680
:10F4D0009F39A1C41A4FE63ED24A343E7A603C4678
:10F4E000A5F64B6FE53FEF68EC5356B885A4C2BC58
:10F4F000274C8A1620A120A44B8E155E30AD3737DD
:10F500008F4FCF85D3E742FA5C4A9F2F3203F29F99
:10F510008F3515CCD74D7FACB43E9F804B899DF87D
:10F5200044EE7F08370F7AD2C0F2F0BDCB8E59443B
:10F530009F11C233F1F544908AACE3A315CFA275B5
:10F54000A90B75A920F50CAC577C05293A25097A39
:10F550002C8E54F433F99E1A0903CF3A10BA74DC96
:10F56000EBA98280C903A94651193F9A32CAEFDB41
:10F5700007463C80E5F8014210CF08DEB8D4E53CF0
:10F58000BB2EB7B231C943C88272148DC3B11BA45C
:10F590006C64BC27FA0B2DAB30ECF0FD1F978A8909
:10F5A000C92092A7C508CB993571692B493745F910
:10F5B00020391DC51522B2634710BEA00811C777B8
:10F5C000BD377429497DF34B2A70740A5643721271
:10F5D00050B38EACA76082C179E3F9C5CF43BF5B5E
:10F5E00095AE4B4DE3873C22F95039937F9F6E05D2
:10F5F000484E495A1917158709A304640099BC1C81
:10F60000DA1704765DF4F2A8F498185DCA13EB409B
:10F61000EBFC4A4451FC3370252CB01A5632ED7D78
:10F62000BC146B679D5FF94A224318CE42FC9C3F95
:10F6300001D71A13FBE60310BBB9F1381CAFD4C5D0
:10F64000C38C605DA86B162EB40EF4A96949C93C41
:10F650009E57BCD397F5B5038159BC52C7C7C5E1C6
:10F6600008F8C412B80F9E92C38C1D3B965F57D208
:10F67000F0EFEA8B54686A523A70100A967F527D16
:10F680007DEBBC997FB5D0EBB7FAA22B3CBBE76111
:10F690005D876BCAD5DED1E3ACDC49C6A3E5F0EFEC
:10F6A0008FC4E7E524C2FA67B99D4A351EDE54AF20
:10F6B000FE1E743C81580F6954AF22AEE5EBED5449
:10F6C000EBE13FFEC1D43C3615795DAF1AB59C3CE9
:10F6D000D62F1FAD5A0F8F3E50952F621F8F58F8AF
:10F6E000D75711F25582F75995008A19D1D48876E7
:10F6F000BC8A0FC2BFD1FDB022B9987CF9F8F5AA37
:10F7000071088581F59874398185EFE42F7907C4F4
:10F71000F41FC9447887EF76FDE6F3B894551CAE24
:10F72000BDFAADB17E372E10B8E4B83F85C1F8B44C
:10F73000F8A8BF8E876556CA5FE6C2E7232CD1E9D9
:10F740005A3C95ACDAAC32DAC04408DF6FC98C821F
:10F750003CBFC625538BF79F8E73988E2EF541CEF6
:10F76000C3758DEE4FF15BE921907F5D8005026CE2
:10F77000FFF98FFCE3876AD89CD2C5836CE49D3A7D
:10F7800086CE9F89BA01E9C27444724F7D229D35AD
:10F790009E942B041646697DF1E9FDE2714D1BAA8A
:10F7A000C381E58FD32F268DD00F82C80541282D28
:10F7B000CE7EA31F5C08482149204859219FA4639D
:10F7C000D1BCBFCC67C1BC88BF8C5FA823CDD40798
:10F7D000F244FCA295E969D138E009107C7C9820BC
:10F7E0004ACD02C1E789FAED37ADF4C12DC2967D4D
:10F7F000A21DA255CFCDA2700BA122A146543884E0
:10F800002C813D0894F4FAE0FA46140D6D67156CEE
:10F810003890396C5EF8A260D58B7335F379803EF1
:10F820007106C6E627F383F6E98BE767D827F9A2C6
:10F830002F7E414ADCEAFEA4F0F1FDE74918E323FC
:10F84000C7CD7B712E2C90B8A46824C6DB2A37F76D
:10F85000E121158444FE493E18A5C1398B6CD3FCC7
:10F86000011DF3163CC967D14FC66B418A4F8F8F7C
:10F8700024F3EA7461EBEF093A104E98DC66C5A5F3
:10F88000A53E8967DEEC05F3FA67C4C75BABE77793
:10F89000F88471625E78A866AE46FB84CC05DF35DD
:10F8A0007FF41DE5099C3D7049B03C0D262612A24F
:10F8B00093CC181C0AC6060A8B071245174E692BF3
:10F8C000E352A27111B8CEBA83181F17857B49D6AF
:10F8D000FD2432C7FE0FFC3E240358DDC1CA1C4480
:10F8E00084BE0C904C1DCA37FF635C8CD32544C684
:10F8F00044AFE2E2A35E4B4B5E9DB8F2F5A49435B3
:10F900006BD7BD116B9DEFFAED9FC29F384E98B932
:10F91000C70CDC02E6E1C806A00AA548DC2EEFBF52
:10F9200013A80A41090E48C06DCABE0DB5BE9D1789
:10F93000D8A0491E1BE89D3C7A3A8A651CB4BEB02B
:10F940001AFFC39D98FEF9D1C2011268DF81BB7511
:10F95000D6959C6A35BF46272BEE3E49753619D79A
:10F96000E348F5AA708D69A56F390C78B341028C14
:10F97000D7A580D001E205A7A20218CA80D0D16025
:10F98000E58BFB047F014FB711E9E250D87C222BB5
:10F99000D7BE7D7E2BB9B4BEFF984EEB9ED9225DBB
:10F9A0005A7A32B0BE905E0887C0F946BCAE6FBFCF
:10F9B000FF651052FBEF0B8442078F4F8AB4F66746
:10F9C0002ADE58419646F22FE1D1FC09091997E049
:10F9D000D9FF746614523199E7DFDF7DF7FF93EFAB
:10F9E00093FEE4FB44FEFBEA89E3264EA0CF89F4B4
:10F9F0003909F93E954B8A494E8811E8C5C194C82A
:10FA0000BB30C8459227911C7589821C9C9A46443C
:10FA1000D2C8A8245818A7AD84616165527C3413FC
:10FA2000A58B4F5AD32F9C383E92C0831409536E36
:10FA30005A92801F1BB5FF376E253613C8A77189F0
:10FA40003049C4C3E109D97F62C213617190CE917C
:10FA5000F6E1E05C4707CB6355F8E279AADF9D76D3
:10FA6000F078C31787CF53A50F380BD18484F441A6
:10FA7000CC85364114203BC3A4B2181A7C6E1C6C92
:10FA80006147A5A7F6C702ED879BE67C867F8AEBD8
:10FA900009B8BFC815C607E847D349EF5209722D08
:10FAA000FD3E89AE6B0579971C0EA984F3AEF9A4CF
:10FAB0005FCF8B5C0B63BC8E23B33E08A03CCC7441
:10FAC000151E32C1C41A0F34D0187A4CC543907D2C
:10FAD000FE89CFE050AD9AE80F1B0AE3C96A53359F
:10FAE000095EC9B72903BE917E0E0C4E33254B4FDC
:10FAF000D55C5D626CDACAE92A722204B23E8C8956
:10FB000076D67DCF7EC710A49BF63FF1A1E5C1CF8D
:10FB1000A9E9C9C94929389C403F86913815EA3B73
:10FB20002E3E1A7B671A541C74E971768BAC300434
:10FB300067820E39220ED86E3A3F9E8CE5E97961D4
:10FB4000D102B2F05F10B98E742F1A44BAE3A1EA61
:10FB50007112D5CC9B17829BA5040F5DB1583764F9
:10FB6000FBC12D0A0D095E183A1EA147C5C0C81D6C
:10FB700015C9BD3EFACF12FE2EDD9F000606D2F655
:10FB80004D008C491C48BBA969E9284EAF4E82D173
:10FB9000B8DFBE301E02FD692CC4E328161E3DBD31
:10FBA0009F00C2EF4FD383A4E504FDFFD3DE97C0CF
:10FBB000475564FDDEDBDDD91A50162548186DF671
:10FBC00024434236422001B32F98849895816027C0
:10FBD00074161AB234E96E481435403A21288B461F
:10FBE000081A100C2E881BCA68C0A0828A2CA38811
:10FBF0008E203A2E8880E0A8890E023A48BF5355DD
:10FC0000E76E9D6E88F39CEFBDF77B5DF0CFE9AAB0
:10FC10003AB7AA6EDD5ACF3975AF199F8B560A874E
:10FC200065A9716129D5FD29C2497E941DC3613B37
:10FC30006FB65696C2CC074B078BA8F1239B033DAA
:10FC4000D15899C5AC49B8542E2A8828AD280391BB
:10FC50004119E9E4206BB440860283B45563BFC800
:10FC6000A64AA7D33BD9BC690B859DDA78DD7860BD
:10FC7000F3271B23F257DC90B1CB60BBB598EECED7
:10FC8000E8F64C4B765DBAF16417061145746FC502
:10FC9000365CC2DEAC48DCD7D18D1A89A0FBA74206
:10FCA0005DBE0EFE8F87EDDD62DC9221A55B3EDC42
:10FCB000E391CCFCD9468DECB30AF5E30BD9DE6CAD
:10FCC0001CD99C15D22D1ADBA491307A0DD9571668
:10FCD000B20D9BB43773EEC8966EFC357894D5E4BC
:10FCE0002C4CCB36AAAC4EF4420D4B61F8971072F7
:10FCF0002B6C632B552AB9355A2BB47EC663F5613C
:10FD00001516E9A42DAE0EE3B052E5154C52588CF1
:10FD1000FBDB42BAE796D7A61043EB85C449752EA4
:10FD2000FDD68A15B798568B50C73AA97EF58BB188
:10FD3000CA84DA966A5E7FEDCA7656F55769C7B00F
:10FD40002794B5641811A3A8DC1DD649F497C508FB
:10FD500042B7006118827E05FA3D9843CC7AAA64C6
:10FD6000D21381D56449ACC6114D500588B93218FB
:10FD70001B1937E8DAD84C74AA2035379683EC0380
:10FD8000863694B3C0C889A35FCE5F727293327413
:10FD9000C97169E979D9496279F348279EACF59927
:10FDA0005B5A5B62AD34C19238866E92F544EC3B8F
:10FDB00095782BE8403D156F51E06743141DBB74E7
:10FDC00031A21284E9D7092F19D441160BFF70DC38
:10FDD000CA33D17D9411FD25C575CC3E044639AAA0
:10FDE000AF305659C9AA07C470D55525647E08D3CB
:10FDF00025D0E9AF00546D19B0AC6303F6A2E23A26
:10FE0000E2C92573E12CE3EC60B23E65FA102333BE
:10FE10004381624BABEE9EFCA6021620EA2B74A136
:10FE200013D94E80ED0C4D54F9D5D3504394CF994E
:10FE3000CB4B2A8BD95FB9844E9041FA2B639858EB
:10FE40008C2AA0D952BD871C100A4BCAEC200EE4A4
:10FE50009C250392BC9C94C48C383DD1FC0AED8156
:10FE60008680AC024A5C633459C8AEE04EAB6C6D20
:10FE70008B460AB055803656533A8F4D36527BC565
:10FE8000EB6156047E4171083A44598215C64AD83E
:10FE90007AF42E1D8772986B0CA08282C5446F0B7A
:10FEA000E4221DB28436D3AD229320BB4C439790FD
:10FEB0009E86AB0798806A6AAC260B952BC1A29DE3
:10FEC000CDB7B97526581924A567D1F578052C2B1F
:10FED000C87201CC8A2A8B055D32E563B2D0E1623B
:10FEE000B998EA4DF263FF421B1BF13A68B6B04283
:10FEF0004B34D6241B6B69C7EC110EE92658AB8531
:10FF0000080C87D59EF2025938B9408C60FBA52CAD
:10FF100099D611ED2F984250DC62537D663204125F
:10FF2000FE1CA89FEA9A34C22153655247D5AAB253
:10FF3000F62FF46F438D01D4ADD71A0DA03DE7C263
:10FF40000AA34AD63FE041D4192A8C02D5179B8CCC
:10FF5000A47F48CBB0D166A1B227A3BD88A88CA04E
:10FF6000CF8F4512A15325F47C43B115C414B00DB5
:10FF700083FE5B49F5774C7E17AC6545305BE7281F
:10FF8000E5DF98B86EEAD4D1E698181865C9184B21
:10FF9000CA68A61D90A8626079420D93CC68AF43F1
:10FFA000C4D18C52116599B10C94BB6036C6F47003
:10FFB000FEB09325BB77260DD40B4B5149DE285755
:10FFC000A770601C535A4E8580D2FE622EDB4E22F3
:10FFD0003FE323329A0ABAD9D791F5660F1E593CEE
:10FFE000DB523830807ED4E42C616B150B24C91AA7
:10FFF0006839B017C8E4A76928B3178408F40E60FD
:020000042023B7
:1000000058423D61196C384495A5A0CF2575E4444C
:100010004CAA88AFA40F6B8AA856ABB4403E539449
:100020000A2F053F890F93F3935A535EA0E02F35B3
:100030001964DC4C05EC90BED9C4A15EB967F946E1
:100040004BCCF2DFF4420B5E578ED41C8A3484D141
:1000500062F4170BFE70A46148D15EAE3802E94429
:10006000A491980EF29B91DF8CFC66E43723BF5974
:10007000E09F84344A284F285256000B96C782E5E9
:10008000B160FA164CDF82E95B307D4BE455EB43FF
:10009000926314D79889E4238BCAE38A75F34BEBF8
:1000A000A8CA89342332B68ED325E52450513AD8D4
:1000B0004EC155E515D5738A2B88F821199A0D354F
:1000C0006C21D32CB64CF9BC49C611AB49A08E7635
:1000D0009ECC2EB106A42035A4CD8B0B9E3449EACC
:1000E000358EE8E4E48542151D5C4513D5CAECE87D
:1000F0006224333A62749A9594949DC3C9ED22CCDC
:10010000E6CA39E3614F427FE88D6C9052D8E1B185
:10011000FD97502FFE18315566A097342194A9A25F
:10012000844C6571792862214A57B3A91836723018
:10013000FB81C6CB4A94642520202B617346A5B968
:100140005C6F2153520C61AB9A5E9666323273C378
:100150009A3A453C4CFE46296A96103E3B58F82593
:10016000EE8BA56181CE0DA47313A13FD9149384A6
:1001700088291C55D8EA0C15A5C582E04FB0270187
:100180004EBD60AA3B3D2F3727372E33116CD1F47B
:1001900009D333B2D293729372047923E39FD2DBF3
:1001A0000B085B625C6E5C30D9071A50C8054D8540
:1001B00024333BD86A16C645BF5909481305AA23FC
:1001C000BFC71B4CC4DC832BA1D27EE9862198D209
:1001D000EAF96C41598D2BBBCA4A6B90542B301EE7
:1001E00080DE73E1B86262DC2BF31B2BCD46033556
:1001F00054301BCB608D3E8EC4078506870487284C
:10020000AE23C12178DF389E9A8384851CB3538640
:1002100046082DBAB424A8B2B4B29A3D3B66E7A210
:100220000CAE24EA7B9844CCA08F8C1D5D3B6E7491
:10023000AD505E4538C8B1822A8B612CD22AECEAD7
:10024000884C0176F33AB23E81857C52A26CFD6502
:10025000A5B639428036CE6229AD3459D05610C485
:1002600047A5707FBAE03954A10572242B35F7FCFD
:100270004BC6F444D815F827E466A707D17E0D06CF
:100280001E603D2DCA95451B32E89AD45E8A2D1119
:10029000C5F5832E9718EA10712A48EC6A2C62B8CB
:1002A000569BCDB22C91E43B4CD74B6611D1428F7B
:1002B0008C3F513320372D9644D2D50945A6A5351C
:1002C000B3BB23B3721D9DF81DEE0F2C5A60AB55C6
:1002D0002364494D53FDC58C49FA60E35A5E535C73
:1002E00059A9AC464E97013D16FC7A521D20DAA75B
:1002F0007669FA45A0B12052146B9520B0AEA85390
:100300000E4EC3C19C490F0267C1305DA607802C09
:100310008C77B2BF921DBC8787865295DA8B52B517
:10032000BA8F13BB49D24F6F27838459567AA27C68
:100330003305A010C788825EB206A2ED11E5BC9518
:10034000E27E10C7F11AAA3FE34AAA1927117A568A
:1003500018AB4A15E3BC2CC06A9E535269367056DE
:10036000B2DA3353615F0919BF73894D18D1839590
:1003700052EB302EC3211F87E19C9B4BB7A7501A2D
:100380003184B939A556458883B93F47B66DF2F82F
:100390004525D5E5F200326C8035408543B29C0599
:1003A0009B9F502261D929B0C1A365E34F66F274C7
:1003B000B42303756D1D8CC6B0C883260BB27CB404
:1003C00002A54F581033CA0490B81E4FCBA136ACCB
:1003D00074C34023C54D2F6D0239A0534AC825F37D
:1003E0001DDD12B32DBF0323D55325E5B1FD2FB17C
:1003F000CBD3C5837898690EF3C83C870F91C4A707
:1004000026C5A5E7A6664CCFC4FB64FCAC76E57CAC
:100410003919F278B64FC4730A661C7765F1303D1E
:10042000C9DA98B8FE27E3A8A0AB110C2D41D6A7D6
:10043000636316DA9CB17C52936624E681DA42A8A3
:10044000476401A1254810744484807A0966CA8FE4
:10045000F90A461866F180424E520A277F1EE6D2FC
:1004600072B1FACD74FF931097909A24C6578431D5
:1004700061B899A957C5F3205949D9C93078897C01
:10048000C4CA11F600D62A4CA720717A8A3C9F452F
:10049000C516C35C685BB428C4DC880DFF1C6C3ACD
:1004A000298D9B9116A1CF498FCB4FD2674D87796C
:1004B0005C98071CC3435D8487B9080F17EC6C2652
:1004C00084EAD3D8AD31790A51A1E813C510E64FBB
:1004D00053F8C31CE2C31CE2C31DE2C31DE2231C8C
:1004E000E22364F1A43C89B2F2C433DB3F0E9E16D2
:1004F000D1A9897A25F013D55272754D02A85F846F
:10050000D187EAC789C9281927E8934F8691B7028E
:10051000281BCE69BC30C9582DC60AA20886E1BA8C
:1005200004B558609A85527E0804D94030474E84FD
:1005300090746EB7427FC885CE4CF6F3643FC746D1
:100540005F363194139D32762E767441B457CD4E7A
:10055000CA49CAA5E315D15E66550323A8FA417FAF
:100560005F9D10CCDA6F3AD5B925627B10B68B202F
:10057000B3AE24871AC68B21C4408A0E1335955416
:100580008DC7B2C88785641AF44AE17A731DB4D85E
:100590004ADD42D4C7F7E0CFCB02C55192949F15F4
:1005A000C5608E7C8949F17929B272B17ED3838D81
:1005B000CB48CA8035552E970C332195A660072469
:1005C0002AE560AA47A4E30FAD9B85C6621DD16BE7
:1005D00090F0241C081DE34B21DCD975A8C410A29F
:1005E00039E677C517CC65C5FD257D7A5C628F78C5
:1005F00013D3A7044B7A4E87EB59F1C873CB23F57D
:1006000004CF0DB6E778D2C26C35C3C0412C183880
:100610001086B07A22424AA20323FD171E3B59706E
:10062000A7A52688ED94AC33D9E8C682487C7A75B4
:10063000B9A843257E1023E9E5FEF8EAE29A120CF8
:10064000207ED227E28BABAAC8FCC7AC4BF4397032
:10065000F8A7B8429F69AD9C03223B994296F0C32C
:1006600063C822868839A5E5601553662C7708870C
:10067000B18C8C5D2079348BF1206184DDBD1EED61
:100680003820C5B26A79B252B9D261C4944528E41F
:1006900082641D14E4CA410C68ED407850A9A30996
:1006A000E958963A16A3E819BAE4AC14B003A1319C
:1006B000AE52C375DD2C5896101A3C3A04947CB3A4
:1006C000392921FFEC009A1655C5E75497599879B6
:1006D0000DEEFF74FE7047445A27F4146A3C03FF82
:1006E0008316D2E5765068685079E49C3925A56573
:1006F000E1DA8CACE41C30E648EFC10CDD93B4F9D0
:10070000C41AA28A9262CD109E610CCAD7414B7066
:10071000764DFC7468A353323312C216866BFD0DFE
:1007200001206432D581A87CAE451716123A3128D3
:100730002C246C02246080B184D8B9D1DA48822795
:100740005D52524A0D6A2D44F494535D61A5D33D28
:10075000889E8C44250BF2AC62BAFE146637879BE8
:10076000EB99D324925398AEA094CC72200C35967A
:100770001B61B4041E4C0B7AB950CFB034209ACC14
:10078000B4C4C9923E570CB7305357A2E32C8335FB
:1007900051F522B60AAEAE40A526D36BD2AD4B10B2
:1007A00031200B027D4450B9C1A0F3AFCD0265A446
:1007B0002E25334F979D9693003526DE660AF4A9C1
:1007C000DAA8487D644400E86F83C3824304FD28AF
:1007D000E186A2F4F2DAB0E0880970133AF9024E29
:1007E00027AD4E057B9D59D47660B68ED230A4E1FC
:1007F000482324792A91B3A25A3A81AAF2B13EA899
:10080000D495D08A6A30566542BEEAF9EC0768543E
:10081000C82603762E327F80A8A72D27E23F1DEB46
:10082000895656ED62B571A34323404202AB93D182
:1008300025D44CB5BAAC8C4C24544E125201674CA2
:100840004C73EB60CF58CC065FBA7DA1D213E53A6A
:100850005E6C8CF961E2F9B012C1DEC8344510BBA0
:1008600054286D62C450929EB411A21A5952016C60
:100870006D63A9A15B7A26DF54E89D984C07B62DDD
:100880007120AAAE91999E803C571050FA33FDAF6B
:10089000428E41D71C92512DC43A9364A03CCBE1C7
:1008A0007C6C6850C478F2C8E8CA0EB63BFE9575F9
:1008B000A957CD418C779E87681F4C561BA42AC927
:1008C000BDC2802C17A85239AEA81F72FE2041EF7E
:1008D000A32F65477520A3D048AB64F70B9706E5B7
:1008E000186AC842D0544CAA4C1766857561DD68F9
:1008F00003395CA6BBCD181F20B32F03669ACFB572
:10090000F828677A5A860BBE317A3C470C832388D5
:1009100072C6E8F51561CC8BF2252B4C14264B8D55
:10092000DE12C058C9E14E28391893810510612E96
:10093000256A31CEDF9F680481ABC46C99CEDAE6BC
:10094000183AB6D24D6C0EEC41A667535BE8A0D0C6
:10095000800092538855A9BFAAAC3410087279312F
:100960003D53424E8D81A445FCD565B43CE16110F8
:10097000A14C483881948C2267B29596CF5B3AE5BA
:10098000BE1CB743A5E28E5BDC6FA3CDAEB8A996C3
:10099000B6DA747FED6F20C5F9B30EE62B683831F7
:1009A0003A03CC5E16CED18E5D4FCC1CCCF43E28E3
:1009B00083FC02B89EF5773273EBD8CC3D59A795EE
:1009C000F40CD68A127296851E475370D1F695980C
:1009D00094939692298EBFE887E51F0B20E331811F
:1009E000985E3C1C144D4FCA4F4A67F10EE9E3DC98
:1009F0009B26ADE784710104AD262A85A3EBE25264
:100A0000221AA3524EE15C5A020640BD88D670F409
:100A1000EC2C5CC10CF940886E25E722D1C48ED045
:100A200000853E45793D33BCC1838A57E193ACF1E3
:100A300098CE0DC7CF44B188B47752898E891EFDF8
:100A4000A0471164B7409F248A30243B19E930192C
:100A500011994ADBEC7144F244B48452025A07BB48
:100A600045A21F75305764FA23A767C3599ECA7100
:100A700059C688259285D0660CF2AC3A7C18CAF229
:100A8000D1D5EA68F14EC4F649C440F416AFD24E4F
:100A9000497F8675BAC154A78754F42658C2099273
:100AA00021A9DD3A26C4DAAFD83F4193FA7BFABBDD
:100AB000AC5FD30CAED5B149D6CCC89689CE1D5209
:100AC000772127236DFBAA6232CEE4601829EAE978
:100AD000A921A1A4A857F60303AC9AF074211B38EE
:100AE00024FD440EAC2344A90CD1FB614FA8029B0A
:100AF000BF8A3A6AB32A9DC9A4E265F17CB05E540C
:100B00009BA695E456C3B95356A192262F08A5A2D9
:100B100038E92BFA87A33C153AB5516EFAEA2FB49F
:100B2000F5004579C5CACC160ED62A35B08231AE4D
:100B30008BC3CAC4A4503AB4AC6CAFA46AC8F25216
:100B4000E8BF26DA7025B1211453B278A72D995E3B
:100B500087FD9FE9FA1C4F0A8B7A60C91E16B628DA
:100B6000C632B0998062CACFC19247243EDADC6AAD
:100B7000580DE9E577A6FBDF74FDC4F97AB42EDCE5
:100B80003A7AB4589FB3043D414454F484E8D0D039
:100B90004A1D3D4B3BBB9FD01E880D38D552D2FB22
:100BA000108EEE83D81BE662665D42D642643559EC
:100BB00003523A729EDFAAC3F14ACBDAA7734D16ED
:100BC000A65F4044C3305FC003CA2AB6D0753C5B01
:100BD000A3E9E84B47C4F900B644660BB51A98CCB4
:100BE0006CA675A5B08CA05A59D9F04FE62752A42F
:100BF0006B3292E566507AB578800D5EA7010F3AA8
:100C0000C3289C53C828ADCC857EEE0F6CE1C4543C
:100C100097F2A71A7BC31F49565E748D03F379665A
:100C2000755590017F1327F9750509F1541E4CF78E
:100C30009D64F54BC700AC1AD25C88AD32483BCC02
:100C4000829FDA34EBB3D2D312E47E90795291676B
:100C50009EB83F67E1195979C2FE3C21AD54BE3FB1
:100C6000CF83CD15F196555FB11FAB52421EB6DD55
:100C7000217E83CC1F83BF1F948535C0EFE366E0E0
:100C8000B35CB16F063C0E50AD8077DF005201556A
:100C9000808700AF024E003CEFBB621F07C806D43E
:100CA000021E05BC0DF816D0FFFE2BF64840216051
:100CB00029602BE030E03C60E8CA2BF6584019E090
:100CC0007EC04B8063805F0137AFBA628F079401AB
:100CD0004C8069F83B18500568076C053CB2FB8AEC
:100CE0007DFD2E86CDF0FB49C0B38097003B01AF60
:100CF00003DE061C021C011C037C063809380BF8B5
:100D000001701EF02B807B0DEE05D01730103004E3
:100D100070336014201010028804C400E201A9AFEF
:100D20004979BBF17F06DCABF0CC007D01030143C8
:100D300000370346010201218048400C201E900A22
:100D4000C804E40266028A0065800A400DA016709D
:100D50000FA001B002B006B00EB001D00ED80A78D4
:100D60001EF057C0AB803D807700EF023E041C07A9
:100D70007C013805F816D00DB800B80C50755EB17E
:100D80007B03AE03DC00180AD001C600C601C20016
:100D90005180A98044C0344016201F500898039801
:100DA0000BA80258007702EA018D80FB010F02D6E2
:100DB000031E053C0ED806D80E7805B01BF026E0C1
:100DC00000E030E023C0A780CD3BAFD867BC02FD78
:100DD00006E8B38097003B01AF03DE061C021C014E
:100DE0001C037C063809380BF801701EF02B808339
:100DF000E7E009E80B18081802B819300A100808CB
:100E00000144026200F1805440262077177B971638
:100E1000710FAEE5E808BCFD7B4E9CD3899BB14EBB
:100E2000E9777485879CC71FC0F4BAD72AE3173EB9
:100E3000A9F4CFC1F4B39E5286976178DFD3CAF08C
:100E4000D8C779A7F9E506303E1EFD7B1A195FD594
:100E50003887FCD1AF42FF11E483D7A629F8B283CB
:100E6000985F8DFEB3C8B7C6C7A19CAB985F83FEE1
:100E70004BC81711CCC2CB84FCC633EA817CDE4D53
:100E80008CEF5D4C6F6818A325A18C7A22DF10E4EB
:100E90006B7028DF31E4F742FF71A17C0E7CCFA29A
:100EA000DF5B98D7313DFF3E4ABE08F4FB0876254C
:100EB0004DCEEBF9A370C64774A4A5955433A7276C
:100EC000C7B6E9E11527E154634DC2A9B4525F6D7D
:100ED00032107B02109AA0DE8E9E3F3357B2B7606D
:100EE0009103DE9C142E58B691D51E18FA91AD8A46
:100EF000A8F27362F9C6AE23EF0C203B0C16C98929
:100F00006520EFF920FB1FF2CA2DD0A8CC67391657
:100F1000B305BFF4FE8E905FF0BE911EB9C4E866C3
:100F2000A426A4B148FB233D7191D1ED48EB91CAB1
:100F3000CA299CD7A5C9AFC1FA5D8F743352625FCD
:100F4000A767EF07A07C5B317C27D23D480F203D8F
:100F50008E94AC0FC17E45548129EAB5862A2FE4D0
:100F6000621DA7F15040A379AE146F94C94F2AF0C7
:100F70009D607AF2020026A452EACB5918485661C5
:100F8000CD24D43364E06ADCB8E3046B47FE4F3B06
:100F90001F3F54D093491F95A4DF8E027DAE574E5C
:100FA000E8E7B4DF810464FB4E65BB5EF31BF3C36B
:100FB0003B1CF409C4EE2823272D0BD777E4050B3F
:100FC000B26377E27A328BBDD0469F526AC9C5635D
:100FD000639C0BB3568E6CAF942F424AABB254C78E
:100FE00033136BBC8EF0B0172971FFD7B94D0E7E4D
:100FF0003B3A7779DCE5E98D13B7EBD9CC1812745D
:101000004AA5E2794D61F0A08317748F5A69BCE953
:1010100019AFDCF0126D38E827299BC351B03A971D
:10102000E957594403381A2FA8FBF5F4BD7E6679B9
:10103000164EE36549D078F2A61696788F049CC7C1
:101040004B0988F5024A5FBACFCC66EF1D11EE9FBF
:101050008E9FC27B246064C0398E8EC23DE2C5582B
:10106000F1E58D5CFFCBBC623DB4F9DFBC62DD1302
:10107000827E617DB3E7575EB18E21E5CB045DBE14
:10108000E3F8B7E602E35B8EB41E692D5213D2B9C2
:1010900048C1CE826AC9F07C2777E96358871F87E9
:1010A000B52A6004602060086018E0C4F92BF633AC
:1010B00080EF003F012E01AE00343F5FB16B01FDB8
:1010C000018301C3002300FE8060400460322016CB
:1010D000900C480764036600EE009400E6014C8023
:1010E0008580C580A58046403BC0FB02ACB72FC1C0
:1010F0005EF61758DB035D6A87F4A1E74401DE86DC
:10110000DFCF03C8BFCF00613E767B2C20133017A2
:101110005005781EF0136098D66E4F051C1F60B7FF
:101120008F1B6CB7670FB4DB8702ED1EC42809ABB9
:10113000BF51A24BFDE05AC02B80D701EF003EF516
:10114000B7DBBF1B63B76705D8ED8900CF00E62783
:101150007815E306FA4B61E477E1044803B033D233
:101160006ED74EB4DBCF24D8EDFD81AE02EC467FC6
:101170006114A40DF8EB64E6271815CDE8E22910F8
:1011800007B04C95E256E1EFC5B7DAED4F0296C7CE
:10119000C17D00E2E3251E0143917E41F281347757
:1011A00043390A81AF02F2FB0CF35F0F3890D0F3A2
:1011B0005A470C866BF24939E39563D6A50DCED715
:1011C000A393FFA15CF7731B9DF3DDB34EB9EEF75C
:1011D00076C1D7E0B0DF71956F9846996F7F17E9B8
:1011E000FD10D3BBF4F2D5BD4B2F666CEFD2DBBE46
:1011F0004E999ECE457A65DB95F5E2EF82EFD0CB36
:10120000CAFD5008F2853CC6C21F7985D115DF2A78
:10121000F743B12ED2F33CA0DC0F65B9E03BBC4EE6
:10122000B91F9AE182EFA375BDDB27CE70786E3AC5
:1012300017FB9C799ADEA597D95799DE5C17E53B99
:10124000AF56D6B3AB7CBD35CA7A36B9486F9CA6CB
:1012500077EDE0A1CF94E573D5EE8F39F40F57ED1C
:101260006F546BEFEAE5BB0795F9D6BA482FBE4F2E
:10127000EFEE63E1BADEDD47D549877EFEA873BE97
:10128000E5CF313E7A4C80AD1F92E1C4B8DC4F858A
:10129000DE6965CA375FC8E213D97243996EF718E1
:1012A0006539D73CA02C4F635FE5F315F8350E7E0A
:1012B0000F07BFD0FE673EAFDCF70BF1DE0E7E1FDF
:1012C00007BF500917BE663FFB38F8FB3AF0F773CB
:1012D000F05F27DCA095F9AF17C68BBB99BFBF03A2
:1012E000FF00F40F8D96EA39811DC14FA327F085C9
:1012F000751CD87A93177758F46CE345CF6318C9F7
:101300005B2560BF945B4DB51519E6F2B42A6A3CC3
:1013100047EDA8CB2AF4922E562816D92DAAA1164D
:101320003DA0667CA0F403B89BB8E15C2817C71504
:10133000734BB8BD1CCF2FE17915AFE635BC27EF55
:10134000CDF7E5FBF343781D1FC2C7F245621ABC17
:101350004A05AFDCD77878787A7A79797BFBF868B8
:10136000B57DFAF4EDDBAF1F8769C3E715A1A68948
:10137000C8A60FE4713DE43288F3E5FCB85BE04BAE
:10138000007FE6C2B9682E81CBE10CF036FB65DC4C
:1013900016EE2DEE6B4EC52BDB07CF935C483E243B
:1013A000279297077DD4FD070CE4BCBD7C3CB51E9D
:1013B0007D347DD5FD54D7F1D7233F6B4B42FBD015
:1013C00012ED5A1EB358D58251934E3074A02F4D52
:1013D0001774CA4C095742CDD1B4BAF060C1D415C4
:1013E000CF3E105EE11883CC70861E69D0EA26B02D
:1013F0004499420938A9F8A4071FD12E11432F663A
:1014000088A8D54506EBA86D2C5CB0805062E02919
:1014100016548BAF9380335255CCE041688FA38430
:10142000F904FB6914D2C04759BB11146C260CAFE8
:10143000457A79078B1F23F4330C5F8FB4E61916B6
:101440002F7C01612786EF41FAEC4B2CFE068C3F86
:1014500081E1DD482B9E60F1370AE3C82694F7202E
:101460007D70238B1F2CF4030C0F411ABC85C5FB28
:101470000AEB690CCF423A14E7CB21C2F888E1F5B8
:1014800042FADB502E28ACDF317C2BD29BB1FC7EA4
:10149000C2FA1DC30F20ADC5717A98707F187E16F1
:1014A000E9BBCFB2F83F09F7B719EF0FE9A78FB340
:1014B000F89B85FBC3F010A48D381EEFE154EC3A85
:1014C000DC6F08FB0C617F21EC2BB2906F868AD118
:1014D0001376DC2F200DE1593887FE355718D521BA
:1014E000756EB74ACFDF2BE6D3198F315A84D48477
:1014F0007439D23548D73FA69C1736A37F2BD2111B
:10150000FF528EE3C731FC04D223FB95E3FA9076B9
:101510002C2FD2771F578EF351181E8BF4A37DCA40
:1015200071BF16C3EB919A5A95F3C0560CDF8EF437
:10153000D833CA79E108861F17D2D9AF9C272E610C
:1015400038B705E5BF2F2AE78DAC152C7C08C647B8
:101550006D52CE23214238D2B99B94F3883FF69B3B
:101560002C8C3FB14939EF9830BC16E98CCDCA7943
:10157000670D86AF479ABA49390F1561F9760AD7D0
:101580006F52CE434730FC38D2E5EB94F3503786A8
:101590005F42FA57EC3F1666CAAF27AF00CAAD4E9E
:1015A000A82CA1623BBD787EC851F4E08DEB9DD89C
:1015B0007465FB1982E137FB28C3FD317CF01065AF
:1015C0007814867F18A15CFFA462F8A15225FF0C55
:1015D0000C1F9AA20C9F2B94275719BE1CC34DB702
:1015E00039B4730C3F9FA90CDF83E153F394E127D7
:1015F00084F26B95E1543FCE5EFAA01010303B7040
:10160000F9E92707C14D7F8E19AEF5EFCF6808D2F3
:101610002CA426A4FD397FE4F3473E7FE4F3473E44
:101620007FB11C70E497BD22CD0CA21427F2139950
:10163000209B86A3328289BD7B86A379BF13FD845C
:1016400014B1AD3F7B6E8EF44317E1FFAFD1EC29AF
:10165000578FA77A1EF26E1187C74BC2C93B00F4A1
:10166000F82EB02C9C2F386F5EC5FA3DF37BA3DFBC
:1016700024CC3BE85F8EFE21E8DF8C7E1DFA770AE2
:10168000F310FA0FA03F0AFDC7D11F8BFEB3E84F3E
:1016900045FF25F467A1DF1BC7F319E81F22CC1F04
:1016A000E8F747FF5CF44709F30AFA53D1EF8F7E5E
:1016B0008E1BDE3F5E670869887D22EB9DA26F4C22
:1016C000DE4B021E98F6D8FC17EFDFFBDC0787BF66
:1016D000EAFA3174607F95392C7BC4CBD90FC55F92
:1016E000AC39366752CB906577ED98B9E5B5BF6FE9
:1016F00078CBFEAF2FBE9E332A2142A7E16F38532D
:10170000B2DFF278A22D77DE13B7BDEC6FF359FB91
:10171000C3E9F77F7E76DFCAA339913563060C0EE5
:10172000F1FC78E185B2B5F97F4D9ED571E753376D
:10173000B546357D79F1CA371B3FDEBDFFEDD4D309
:10174000331AE73E551BEB5D3C44E53F32EADD834F
:10175000DF7FB2EADC0BBFA4361B1FD63EFDE75D80
:101760003FCFFC685AC79DEBE62D189AA50D9F3C0C
:1017700030F0B77F7CF6B737FEFDE83FEBDA66DC8A
:1017800017DD39F499272B9A169F4ADF5738629C48
:101790003AA6A86FDCB0E7BF5FFDDB77EFBDF77956
:1017A000E0737D5E9BBB326D63EB3DAF541DBDE3CB
:1017B0007CE6A0A961C1B7DF6CBA6E93FDF5AECF30
:1017C000BFBCFCBEDF1B935FF8CBA6DAD5CB1F787E
:1017D0007AC9A117FFF958DF0F82F666FE58FD554A
:1017E0007DFFC7B83743BED669B246C7269BCA8BB2
:1017F000762D5BDFF2EF2D9FEE98F2D6B0BFDFFBC8
:10180000F51DFF7A51B566E0BF467C183621FE868D
:10181000EC4573F26BBE7DF96F4F6C5DDB6CABFA20
:1018200079FAE97147FBED3B19F1D6A8CD372CD1F8
:101830009459524A46E57A24FEE3A95F3B1E6EDACC
:10184000D9AAFFE69E8B7FDA1FF3F1DFC7FC14F9FC
:1018500080E7F6C105650B17DE981C919FFE49E5F0
:10186000C1EB7E197FEEC0C3E79A57EC7AE6E9C474
:1018700019A5A99EB563E7EE19F295F7D2A82DFE3A
:1018800077FFADF01FB7FEF3E67FFF72DFF1B6CE54
:10189000671EE9B44ECB9D3971DEE03B7FD41E1943
:1018A000BA23F0C1C9C1BF5DFF7DC5E719EF6D7BEC
:1018B000EDBEE7CE6E3CB872CC62AF8A92C2A4F4A1
:1018C000F69865E34E0CDBDBF796AEA9F6D9EF2F61
:1018D000FEB2ED8557DFF864F5A54DBE5591F7E4EE
:1018E000655AEE68097E69EA07D775DFEC1D61B7B6
:1018F0001F067C0A3803F809701E1002F2B918405E
:101900002A20176002D4021A006B001B00AF02DE0F
:10191000041C067C0A3803989A63B7FF0030E582FE
:101920007C0EB01EF03CE05780679EDDBE0E109C22
:101930000FB232C072C0FDB3EDF6AD80A977D8ED1D
:101940004580C17ABBFDA312901396823C12F01021
:10195000603BE03C20BD0CE47C04E5903F20D608D1
:10196000F900EA016F67DBEDD755D8EDFE804CC07A
:101970003C80A912CA0B580F7816B0077000701C73
:101980007004F03A94D3BBE23F03DACD4D9854A9EA
:1019900053D8D18584B100C11F3141E98F8A52FAF1
:1019A00027452AFC6121E14A7F6888837FA2F3F4FE
:1019B0001CCC62157ABF74385228984FD25D12B58C
:1019C0009FCCA147357B9855E2B8D8F5FA735FFCF8
:1019D000FF8CDDFC8ED41BF9F0BA497CF8CFBBF943
:1019E00070E3D35C74B33F1FED73908BEEF71EE78B
:1019F00097B788F31BDCCADFBED26FC658DE6FF024
:101A0000375C7899271FBAD22F7F2217BAF2E98D57
:101A1000D1AB4FF37EC706F26D6B7FE2FC8E86F191
:101A200019ABDAD67EC81D5C19B4AAEDC3766E4731
:101A30007C3E377161D6E3D1D7EBB91DFB3EE5FCA7
:101A40003C5F391CEDF93EB7E3E727F81DFBF2F8E0
:101A5000686D32E055C8E139BE2DAF92F3BB7136E7
:101A6000FF01A4FD1A97B6EAC5957E791B21C7BB75
:101A7000E9EF4E0FC2758EF79B19005C50D679873F
:101A800038BFFC4F202E7C1AFCCA3302E7D3E80B88
:101A90003F1304F70258B88E4F5B15AD85F8A3705D
:101AA00017EB5A695E9DCDBBB8DB57B6ADFD86F32B
:101AB0003B3616CA1BB0AAEDE8442E6855C713BFC3
:101AC000BCDE66B3DE1AB4297453679F457057B7FE
:101AD000F07EAD76AEEDE8ADFCEDABFDD67DC96533
:101AE000AC0A5DDDF6E50BDC8EE917F9F0FD4FF28F
:101AF0009DABFFCD872F9AC84F58DDB942CF778273
:101B000080D56FDDD3BCDFC746AE6DED5FC835C78E
:101B100076B16B8E3ECCFBADABA3BFA39B806BF0CD
:101B2000B77CDBCC40AEEDC6C9FC8E6FC97D7C0AAC
:101B3000713B0E1DE2DAF2E6C17D6C435F78591A03
:101B4000BFC39A06F7F10A94B373C5218EE4D17925
:101B5000FF7790421BEF57701777FBEAB6BC3FC385
:101B600015FFA469FBCD8AE6C26F2BE727362D78D7
:101B7000C7CF6BECEA5D9B3A9BCAF9D736F8F9C23E
:101B80005D14C0DDE4DFCACF5EDDE6FB25F7C1EA08
:101B900029ABFDF42F70E1D3BFE1C353A6F0D1AB65
:101BA0004FC19DB4C2EFA7F84ECF2FB95D8FB67D60
:101BB0005CC1F9B53E0BE52EE43F59EDF7F16EC877
:101BC0006B17DCD106A893C5F4F76B8FFAB5C27D0D
:101BD0007C1C08773D99F27C8A3C700FADDBE8EF06
:101BE000F0F299507AC0A2B1501FBB368D28DFB5F4
:101BF0004955FEF2A661FB4F9677AE28E0DF5C34D4
:101C0000724C011FBD22853FB968A47F0A1FDD3CCD
:101C1000967FB37C64E058BE736507BF745167E379
:101C2000E7DC0DEF77DEDFCAB72F1A19DCCA77368B
:101C30004FE41BCB47EA26AAA3573EC58F1CF1945D
:101C40003AD0B2C232CF78C818386FC5BCB2BBDE4A
:101C5000B96BCCE2C6C56595EF5466C0B7263BBEEE
:101C6000F199D7D2B4A86CD8BE8E8EF24EF8AEEBF6
:101C7000D9C27D1D17AB625A9AC64E1C76B0E3E2FC
:101C8000F4275A9A9ECA293CD85170DDED2D4D1784
:101C9000C70E7BAF6391475B4BD3FEE585EF757C49
:101CA000B3EC9696A68E47867DD0F1F189592D4DDD
:101CB000AD1F8CD4C13721477870851FC017880F9E
:101CC0004F5A30E212F9CA6BF659CFCB99DFE59F34
:101CD0009A796258DCB686E0E668AF0BDC90BD61AD
:101CE0000D837EBDA83658F7738571B6B1857B0D1F
:101CF000D76B552D3E9CA6B3392DAEADC987339415
:101D00009F572DBDA9654583AAE5131FD5215B66A5
:101D100063B86D1ADF95C5DD16AD49E48FD9C6D815
:101D2000BAF6BC7FD14FA3B99CF9303FED50737424
:101D30009F66AE45DBAD9EB4F9308DBBFE424BB322
:101D40008FA6D32B1ABEE7FCEB95B68212F295F95B
:101D5000CBD19E17546D7925DC231E87D60E7FB418
:101D6000CDCB935BF956BC6590AD4175D2C4BE94A2
:101D7000DA3E4F353F7B6DFC3CD560FEC1E1C5D5F9
:101D8000595CE24993F41555124BBEA42A7D61B902
:101D90003FBC7FE5F986B682637CDBBA48EE28B4A7
:101DA000E446BEED9827BF45F301D772AC896BB905
:101DB00070E1FA762F3F5F1237F2C61FA19535F119
:101DC000233D09F5E2872FDB02BF062DBA787D8B14
:101DD000EF2BF0CD6EF23DEF91BE5F7183165E503A
:101DE000B77899D4810D866FF60F6CF1AA574737F3
:101DF000EE8F1D616BCD53C157486D377575EBBFC5
:101E00001DC78DB00D4FEEEA7EE3DCB294BF7223A6
:101E1000EBCF73CB0A1EE7B6001D96D8F6711337C9
:101E20007209F9B505FE2E4B39CF8D5C4AE24F7130
:101E30005B8016B2F865E4D79665243E821FD940D0
:101E4000E247F15B800E4BA5F136F26B8B8DC46FD0
:101E50002857EFF0D27CAD515F812F4C97B417C556
:101E6000F1AA657103469CF03C35ECEEC086E6AE07
:101E700098123E89F034A90CFDD49CC4B3BB7C43BA
:101E8000F9EEF2EFFFBEB4B5EEF3F62255491CBFF2
:101E9000B43EA694A6A636A8D59C6A199FB4B4FEF3
:101EA0004F0B82CF8FEBEFF95DD8A5C8CBAF9E78F3
:101EB000FDD49B67DF812F6F77C50E1C73B268342A
:101EC000D435E6541CD8B07BFA03FBFD8BBB4CD554
:101ED0001B4786683431251BCA2FE740C8DC2ED348
:101EE000F40D23A3349A618B9BDF5F6F88CAF1F9ED
:101EF00086E47CB900E22ABA4CAB1F1919A3D12C95
:101F00001BABF1B97BD1DDBEBFAC6E2F1AE97FDE12
:101F10009B95863C45E19BF2D9270272EB0E2E1B66
:101F2000EBE1B3AD814FB4DD776EFFB2491E5C705B
:101F30007357B7FD7C6043DEF7D31AC9D77CBBB8B3
:101F4000A2BE810DFDBE577734AB06DD791317F0C5
:101F5000B7654FF978ED58F40BF9DA7AD18E6F52F4
:101F6000F8C7DE1A6353B5F67B6F4D49EB5AF2BCE6
:101F70003C127CF7C157593D6C1D5DDDF7FE082909
:101F800074DFFB5D60C3847D627C1CC6EF8698AE07
:101F900007B66E58BCF1AD0D86DDF36D90CED2D68E
:101FA000C0065E4CA9742AE33CFD4A57F797DF2D23
:101FB0007BC2C72BBC6E1737A8CEA728DC98C61BE0
:101FC000FAF97024F55BBFFFAD60E4B3E7BD973D60
:101FD000A5F1F9A56DE4D6F3DEC297C1C937EA557C
:101FE000F384EF83937B26F71E55B7AD29B8596369
:101FF00078A9799087D7A59606CDA5410D5E5E2D6F
:102000005E1EDE86879A383E69D25683D6871B5677
:102010006C681ACB7F5634C6D6D2E075E9BD8EC344
:102020009093FEBBD24FD897BB49CA245D7EC0882F
:10203000B3F04DFB066FEBCA646D63EBCFB4BD9A92
:10204000BBB8FAD401E746C015D7D72F4D19B6F75C
:10205000C19461FBDA530AF79290F1F0EDDBF812CC
:10206000F6F5EEF613E48BDD8DA7C65CCEEE26DF2B
:10207000EDBEE3544CE9F3CD4BA06D053684353706
:1020800018A07E1AC9730C6C6CF1E454B6FB1E7E6A
:10209000ABC5733B7CF3FD499B6F929A7C9757B518
:1020A000DE70B8C1771AFCD66EF3E88A55DDD30A24
:1020B000BF5B56CCD3F8DE06617DE6AB5B81B6DC58
:1020C000375F6538A2D1F42DF13D4AEBFD8CDF4D31
:1020D00037715DB123EE1A556B0B18A4D178913A84
:1020E0006869D2781B869D57912F70F3C94FDAA08B
:1020F000ACDB7FCCDDD698D9F8A16DA6AD6B73763D
:102100006ADB7D3771D98D34A65BFFF417CD4FDACA
:10211000A635122E7EE1B686BB3BDBAD99C0F553EA
:1021200092F1B50F6DE45776D2572FFF60F32DA5CE
:10213000E52C302CD37224959F12586C4D822DF0D3
:10214000A68E1F6C653621263B9EC57C18670B1C2E
:10215000FD86617D0A9F0FA943BFE8B63FDC5E7A2A
:1021600007CDA9B87A9BEDE18E1971133D61F6CACE
:102170006FE2DB7C9B7818810637713FAE3ABA7A02
:102180006F594BA367B75F4113675DFDC9EAA5BEF1
:102190004B5AA6AE5D5A3F6901F9DAF6B6E6E0158C
:1021A00061B656A835687FCF92513AFF94E7E511A2
:1021B000975E5A11D9FC6A43D79A9FB849A7F796F8
:1021C00065371EB6053674D587C14C6A83D46D3029
:1021D0008775405E7EBE369A665CB95F9E8D1BE455
:1021E000E5D55DB772F6CA91BAA7B9075236EC5178
:1021F0007E77BA9D7E79BAF534C9E97441BEAD6B7C
:10220000CD88BB021B7CCEED2D9BD648EF90FB709A
:10221000E20729E73A1847523EE150D505360C90BF
:1022200038625586162F4E35BBA3D583967716E1B7
:102230007973A12295EEBD03F7A6DCDE71776E5AA5
:1022400047E88211BF8CF979DA8F99DF679FCB3F1E
:102250003DF3AB2F2E9FBC74E6FCB7DD3F7C17D956
:10226000ECF9DBB686E79BC356746DFFAA24B0C1B8
:10227000773E6915F70D6EE9C3AB7C63E077DFF459
:10228000575AB4BCBAA5EF5E7E50BF25AA967EA071
:10229000770930DCA1E1BE2A30789EE78E167824DB
:1022A000196E3C7F9DAF11787D7CFCF2B6F2C9EDD2
:1022B00064B6D97E7B78E0A999A4E496F6F2C0C60C
:1022C0004F6D53E1777BD5F0737734D2F8EE174E2C
:1022D0001B7C3DAE5B6A9D034FF4A551C71A7DCBB5
:1022E0002005CFB2E1ECEA17ADFD0EC6173C9062B7
:1022F000187C51352C6EE35BAC95D874D03E86B318
:10230000DFFB745D7B6EFD9271C7CD0A6C78B9E31B
:102310004CE33C4CBBFA64DC69D5C2AAA6638D874A
:102320006CD9E0BFE5E494D327536A920DB75CD033
:10233000B45B495DD5F0199FB3321FBCB1DDC62730
:10234000935442FD616449A673E5F60563B7358E83
:1023500080AB31DFA1D01E87F249DF9AA659B6596A
:10236000B475DF1AA7CDDB364F3BFFCC5DC98B9F21
:102370005CEC79F799CA0078A298DE80A437D8AFD0
:10238000A707CEEE60BF9AFB2DC0B073DAB437EA70
:10239000168090B091CD95D3CE06363CDFD0D5DDFA
:1023A000F5B73FBDC7272F49226DF8C55B029BC516
:1023B000FE75F3B6C6698DADA5E4293F6167A51921
:1023C000CD776D7E70009F248C336494692F539574
:1023D000B17E77EF57A73B662F68B5922B6CA7C7E6
:1023E0005C6E3CC5C610367E6C6BE8DAB39737CCB2
:1023F000F45075ED191E11D8C8F83CBE66297B0C47
:1024000080FAEDC327911E7ED2125FD75EA7BAF382
:10241000E4BCF8F9C5904360C393581BA3B7746D2F
:102420005673BC1708C3419CAEF1F2F4E0E06D5363
:10243000441BA75179803A4CADA27F341CEFE905CB
:10244000769F9E1C04A8450533C7BE45508F740F68
:10245000528E673416693DD2388C8F479A8034117A
:102460006912D2254897225D86B401A90DE95EA4C0
:102470006F227D0BE9DB48F721E5317F155235529C
:102480000D520FA17C48E39126204D449A84740993
:10249000D2A54897216D406A639497DBBEA03E4267
:1024A000857A0735EA1734A847F0407D8127EA0589
:1024B000BC50FEEF8D72FC3E288FEF8B7277267B2F
:1024C0001F8A5A261F59EA42D8509986AA778ED871
:1024D0002282CCFE163775D3FF092AD90730A7967A
:1024E000DB83CBF46370A85A3C359A0C077C890CCB
:1024F00087EBC5FB72B276887A917A4EE9A73611DE
:102500003324FF1E4EE9A7BAE7B992FF08A7F45398
:10251000DD70ED0EA5DEA5DED17F2FCDB7FE5AFD15
:10252000CE847C450EFC3B3F41BD22DA6B6E45FFFD
:102530007AA4CB91D6229D8B7406D254A45148B76D
:102540000A76A12D684F4A07283266F06418F222F5
:10255000F53E95869168BE0F1D29C92FF2607C3C1F
:1025600004BE294A166A45412354220BBD821A4FE4
:10257000D05FBC8790911765F6A663AEF02B589993
:102580001E2F964AED212871692A6A3115DA60D822
:102590002F3A6ED22BC818C893E193F7120BEE2D89
:1025A0008691D82027194989D2D6A712CBCCBC1A3C
:1025B000B1A47488F51452568989F252ACF84BEDE7
:1025C000AD88F57015EBF20A16E62465293DDEE1CB
:1025D00066C40AD3282B877626E90168C47A717A03
:1025E0000B9E62ADF18AAA63F97A2A7F792BBD4EE0
:1025F000F878B1C2E84391E5E62C29E966D43D5B61
:1026000013BB2D07AFD8B8A4DBA2EFCAA429ABBC7B
:10261000C494BD14F9AAC4A6E2A1BC4B15AFBCC2B8
:10262000C7C92D782B229C26E0EA565D6724DDB9C8
:1026300046F1B478AEE763943D50B593A2491929A9
:102640001BBFEB8AF052DE87B7503E95F7B5EB40E3
:10265000BCD6A109FC0737AD5674765EA36CCA9A46
:102660009E2D5BED70ABB43B7B2ADAB3433154CE85
:10267000CACCFF8EBB94D590CFEF6ED42AF1163C16
:10268000945E276D5CEDA4FBC91EA8F7B5EF92FC24
:10269000D2F8F46C11AAABB617E95A8786EE90947B
:1026A000BA170D5D4C4FA51CAA3C38454377365EE2
:1026B000A95DB51CB5ABC6E56CE091AE5549B74A0E
:1026C000CAACF114227ED75025EBF10E9308A71C5B
:1026D000B4C4F943D69D3562F3A6A6F1AEE63CCA72
:1026E000A291263E958B896FB2B349589A753502EF
:1026F0009FE48D7635B3F7212C31CA58674B0367B9
:1027000093BFF03E4FC5CBDCC5F37BB81EF2FC5641
:102710006947B319C38B1CEC56B66378641F65F820
:10272000010C1F3254197E1CC39F75E03F8BE1F7EB
:10273000F7E9691743DE1A068628F4DC8B3EA9D632
:1027400069B87CBF761DDA31115BA53C74B0AE83ED
:10275000451B6C6F0985179786100A472EB7A1F3A2
:102760009B151A1D1E01BA2C42C39086230D259479
:102770008412BD260995ECF8E84B491CA84ED47785
:10278000423EC111C121E113C4FBD1E03A953C4462
:1027900078C51EB7A0E3A667D252266F5CFD81EA1A
:1027A000F9FBAF2C7DEB40ED9E830A7B70C4BDE846
:1027B0005F5FA13C8724FCE0916F86C339B55299D5
:1027C0004DD71FE1B272F272E45470915B5C9E6B64
:1027D000F7C1F2509A8EE7D76BD73AE74FCA48CB8A
:1027E0009553C16D7DC3397F6E0E7BE1BF40971F4E
:1027F000667C31879DF327642667CBA9E07E7AD378
:10280000397F1E7EBA51A08958EECB3BAF7E8EDF5A
:10281000DBC17FF65DE7FC6959660515DCFDEB9DC4
:10282000F367E4A42AA8E096B639E7EFEF4045D76E
:10283000E670CEA797AEBFAC7DF5E69CF01F9DAECF
:10284000FABF94AEE6BF94AE37F2080F27C4C5397D
:1028500095DFEB66EC528E0373D12ED831BFD4FFD7
:10286000527EFD5DE457F45FCA6FE72FCEF3ABFDF8
:102870002FE55784F991F313F086DADCDEA673E6D0
:102880002EE97C460E3924D0CBEB56F85C7D3CA972
:1028900011DFC4FD9FB9ADA5CC1E7C27D26B39A139
:1028A0001EEAF13CBF4049DDF33299A8C6A1BFC77B
:1028B0002E573E0FF1DC9543B8202F5AE3102ED847
:1028C0005FEF740817E44A2796F77CDEA44C423E7B
:1028D000CB37FE31ED216B1FEF727C24F909F7BB7A
:1028E000FE0FCAEF402FF3DBFE07E537E49DDEE580
:1028F000B7E70FCAAF7EBFEB74487E423B3AF207A0
:10290000E577E41AF909EDE5C41F949FE9C0D5F312
:1029100013EAB3FB0FCAEFEC81AB3F3FA1BF0C79C9
:10292000F48FC96FEE3BAED391EB4C841D8FDA610F
:102930005EF570E8DF5EC8E78DD407691FA45AA46E
:102940007D91F6432AAC6507389C9368B803F71568
:10295000D9685F3F9BD179598C5EF1BDFAB871E9B6
:10296000F13FA69EA20EFEBE74621DFC5ED7E02F54
:10297000A607FC822AC9D705AEF67A93FC87D87CD5
:10298000F238520BD2D878568397DE6043B6B754EC
:102990001066CF7DAF728CEEEDFA5028977991D109
:1029A00069FC47987F5F69DDAF72AC006C23F40867
:1029B000CBAB9CF87D27E9253BCEE65B3C57A6C216
:1029C000F760D17307E4634C2EAEB91FF33FD2EA30
:1029D0006A3D9EA6CF4D8F77995FD14176DD3D0F41
:1029E00033BA13E9568D4A41DDCEEDDCCEEDDCCEB7
:1029F000EDDCCEEDDCCEEDDCCEEDDCCEEDDCCEEDF7
:102A0000DCCEEDDCCEEDDCCEEDDCCEEDDCCEEDDCF7
:102A1000CEEDDCCEEDDCCEEDDCCEEDDCCEEDDCCEF5
:102A2000EDDCCEEDDCCEEDDCCEEDDCCEEDDCCEEDC6
:102A3000DCCEEDDCCEEDDCCEEDDCCEEDDCCEEDDCC7
:102A4000CEEDDCCEEDDCCEEDDCCEEDDCCEEDDCCEC5
:102A5000EDDCCEEDDCCEEDDCCEEDDCCEEDDCEE7FE4
:102A6000CEFD2FA2860C69001300000013000000A9
:102A7000B385C50217D5DCE003354559AA9597D72C
:102A8000DCE023B5B7589727000083B7272763F307
:102A9000B7000145828082804111F32700C09387EF
:102AA000C7123EE4732700C0A267E36DF7FE410141
:102AB0008280B7270020D847C176FD16758FD8C70A
:102AC0001307D007D8C7D847C166558FD8C78280AB
:102AD00013170502019397270000938727EF93169A
:102AE0004700BE9694426383A60002901207BA97ED
:102AF000D847B727002093870708D443D98ED4C37B
:102B000094471347F7FF758F98C7828097D7DCE00B
:102B100083C7477C97E5FEFF83B545A3B9E78547A3
:102B20003785B8ED17D7DCE02306F77A13050532B1
:102B300097E8DCE0938808C31B8707002146BA8624
:102B40001313F7031358F3437D363378A8001B574C
:102B500017001376F60F3347E8007DF28A06C69613
:102B6000852798C293F7F70FE1FB7D5797D6DCE9ED
:102B70009386464917E6DCE01306C6BE99E917E5D9
:102B8000FEFF0325A59B1347F7FF198D133515008D
:102B9000828083C70600FD158506B98F93F7F70F6E
:102BA0008A07B2979C431B5787003D8FC1BF4111D5
:102BB000B727002006E422E0938707089847B70666
:102BC00000800544758FB7060040F91694C798C772
:102BD0007D57D8C3B727002080CB1305000297008C
:102BE0000000E78020EF1305100297000000E78047
:102BF00060EE1305200297000000E780A0ED1305AA
:102C0000300297000000E780E0ECA26022850264B9
:102C10004101828037050C0A828017D7DCE7130751
:102C2000673E97D7E4E79387E73D998F37070C0016
:102C30006373F7000290B70701022547A10798E3E5
:102C4000B727002023AA071617D7DCE91307873B0D
:102C5000B707000A6373F700029097D7E4E99387F8
:102C6000673AB706000C63E3D700029063F3E7000E
:102C70000290998F13D71701BE171377F70F81C7EB
:102C800005271377F70F994763F3E700029037178B
:102C90000102BD47130707801CE337170102130722
:102CA00087801CE337170102130707811CE33717DE
:102CB0000102130787811CE33717010213070782FC
:102CC0001CE337170102130707831CE337170102C0
:102CD000130787831CE337170102130707841CE3DC
:102CE00037170102130787841CE337170102130704
:102CF00007851CE337170102130787851CE3371785
:102D00000102130707861CE33717010213078786A2
:102D10001CE337170102130707871CE39725000000
:102D200083B545FDB71601024147B707000A9386F0
:102D300086823705020037060C0A98E20F00F00F72
:102D40003388A7008CE393870704E39D07FF0607FA
:102D50000F00F00FE393C7FEB71701023D479387BB
:102D6000878298E30F00F00F82809307F6FF63FAE3
:102D7000A500AE9763F6A7008147631AF60082802C
:102D800001A03307F5008147E369B7FE01A0B386D0
:102D9000F50083C606003307F50085072300D7003A
:102DA000E9BF2A96AA876313F60082802380B700C2
:102DB0008507D5BF4D715AEA3A8B137748003AE838
:102DC0007D5786E6A2E226FE4AFA4EF652F256EE0B
:102DD0005EE662E2E6FDEAF9EEF53AE413774800D2
:102DE00083BB070019E7330CDB401387FBFF6297B7
:102DF0003AE42267130317003377E30019E363769D
:102E0000DB0223B00700233006007555B660166458
:102E1000F2745279B279127AF26A526BB26B126C16
:102E2000EE7C4E7DAE7D716182803EF436EC3C617D
:102E3000146232F01041AE8C338DD5003EE0930524
:102E400050034041033A8503832D0502832945023F
:102E5000032C85022A89DA9BE3EFC566172500005B
:102E6000130585A593152600AA958C41AA95828500
:102E70000547232EE900233409002328E900337491
:102E8000E8001DECDA8AE684014C8149814D014A53
:102E9000894563F0A41903C604008504331686002F
:102EA0002124336ACA00E3F685FE91A20545937694
:102EB00028002320A900DA8AE684D1E6715561A0B2
:102EC000328CB289B28D3284014AE3F1ACFF03C681
:102ED0000C0093841C002324C90063FEA405032670
:102EE000890003C50400FD4E1B1E86003B0EAE008C
:102EF0003B7EDE032326A90093851400E3190E68A8
:102F000013750502E3150568C2679379F600E119A8
:102F1000B339300189EF1B564600212605453B1584
:102F2000C500216E6367AE003356C30019C2638BC0
:102F3000090A854979A80946937628002320C90003
:102F4000DA8A0545A5DE8267FD56B39686002330F2
:102F5000F90493C6F6FF8277B3F64601232289006F
:102F6000233CD9022320B9032322390323248903D4
:102F7000B384944184E3A277B38A6A4123B05701B2
:102F8000E34605E885669386065BB3F6DA02832797
:102F9000C90141661D43939E070393DE0E039BD731
:102FA00007014536E3980A5C9B970701BB87D70169
:102FB000232EF900E31C05E413781800E30808E465
:102FC00003270901E304F7E4795589B5E68431B7AD
:102FD000E6850290930640022320D900DA8AAE8467
:102FE0007D55A5AADA8AAE840946E37386EA13768C
:102FF0007A00232AC9001B561600232CC900135A35
:103000003A00753405CE8D456316B61E0290A9466A
:10301000BDA8937628000D462320C9001DB7DA8A83
:10302000E684BDB5E3FFAC3F03C60C0093841C00EF
:10303000DA8A33168600336ACA00212413767400B4
:103040006198335ACA000124814949C41D46637CF2
:103050008604939509028191CA950D662E962304E4
:1030600046936134135A8A0085290D46E37F36FD65
:103070000D664A96835986920356A6921346F6FF2A
:10308000421641926387C90802909306700223207A
:10309000D900B9B79376280099452320B900328426
:1030A0004DB5DA8AE68422865D55E3F5A4FF83C533
:1030B000040085041B048600B395C500336ABA007A
:1030C000E379C5F82126D5B7937628001D46A9B720
:1030D000DA8AE684E3FAA4FF9395090203C50400A3
:1030E0008191CA950D662E962304A6928504ADBFE4
:1030F000DA8AE68451BF1D46637B8602937DFA0F10
:103100006134135A8A0063F57A052380BA01FD39C8
:10311000850A6388090A65F063E67A07A5461DA853
:1031200093762800930530038DBFDA8AE6842286E1
:103130005D55E3F7A4FF83C5040085041B048600E6
:10314000B395C500336ABA00E37AC5FA2126D5B72C
:10315000930640032320D90009459D46E3F59CDEF4
:10316000E3F386DEFD146134D5BFDA8AE68461BFFD
:10317000DA8AE68455B7937628001306600269BDA3
:10318000DA8AE684E3F9A4FFB3855B4133069D4008
:1031900063F3C5002E8693950902819163F3C50000
:1031A0002E86A685568542FC32F897000000E780FF
:1031B00000BC42766278BB89C940B294B29AE39D62
:1031C00009F403264901058AE30006E26198012417
:1031D000E3FB9C26E315042613741800014AE3154B
:1031E000042E930620022320D9000145BDB7DA8AB8
:1031F000E68429BD85456312B61413060012232602
:10320000C9021305F97F130600021303890423285A
:10321000C90295451305955E42FC1AF89700000017
:10322000E78060B8627842731306890DA1450503F3
:10323000A30FB3FEE31DC3FE13068914A5450503C2
:10324000A30FB3FEE31DC3FE130609169D45050338
:10325000A30FB3FEE31DC3FE13068916A1450503A4
:10326000A30FB3FEE31DC3FE03238901634E035E78
:10327000130600048145A808C2E41AF8970000006C
:10328000E78060B242738565938505DA931803027F
:1032900093D80802338FB80205661306068081456D
:1032A0009AE046FC13058F164A957AF897000000BD
:1032B000E78060AF427F1306004881451305FF7F1A
:1032C000130595164A9597000000E780C0AD832747
:1032D0008901427FE278139607027982130606027B
:1032E0004A968322C60006632668B305E9012E8547
:1032F000014F930E81056391E217768502ED930EDF
:1033000081099303410D01468142832F4500910EAF
:103310001105BB825F00BB8FCF001B961F0023A24D
:10332000CE00E394D3FF4165630AA6220546637786
:10333000562202909306300299BB81499395090267
:103340008191171600001306E6552E9603460600D7
:103350001B050600636CC4068545BB95C500FD359D
:10336000B3F54501335ACA00139609020192099C2C
:103370001723000013030397131526000A061A9655
:103380001042130505024A952D9E50C58529094610
:10339000E37636FB0965130585B8130600128145EF
:1033A0004A9542F897000000E780E09F4278814903
:1033B0000326490363E5C9044D46232AC9026DB5B6
:1033C000937628002D4689B9DA8AE6841396090295
:1033D0000192971500009385E54CB295E3F2A4FFA6
:1033E00003C60400850433168600336ACA0003C688
:1033F000050021241B050600E362C4FEB1BF094697
:10340000637E8602139509020191172600001306B8
:10341000E68B2A9603450600096693757A004A955D
:103420002A9675342304B6B8135A3A00852949B749
:10343000937628003946CDB6DA8AE6848945E3F9E1
:10344000A4FF03C604008504331686002124336AD2
:10345000CA00E3F685FE7DB7034685040505052F02
:103460000A067696832F0600852F2320F60161B584
:10347000DA8AE6847DBD03CE85041B030E00630754
:103480000E04930F810913162E007E96832F0600DB
:103490009B821F00232056009A82014693F31F004F
:1034A0001B161600FD3233E6C3009BDF1F00E397B7
:1034B00002FE63E466041B1E9E00854F33EECE01C0
:1034C0003B936F00930FF03F63FBCF00852E850584
:1034D000E313DFFB0946639FC714814931A2931FA1
:1034E000060293DF0F02BA9F860F938F0F16CA9FB3
:1034F0002394CF013B06C300F1B7937FF63FC69FED
:10350000860FCA9F039E8F1663160E002394AF1674
:103510002A8E79351B5696001B561600937F16008F
:103520003B0EFE41AD4F134EFEFF631AF3013A9E70
:10353000130E0E4B060E4A9E2314DE0141BF469E1B
:10354000060E4A9E856FF29F039E8F9663160E00AD
:103550002394AF962A8E79357D337DBF02131306EF
:10356000006D13530302B388C802814E7D55A946EE
:103570003307C302B1BF39466368860233069D40F4
:10358000854563CAC5101376FA3F1306F67F130606
:10359000166506064A96031386006343030A1B5604
:1035A000934069C66364C40C1376FA3F1306F67F32
:1035B0001306166506064A9603168600634D060E28
:1035C0001B5596401376F61FBD45B28D335AAA009F
:1035D000099C63C5C510939509028191CA950D6632
:1035E0002E962306B69385290326C902832509034F
:1035F000B19DE3E2B9F86398351B8D659385C5925B
:103600000216CA9501921305890442FC2EF897F020
:10361000FFFFE780C0750365C902C2750366090331
:10362000AA951305F97F1305955E97F0FFFFE780D4
:1036300000746278032689017D36232CC9002DB1E0
:10364000A94563F585020565130505253356BA00BE
:103650001343F3FF058A1A962A9606064A96031321
:103660008600E35303F48525E312B4FE63FEA40150
:1036700003C60400850433168600336ACA00212479
:103680003946E37286F00DB793762800414669B259
:10369000DA8AE684E1BF03C614009B05840089042E
:1036A0003316B60083C5E4FFB39585004D8E336AAB
:1036B000CA004124D5BD8568294593880825B3559E
:1036C000AA0085891346F6FF2E96469606064A9668
:1036D000031686000525E34406FEFDB5930506FFA7
:1036E00091E963990900C14D0290C5464DB2DA8A4D
:1036F000E684DDBF4136021601921717000013075A
:10370000E71A3297034C0700636284091B850DFF9B
:1037100002150191971500009385C519AA950546D4
:1037200003C305003B1686017D36337646010D65E1
:103730003B03C3001305C5921396090201924A95F3
:1037400032954146335A8A013B0484418145639B4B
:10375000CD001B86F9FF021601928D654A962E96C2
:103760008345C69213160302019242FC1AF897F0A1
:10377000FFFFE780406342736278BB896900ADB5A3
:1037800093762800494649B8DA8AE684E3FAA4FF2A
:1037900003C60400850433168600336ACA00212458
:1037A000A5B7DA8AE6840290D546D5B0B94563E379
:1037B0008508854563D1C50603C614009B058400B2
:1037C00089043316B60083C5E4FFB39585004D8E9A
:1037D000336ACA004124B9A8A94563F1850233566A
:1037E000BA00058A098E1306F64A06064A9603159C
:1037F0008600635105048525E313B4FE63F5A4092F
:1038000003C60400850433168600336ACA002124E7
:103810003946636186021376FA3F060613060616DA
:103820004A9603158600E34905FA1B56954079D65A
:10383000E366C4FC1376FA3F0606130606164A969C
:103840008319860063C909049BD5994093F9F91F30
:103850001306F00F335ABA000D9C6344360F63FC15
:103860007A0523803A01850A0D43054EF54E33064D
:103870009D40E35DC3F233865B416343CE0439462A
:10388000E37C86F245BF937628005D466FF0CFF863
:10389000DA8AE684A5B7A9453356BA00058A330605
:1038A00036411306F64A06064A9683198600852590
:1038B000E3C409FE71BFE14671B8DA8AE68445B710
:1038C00063E78E0203C6140083C504009104220638
:1038D0004D8E83C5E4FFC205D18D03C6F4FF620699
:1038E0004D8E33168600336ACA001B040402137619
:1038F000FA3F0606130606164A9603158600634726
:1039000005149B55954013760510AA89335ABA00C1
:103910000D9C05EA1376FA3F0606130606164A962C
:10392000031F860063430F149B559F402380AA000A
:1039300013760F10335ABA000D9C63080614850ADB
:10394000FA8993F9F91F13060010E38CC9869B8945
:10395000F9EF821993D909021717000013070735E9
:103960004E97034C07008609171600001306063011
:103970004E968319060063000C02636384130546A8
:103980003B1686017D36337646013B048441335A2B
:103990008A01BB89C90039466367860233069D40A8
:1039A000854563C4C5161376FA3F130606780606E6
:1039B0004A9603158600634005101B569540630028
:1039C0000612636EC4101377FA3F130707780607D1
:1039D0004A9703168700634A06149B559640137650
:1039E000F61F0216019217170000130727263297B9
:1039F000034C0700335ABA000D9C060697150000C9
:103A00009385C5202E96831D060063000C02636615
:103A1000841505463B1686017D36337646013B0408
:103A20008441335A8A01BB8DCD00E26713960D02A3
:103A30000192B387FA403EE063FFC712C267638C0E
:103A400007120290930650026FF06FE4A9453356B7
:103A5000BA00058A098E1306F64A06064A96031529
:103A600086008525E34505FE79BDA9453356BA0094
:103A7000058A3306E6411306F64A06064A96031FF0
:103A800086008525E3440FFE55B5A380EA01890A27
:103A9000F9BB9376280065466FF00FD8DA8AE68482
:103AA000E3F9A4FF03C60400850433168600336AD5
:103AB000CA002124D9B5A94563F385023356BA005B
:103AC000058A098E1306F67F1306063806064A96FF
:103AD00003158600E35905EE8525E311B4FE63FE68
:103AE000A40103C60400850433168600336ACA00A5
:103AF00021243946E37986EAF9B5937628006946A8
:103B00006FF08FD1DA8AE684D9BF03C714001B0691
:103B1000840089043317C70003C6E4FF3316860008
:103B2000518F336AEA00412479BDA9453357BA0061
:103B3000058B118F1307F77F1307073806074A977E
:103B4000031687008525E34306FE61BD93762800B2
:103B50006D466FF06FCCDA8AE684E3F9A4FF03C602
:103B60000400850433168600336ACA00212445B553
:103B7000DA8AE684F9B58267D6853386C740A267BC
:103B80007D8EE2673E9663F3CA00B2851395090203
:103B90000191AA9563E0BB06894563E43507E38597
:103BA00009CC034506002380AA006396B9000346AA
:103BB0001600A380CA00139609020192B29A6DB151
:103BC000930650036FF00FD9DA8AE684E3FA7AFF9E
:103BD000826713960D0201923386C740A267850A59
:103BE0007D8EE2673E968267034606008507A38FB7
:103BF000CAFE3EE04E86FD59E30806C69B09F6FF65
:103C0000F1B7034506008D0A0D06A38EAAFE0345F3
:103C1000E6FFF539238FAAFE0345F6FFA38FAAFE20
:103C2000ADBF93762800DA8AE6846FF08FB1E3FAAD
:103C3000ACFF93841C002124DA8A6FF02FD9FD1485
:103C400061346FF0EFD8630904D801A025C81D4680
:103C5000637E860222869375FA0F1B0486FF135A31
:103C60008A000326090185291B1686004D8E23280C
:103C7000C9000D46E37C36FD6FF0AFD69376280081
:103C8000130690026FF04FB9DA8AE684DD55E3F748
:103C9000A4FF03C60400850433168600336ACA00F5
:103CA0001B068400E3F985FA2124D5B79376280012
:103CB0001306A0026FF04FB6DA8AE684E3F8A4FF99
:103CC00083C50400850471BF81490144C5BFDA8AF8
:103CD000E6846FF00FD1DA8AE6846FF06FB0834527
:103CE0000700834817002107BB85D501BB88B800B2
:103CF000AD9F8345A7FFBB871701834EF7FFBB85A9
:103D000015018348B7FFAD9FBB88B8008345C7FF47
:103D1000BB871701BB8515018348D7FFAD9FBB88C3
:103D2000B8008345E7FFBB871701BB851501AD9F31
:103D3000BB8EBE00BB87D701B305C701E3E1D5FA4F
:103D400013D736000E073A9BDA88BA8563E8D502A6
:103D5000B385E64033B7E6007D176D8FB38ADA404E
:103D60008566BBFECE023A9B9386065BBBF7C70215
:103D70006FF04FA35A87330E63417DBF03CE080017
:103D800085058508BB0EDE01BB87D701C1B7C267B9
:103D90008549638207986FF0CFA3157156F562E9E4
:103DA00066E5AE8A2A8CB28C8145130600070808A6
:103DB000CAE15AF1368986EDA2E9A6E54EFD52F92F
:103DC0005EED82E882EC82F097F0FFFFE780A0FDD5
:103DD00003BB0A00FD57819333672B0163EAE70CAD
:103DE000C667666A867B89E797F7FFFF938787C870
:103DF00063160A0017FAFFFF130A2ACA2D66130674
:103E000006B185455E858297AA84715451C1AD691A
:103E100023200500AA9905478D6723A6E9B0AA9734
:103E2000021723B0E7B03D4723A4E7B023BC07AE99
:103E3000931709028193021B3EE0135B0B02354886
:103E40003C006287E2860A86E6855AE497F0FFFF27
:103E5000E78080F623A6A9B0026B2A846348050494
:103E60000DC1FD5723A6F9B06D54A6855E85029A53
:103E7000ED576316F4000129012B631B690175548A
:103E800001A883678100A6855E8523B0FA00029AA7
:103E9000EE6022854E64AE640E69EA794A7AAA7AA7
:103EA0000A7BEA6B4A6CAA6C2D618280755475BFDF
:103EB00079741304048FE9BF8D476304F50463C666
:103EC000A702054797C7DCE09387C77B630DE50032
:103ED000094797D7DCE09387E7816316E50097C72A
:103EE000DCE0938727733E858280114797D7DCE01B
:103EF00093874780E319E5FE97C7DCE093878763E4
:103F0000DDB797C7DCE09387E769F1BF797106F405
:103F100022F026EC97F0FFFFE780E0B9B7A7080092
:103F200037070837938707081CC7B72700200547BE
:103F300023ACE708B7273F0037770020938707F0C7
:103F40001CC7372500201307F047B787002023AE92
:103F5000E7C0714697C5DCE0938545311305052020
:103F600097100000E780A08B37250020714697C589
:103F7000DCE09385A52D1305452397100000E7800D
:103F8000008A372500201306000397C5DCE09385DF
:103F9000E5281305452597100000E7804088B717EE
:103FA00008003734002013040418938777907CC0EE
:103FB0003CC47CC03CC48567938707F05CDC97F009
:103FC000FFFFE780A0AD8567938707805CDC97F0F3
:103FD000FFFFE780A0AC8967938707805CDC97F0E0
:103FE000FFFFE780A0AB9167938707805CDCB94453
:103FF000171400001304C49997C7DCE083A7472D6A
:1040000063EBF40697C7DCE083E7872C8A07A29767
:104010009C43A2978287054797C7DCE023A4E7FE6D
:10402000B7870020938707C09306101094C3B7F694
:10403000800898C39386F62FD4C3B776F03793865B
:104040000677D4C794CB89669386860CD4CBB756B3
:1040500000F09386C60C94CFB70600FFD4D3B70602
:1040600014809386161094C7B707403E98C397C72D
:10407000DCE023AFE72497C7DCE083A7A7F8ADFF18
:1040800097C7DCE09387C71317C7DCE01307471314
:1040900097C6DCE09386C612639CE7320D47B707EC
:1040A000013E98C3B717003E98C3370700011307B6
:1040B0006703D8C31307005098C7370700011307D9
:1040C000071098CB3707004B13070730D8CB05678D
:1040D0001307070298CF23A6070023A2070223A4F1
:1040E000070213070006D8D7054798DB11670D07AD
:1040F00098D3B727003E1307501598C70D671307CD
:1041000007C3B706203E98CA13078020D8C323AA46
:10411000070023AC070023AE070002C41307700C8E
:10412000A247637AF72AB707000193877703B71688
:10413000003EDCC2B7070001FD173EC23706000291
:10414000D842718F630D072837070540B727002035
:10415000150723ACE70A0F00F00F02C603A7870B71
:1041600013770704630607281307400298C7B72789
:10417000003E0D47D8C797F0FFFFE780C093A270BD
:104180000274E26401454561828097C7DCE083A741
:10419000E713852717C7DCE0232AF712B78700202B
:1041A00083A707C293F70704E38707EC97C7DCE010
:1041B00023AE0710894717C7DCE0232BF71065BD36
:1041C00097C7DCE083A78710394785276367F70027
:1041D00017C7DCE0232CF70E79BD97C7DCE023A7D7
:1041E000070E8D47C9BFB737002023A00710370738
:1041F000103E85471CC3370750361CC3370751365E
:104200001CC39306F04737870020232ED7C09306A0
:10421000F007232ED7C03707803E1CC3232007009A
:10422000914751BFB787002083A707C21397170391
:104230009547E34207F881B537870020832707C2F7
:10424000B7060040D58F2320F7C23707803E5C4376
:104250009166D58F5CC39947B9BF85473707203E24
:104260001CC33707083E1CC397C7DCE023A0070622
:104270009D4791B7B787002083A787C093F70708AA
:10428000E38B07DEA14705BFB787002083A747C19F
:1042900013978702A547E34007F2F1BB414597F02A
:1042A000FFFFE7802083454597F0FFFFE78080828E
:1042B000B707112094470567130707C0D98E94C725
:1042C000B72711209447558F98C7A947EDB5B787F1
:1042D000002003A747C183A687C263D5060205470E
:1042E00097C6DCE023A2E6FE370700DB23A2E7C285
:1042F0003777F0B71307077723A6E7C023A8E7C0EF
:10430000AD4755BD1B5707011377F707B14663EE5D
:10431000E600094797C6DCE023A8E6FA370700DB8A
:1043200023A2E7C23777B0B7F1B70D4797C6DCE0F5
:1043300023ACE6F8370700FF23A2E7C23777D0B7F0
:1043400055BF9967378700209387F707232EF7C05B
:104350009307F007232EF7C017C7DCE00327C7F643
:104360008547631CF70497C7DCE023A107F6B14734
:1043700099B597C7DCE083A767F5056779178527A7
:10438000E378F7E497C7DCE023A207F4B54725B547
:10439000B7870020938707C09857370700FFD8D307
:1043A0003777D0B713070777D8C798CB19671307A4
:1043B000F707D8CF1307F007D8CFB947EDBB97C79A
:1043C000DCE023A107C445B91043110790C391074E
:1043D000E3ECD7FEE1B1A24785273EC491B3124773
:1043E00009C712477D373AC2A1BB3EC2029089BBC2
:1043F000324705273AC69DB397C7DCE09387872FDE
:104400006311F514B70700201CE197C7DCE083C7F0
:1044100067EBF99B17C7DCE02306F7EA1C612382F0
:1044200007001C612384070018618347870093E716
:1044300027002304F70018618347870093E74700AC
:104440002304F70018618347870093E717002304CC
:10445000F70018618347070193F7F70E2308F70069
:1044600018618347070193F7F70D2308F7001861D8
:104470008347470393F7D70F230AF702186183474F
:10448000470393F7E70F230AF7021861834787036F
:1044900093F7D70F230CF70218618347070393F7AD
:1044A000F70D2308F70218618347070393F7F70B0B
:1044B0002308F70218618347070393F7F7072308D8
:1044C000F70218618347870393F7770F230CF702EE
:1044D0001C6137978647130707C0238207041C61B6
:1044E000238407041C6123860704939705028193A4
:1044F0003357F7020CC5C1679B56770063F1F61678
:10450000854703380500B68863E0D71C8347C80099
:1045100093E707F82306F8001C61238207001C615B
:104520002380D70018618347C70093F7F707230656
:10453000F70018618347070393F7F7072308F7028B
:1045400005A297C7DCE09387E713631BF500B70765
:1045500010201CE197C7DCE083C7C7D6F59B5DBD83
:1045600097C7DCE09387070B631BF500B727102084
:104570001CE197C7DCE083C7E7D4ED9B61BD97C71B
:10458000DCE093872702631BF500B74710201CE18E
:1045900097C7DCE083C707D3DD9BADBD97C7DCE0E1
:1045A000938747F9631BF500B76710201CE197C795
:1045B000DCE083C727D1BD9BB1BD97C7DCE0938703
:1045C00067F0631CF500B70700281CE197C7DCE023
:1045D00083C747CF93E7170035BD97C7DCE09387C4
:1045E00067E7631CF500B70710281CE197C7DCE0FC
:1045F00083C747CD93E7270031BD97C7DCE093879A
:1046000067DE631CF500B72710281CE197C7DCE0C4
:1046100083C747CB93E74700F5BB97C7DCE0938799
:1046200067D5631CF500B74710281CE197C7DCE08D
:1046300083C747C993E78700F1BB97C7DCE093873F
:1046400067CC631CF5003767102898E397C7DCE058
:1046500083C747C793E7070175BB0290C1B30290B8
:104660001C612386C70018610CC52306C5002338CA
:104670000500233C050023300502233405022338BE
:104680000502233C050223300504233405042338A6
:104690000504233C050423300506A30605008347D3
:1046A000070393F7770F2308F7021861834747033F
:1046B00093F7B70F230AF70218618347870393F72D
:1046C000E70F230CF70282801B9366009B571700AD
:1046D000BB8767409B9676001B931700959F834688
:1046E000C800B99F3D8393E606F82306D8001461FD
:1046F000BB8767402382E60018612300170114611D
:1047000003C7C6001377F7072386E600146103C7C3
:104710000603136707F82388E6021307F00F637395
:10472000F70002901861230EF7021DBF91C503C761
:104730000500814701E782800290828003380500EE
:10474000834648010346D500558EA306C50093F65F
:104750000602FDD69B860701106185272300E6002F
:104760001397070201932E970347070001C7E395AC
:10477000F6FEE9B782801C6103C747018347D50075
:10478000D98FA306F500137507068280000000008C
:104790002A83B682054323A06200014323A262005C
:1047A000328323B462002A8323B862002E8323BCA1
:1047B00062001B03F00F620323A262000D4323A0DB
:1047C00062000F00F00F8280AA8203A3020013731D
:1047D0002300E31C03FE23A0020082802A83AE8311
:1047E00011C6230073007D16050365FE82802A83AF
:1047F00009CA83830500230073007D160503850520
:104800006DFA82802A8309CA8393050023107300FE
:104810007916090389056DFA82802A8309CA83A360
:104820000500232073007116110391056DFA828033
:104830002A8309CA83B3050023307300611621035C
:10484000A1056DFA82802A83AE832A8E233003006D
:10485000833E030013030304E34A73FE370301029C
:104860002330C321130E0E04E34C7EFE82802A8384
:10487000F32340F1854EB39E7E00B3FE6E00638746
:104880000E00F96273A00230638203008280F96235
:1048900073B00230828013000000000000000000AE
:1048A00005050400000000000203070000000000EE
:1048B00003030B00BCE5FFFF16E6FFFF18E7FFFF51
:1048C0006AE7FFFF22F4FFFF70E7FFFFEEE7FFFF5D
:1048D0001CE8FFFF22F4FFFFBCE8FFFF3AE9FFFFFF
:1048E00014EBFFFF22F4FFFF22F4FFFF84EBFFFF36
:1048F00022F4FFFFDCEDFFFF3AEEFFFFD4EEFFFFF7
:1049000022F4FFFF22F4FFFFEEEEFFFF22F4FFFF91
:10491000DCEFFFFF06F0FFFFE8F1FFFF50F2FFFFC3
:10492000A2F2FFFF22F4FFFF22F4FFFF22F4FFFFB9
:1049300022F4FFFF7AF3FFFF22F4FFFF1AF4FFFFD8
:10494000BCEBFFFF1CE7FFFFBCF2FFFFCCE8FFFF63
:104950003CE8FFFF22F4FFFFD4F3FFFF04F4FFFF66
:1049600022F4FFFF22F4FFFF22F4FFFF22F4FFFFF7
:1049700022F4FFFF22F4FFFF22F4FFFF22F4FFFFE7
:1049800076E8FFFFB6E8FFFF14F3FFFF8AF6FFFFAC
:10499000FEF7FFFF34F8FFFF5AF8FFFF98F8FFFF1C
:1049A000ACF8FFFFCEF8FFFFE8F8FFFFFCF8FFFFD1
:1049B00010F9FFFF42F9FFFFB6F9FFFFE6F9FFFF2D
:1049C00004FAFFFF32FAFFFF0000000000000000C1
:1049D00001000000200000000100000000000000B5
:1049E0000200000040000000020000000000000083
:1049F0000400000080000000030000000000000030
:104A00000800000000010000040000000000000099
:104A1000100000000002000005000000000000007F
:104A20002000000000000000060000000000000060
:104A3000400000000000000007000000000000002F
:104A400080000000000000000800000000000000DE
:104A5000000100000000000009000000000000004C
:104A600000020000000000000A000000000000003A
:104A700000040000000400000B0000000000000023
:104A800000080000000800000C000000000000000A
:104A900000100000001000000D00000000000000E9
:104AA00000200000002000000E00000000000000B8
:104AB00000400000004000000F0000000000000067
:104AC00000800000008000001000000000000000D6
:104AD00000000100020000001100000000000000C2
:104AE00000000200040000001200000000000000AE
:104AF000000004001000000013000000000000008F
:104B00000000080000001000140000000000000079
:104B10000000100000002000150000000000000050
:104B2000000020000000400016000000000000000F
:104B3000000040000000040017000000000000001A
:104B400000008000000000001800000000000000CD
:104B5000000000010000001019000000000000002B
:104B600000000002000001001A0000000000000028
:104B700000000004000008001B000000000000000E
:104B800000000008000000101C00000000000000F1
:104B900000000040080000001D00000000000000B0
:104BA00000000040080000001E000000000000009F
:104BB00000000040080000001F000000000000008E
:104BC0000000008000000020200000000100000024
:104BD00001000000000000012100000001000000B1
:104BE000020000000000000222000000010000009E
:104BF0000400000000000004230000000100000089
:104C0000080000000000000801000200030004008A
:104C10000500070009000D001100190021003100F6
:104C2000410061008100C100010181010102010315
:104C3000010401060108010C0110011801200130D6
:104C400001400160000000000000000001010202BC
:104C500003030404050506060707080809090A0AEC
:104C60000B0B0C0C0D0D00000300040005000600EA
:104C70000700080009000A000B000D000F001100DA
:104C8000130017001B001F0023002B0033003B0004
:104C900043005300630073008300A300C300E300DC
:104CA0000201000000000000000000000000000001
:104CB00001010101020202020303030304040404CC
:104CC000050505050000000010111200080709067F
:104CD0000A050B040C030D020E010F00000000007A
:104CE00001010000010000000400000000000000BD
:104CF000000001C0BEEEFFC000400208000000003E
:104D0000040000001400000003000000474E55009E
:104D1000D05F4886C51D6E4FD630E8C6BB3422A68C
:104D200029B45878000000000000000000000000D6
:104D30000000000000000000000000000000000073
:104D40000100000000000000004001080000000019
:104D50000000000000000000000000000000000053
:104D60000000000000000000000000000000000043
:104D70000000000000000000000000000000000033
:104D80001B5B324A1B5B481B5B306D0D0A4853535B
:104D90003A206465636F6D7072657373696E672026
:104DA00066726F6D20654E564D20746F204C322018
:104DB00053637261746368202E2E2E2000005061B0
:104DC000737365640D0A004661696C65640D0A00C1
:104DD000004853533A20654E564D20696D61676512
:104DE000206F726967696E616C496D6167654C65BA
:104DF0006E2065786365656473204C32207363723E
:104E000061746368706164202D2068616C74696EE0
:104E1000670D0A00004853533A206465636F6D7054
:104E200072657373696F6E206661696C6564202DAD
:104E30002068616C74696E670D0A00000000000054
:104E40000000000000000000000000000000000062
:104E50000000000000000000000000000000000052
:104E60000000000000000000000000000000000042
:104E70000000000000000000000000000000000032
:104E80000000000000000000000000000000000022
:104E9000000000000000000029082908290829084E
:104EA0002908290829082908290829082900290882
:104EB000290829082908290829082908290829086A
:104EC0002908290829082900290829082908290862
:104ED0002908290829082908290839083909290829
:104EE000290829080000000010000000111111110C
:104EF0008BB8BB005B555555353366772222223778
:104F000000000000000000000000000000000000A1
:00000001FF
